customer_id,age,gender,tenure,monthly_charges,total_charges,contract_type,payment_method,internet_service,online_security,tech_support,streaming_tv,streaming_movies,num_support_tickets,avg_monthly_usage_gb,late_payments,customer_service_calls,has_premium_support,contract_length_months,is_senior,churn
1001,52,Female,4,118.05,484.14,Two year,Bank transfer,Fiber optic,Yes,No,No,No,12,45.4,1,2,False,24,False,0
1002,42,Female,4,85.12,347.25,Two year,Bank transfer,DSL,Yes,Yes,No,No,9,66.6,1,2,False,24,False,1
1003,54,Male,29,39.06,1098.85,One year,Bank transfer,No,No,No,No,No,5,120.1,0,5,False,12,False,0
1004,67,Female,71,128.06,6305.555,Month-to-month,Electronic check,Fiber optic,Yes,Yes,Yes,Yes,8,125.6,0,3,False,1,True,0
1005,41,Male,6,102.47,608.22,Month-to-month,Electronic check,Fiber optic,Yes,Yes,No,No,8,103.4,4,5,True,1,False,1
1006,41,Female,35,111.18,3991.49,Two year,Credit card,Fiber optic,No,Yes,Yes,Yes,9,7.5,3,2,False,24,False,0
1007,68,Female,2,152.42,301.65,One year,Bank transfer,Fiber optic,No,No,Yes,Yes,6,57.9,5,3,False,12,True,1
1008,56,Male,11,71.11,799.62,Month-to-month,Credit card,DSL,No,No,Yes,Yes,7,27.4,1,3,False,1,False,1
1009,37,Female,16,94.08,1546.89,Month-to-month,Credit card,Fiber optic,Yes,Yes,No,No,7,88.8,0,2,True,1,False,1
1010,53,Female,7,56.36,376.61,Two year,Mailed check,DSL,Yes,Yes,No,No,6,84.2,1,3,False,24,False,1
1011,38,Female,18,140.1,2495.42,Two year,Bank transfer,Fiber optic,No,No,Yes,Yes,8,102.3,1,3,True,24,False,0
1012,38,Female,51,102.57,5486.5,One year,Credit card,Fiber optic,No,Yes,No,No,5,99.2,3,2,False,12,False,0
1013,48,Female,69,107.64,6305.555,One year,Credit card,Fiber optic,No,No,No,No,11,17.2,2,1,False,12,False,0
1014,18,Male,2,88.99,185.01,Month-to-month,Bank transfer,DSL,Yes,No,Yes,No,11,106.6,4,4,False,1,False,0
1015,19,Female,7,68.94,464.09,One year,Bank transfer,DSL,Yes,Yes,No,No,11,31.1,4,1,False,12,False,1
1016,36,Female,71,28.61,2082.69,One year,Credit card,No,No,No,No,No,9,80.9,0,4,False,12,False,0
1017,29,Male,7,41.22,301.52,Month-to-month,Credit card,No,No,No,No,No,10,127.2,2,5,False,1,False,1
1018,49,Female,28,39.86,1129.02,Two year,Electronic check,No,No,No,Yes,Yes,11,85.3,1,3,False,24,False,1
1019,31,Male,7,117.1,794.3,Two year,Electronic check,Fiber optic,Yes,Yes,Yes,Yes,5,46.4,3,5,False,24,False,1
1020,23,Female,10,100.25,973.17,Month-to-month,Electronic check,DSL,No,Yes,Yes,Yes,9,68.0,2,1,True,1,False,1
1021,66,Female,5,56.96,271.42,Two year,Bank transfer,No,No,Yes,Yes,Yes,4,26.0,1,3,False,24,True,0
1022,41,Male,46,67.72,3070.2,One year,Credit card,DSL,Yes,No,No,No,8,100.4,5,2,True,12,False,1
1023,46,Female,51,60.28,3100.34,One year,Electronic check,DSL,No,Yes,No,No,11,56.4,2,2,True,12,False,0
1024,23,Female,8,93.71,772.94,Two year,Credit card,DSL,No,Yes,Yes,Yes,9,31.1,2,3,False,24,False,1
1025,36,Male,41,110.29,4559.29,Month-to-month,Bank transfer,Fiber optic,Yes,Yes,Yes,No,10,101.2,0,4,False,1,False,1
1026,46,Male,10,86.2,897.52,One year,Credit card,DSL,Yes,No,Yes,Yes,12,64.4,4,3,False,12,False,1
1027,27,Female,2,101.72,207.33,Month-to-month,Electronic check,Fiber optic,No,No,Yes,Yes,4,64.2,3,2,True,1,False,1
1028,50,Male,34,83.08,2839.67,One year,Credit card,DSL,No,No,Yes,Yes,9,56.3,3,2,False,12,False,0
1029,35,Female,21,107.06,2182.17,Month-to-month,Bank transfer,DSL,Yes,No,Yes,Yes,9,16.7,1,2,True,1,False,1
1030,40,Male,7,145.72,1049.12,Month-to-month,Mailed check,Fiber optic,No,No,Yes,No,12,82.4,2,3,False,1,False,1
1031,35,Female,7,65.01,446.1,Month-to-month,Bank transfer,DSL,Yes,Yes,No,No,10,71.1,2,0,False,1,False,0
1032,72,Male,71,41.27,2918.22,Month-to-month,Credit card,No,No,No,Yes,No,6,89.9,2,5,False,1,True,1
1033,44,Male,47,63.43,2863.76,Month-to-month,Credit card,No,No,No,Yes,Yes,9,56.1,1,0,True,1,False,0
1034,29,Male,39,88.93,3312.5,Month-to-month,Credit card,DSL,No,Yes,Yes,No,14,26.8,1,2,False,1,False,1
1035,57,Male,3,72.92,217.78,One year,Credit card,No,No,No,Yes,No,8,23.9,5,3,False,12,False,1
1036,26,Male,33,119.13,3782.97,Two year,Credit card,Fiber optic,No,No,No,No,6,49.8,1,3,True,24,False,1
1037,48,Male,5,113.69,559.27,Two year,Bank transfer,Fiber optic,No,No,Yes,Yes,6,13.8,3,0,True,24,False,1
1038,18,Male,71,105.91,6305.555,Two year,Credit card,Fiber optic,Yes,No,No,No,4,9.8,3,2,False,24,False,0
1039,25,Male,1,60.4,59.37,Two year,Bank transfer,No,No,No,Yes,Yes,15,122.3,1,2,False,24,False,0
1040,47,Male,10,82.59,835.85,Month-to-month,Credit card,DSL,Yes,No,Yes,Yes,10,38.8,2,1,False,1,False,1
1041,56,Female,13,94.07,1265.83,One year,Bank transfer,DSL,No,No,Yes,No,7,29.9,5,2,True,12,False,1
1042,47,Male,41,119.67,4734.33,One year,Credit card,Fiber optic,Yes,No,Yes,No,10,59.9,2,4,False,12,False,1
1043,43,Female,34,91.19,3238.92,Month-to-month,Credit card,DSL,Yes,No,Yes,Yes,6,5.1,3,3,True,1,False,1
1044,40,Male,11,73.58,814.25,One year,Electronic check,DSL,Yes,Yes,Yes,Yes,14,52.8,1,0,False,12,False,0
1045,22,Female,20,145.52,2978.98,Month-to-month,Bank transfer,Fiber optic,Yes,No,Yes,Yes,16,76.7,2,3,True,1,False,1
1046,34,Female,43,114.5,5099.85,Two year,Bank transfer,Fiber optic,Yes,No,Yes,No,7,126.2,1,1,False,24,False,0
1047,38,Male,1,87.4,89.84,One year,Bank transfer,DSL,Yes,Yes,Yes,No,15,126.0,4,5,False,12,False,1
1048,60,Male,38,71.88,2660.74,Two year,Credit card,DSL,Yes,No,Yes,Yes,10,6.8,2,2,False,24,False,0
1049,50,Female,70,104.18,6305.555,Month-to-month,Credit card,Fiber optic,No,Yes,No,No,8,30.0,3,2,False,1,False,0
1050,18,Female,1,83.52,80.83,Month-to-month,Credit card,DSL,No,No,Yes,Yes,4,53.4,0,4,False,1,False,1
1051,49,Male,1,95.76,92.84,Two year,Electronic check,Fiber optic,Yes,No,No,No,9,45.1,5,1,False,24,False,1
1052,39,Male,10,44.66,460.2,Month-to-month,Electronic check,No,No,No,Yes,Yes,6,49.8,2,1,True,1,False,1
1053,34,Male,2,31.69,63.76,Month-to-month,Credit card,No,No,No,No,No,7,100.0,3,1,False,1,False,1
1054,54,Female,15,124.0,1790.93,One year,Credit card,Fiber optic,No,No,Yes,No,7,24.0,1,2,False,12,False,0
1055,60,Male,31,80.69,2453.62,Two year,Electronic check,DSL,No,No,No,No,7,115.0,1,3,False,24,False,0
1056,58,Male,20,74.29,1423.0,Month-to-month,Credit card,DSL,No,No,Yes,Yes,12,123.7,0,2,False,1,False,0
1057,32,Male,5,104.88,541.59,Month-to-month,Bank transfer,Fiber optic,No,Yes,Yes,Yes,15,88.8,1,3,True,1,False,1
1058,40,Male,25,42.85,1083.61,Month-to-month,Credit card,No,No,Yes,Yes,Yes,7,30.8,1,1,True,1,False,0
1059,49,Male,27,83.09,2168.15,Month-to-month,Bank transfer,DSL,Yes,No,No,No,8,86.2,2,5,False,1,False,1
1060,59,Female,64,73.67,4873.86,Month-to-month,Electronic check,DSL,Yes,Yes,Yes,Yes,6,77.2,3,2,True,1,False,0
1061,37,Female,3,125.53,391.54,Two year,Bank transfer,Fiber optic,No,No,Yes,No,3,11.8,2,0,False,24,False,0
1062,42,Male,28,87.18,2491.2,One year,Credit card,DSL,Yes,No,Yes,Yes,2,82.7,1,5,False,12,False,0
1063,28,Male,58,96.2,5578.27,Two year,Bank transfer,DSL,Yes,No,Yes,Yes,5,104.1,1,3,False,24,False,0
1064,27,Female,16,33.49,550.43,Month-to-month,Bank transfer,No,No,No,No,No,11,48.3,0,1,False,1,False,0
1065,57,Male,10,70.61,697.86,One year,Electronic check,DSL,No,Yes,No,No,9,99.2,3,2,False,12,False,0
1066,65,Female,4,61.21,243.55,Two year,Electronic check,DSL,Yes,No,No,No,7,72.6,3,4,False,24,True,0
1067,43,Male,48,102.31,4876.26,One year,Bank transfer,Fiber optic,Yes,No,No,No,8,117.4,1,1,False,12,False,0
1068,60,Female,12,99.1,1245.69,Month-to-month,Credit card,Fiber optic,Yes,Yes,No,No,10,127.4,2,4,True,1,False,1
1069,50,Female,62,85.38,5203.76,Two year,Credit card,DSL,Yes,No,No,No,9,20.5,2,5,True,24,False,0
1070,35,Male,45,107.43,4832.67,Month-to-month,Bank transfer,Fiber optic,No,No,Yes,Yes,11,59.9,1,1,False,1,False,1
1071,50,Female,11,108.54,1240.06,Two year,Electronic check,Fiber optic,Yes,Yes,Yes,No,7,106.7,4,2,True,24,False,1
1072,68,Male,20,96.65,1852.87,Month-to-month,Electronic check,Fiber optic,No,No,No,No,8,113.6,2,1,False,1,True,1
1073,44,Female,1,99.82,97.72,One year,Credit card,DSL,No,Yes,Yes,Yes,10,69.1,1,1,False,12,False,1
1074,68,Male,7,81.49,584.75,Two year,Bank transfer,DSL,Yes,Yes,No,No,6,59.0,4,3,True,24,True,0
1075,18,Male,29,102.92,3055.83,Month-to-month,Credit card,Fiber optic,Yes,No,No,No,3,60.4,1,2,False,1,False,0
1076,57,Male,27,118.06,3205.77,Month-to-month,Bank transfer,Fiber optic,No,Yes,No,No,11,6.1,4,1,True,1,False,1
1077,46,Female,10,114.92,1171.57,Month-to-month,Electronic check,Fiber optic,Yes,No,Yes,No,6,37.6,2,1,False,1,False,1
1078,40,Male,39,107.38,4097.2,Month-to-month,Mailed check,Fiber optic,No,No,Yes,Yes,8,61.6,1,2,True,1,False,1
1079,46,Male,6,104.18,634.34,Month-to-month,Bank transfer,Fiber optic,No,Yes,No,No,7,43.0,1,1,False,1,False,1
1080,18,Male,14,103.72,1386.37,One year,Electronic check,DSL,No,Yes,Yes,No,6,101.3,1,4,False,12,False,1
1081,41,Female,15,29.61,465.72,Month-to-month,Bank transfer,No,No,Yes,No,No,6,114.4,2,0,False,1,False,1
1082,50,Male,10,32.89,333.51,Month-to-month,Bank transfer,No,No,No,No,No,6,35.8,2,1,True,1,False,1
1083,67,Female,71,125.11,6305.555,Month-to-month,Credit card,Fiber optic,Yes,No,No,No,8,123.6,1,2,False,1,True,0
1084,37,Female,28,89.73,2568.05,Month-to-month,Bank transfer,DSL,No,No,Yes,No,10,98.6,1,0,False,1,False,1
1085,32,Female,18,127.36,2324.42,One year,Bank transfer,Fiber optic,Yes,No,Yes,Yes,13,54.4,3,2,False,12,False,0
1086,37,Male,17,123.42,2195.55,One year,Mailed check,Fiber optic,No,Yes,No,No,10,101.0,2,1,False,12,False,0
1087,58,Male,4,99.23,388.54,Two year,Bank transfer,DSL,No,No,Yes,Yes,7,51.4,1,1,False,24,False,1
1088,49,Female,11,125.37,1317.89,Month-to-month,Credit card,Fiber optic,Yes,No,No,No,6,43.4,2,1,False,1,False,0
1089,37,Male,26,115.49,2907.64,Month-to-month,Credit card,Fiber optic,No,No,Yes,No,8,111.5,1,0,False,1,False,0
1090,52,Male,62,134.06,6305.555,Month-to-month,Mailed check,Fiber optic,No,No,Yes,No,3,7.4,4,3,True,1,False,1
1091,46,Female,40,69.14,2693.01,Month-to-month,Electronic check,DSL,No,Yes,No,No,11,11.5,1,2,False,1,False,1
1092,59,Female,8,61.21,501.59,One year,Credit card,DSL,Yes,No,Yes,Yes,6,59.6,0,1,True,12,False,0
1093,34,Male,13,151.51,1880.51,Two year,Electronic check,Fiber optic,No,Yes,Yes,Yes,9,71.5,0,2,False,24,False,0
1094,40,Female,2,40.13,77.28,Month-to-month,Electronic check,No,No,No,Yes,Yes,8,82.6,2,1,True,1,False,1
1095,39,Male,2,136.8,268.36,Month-to-month,Bank transfer,Fiber optic,No,No,Yes,Yes,12,28.6,1,2,False,1,False,1
1096,23,Female,15,116.54,1758.64,One year,Bank transfer,Fiber optic,Yes,Yes,Yes,Yes,9,59.5,2,1,False,12,False,0
1097,49,Male,18,78.22,1378.65,One year,Electronic check,DSL,No,No,No,No,8,70.7,3,5,True,12,False,1
1098,48,Male,7,117.57,828.07,Month-to-month,Bank transfer,Fiber optic,Yes,Yes,No,No,7,86.0,1,2,True,1,False,0
1099,45,Female,24,33.58,790.73,One year,Bank transfer,No,No,No,Yes,No,10,31.4,2,0,True,12,False,0
1100,41,Male,29,110.97,3301.8,Two year,Electronic check,Fiber optic,Yes,No,No,No,7,74.4,2,0,True,24,False,0
1101,23,Male,8,63.88,523.39,Month-to-month,Electronic check,No,No,No,Yes,Yes,10,20.1,4,1,False,1,False,1
1102,38,Female,34,131.47,4599.68,Month-to-month,Bank transfer,Fiber optic,Yes,Yes,Yes,Yes,7,106.6,3,1,False,1,False,0
1103,39,Male,5,119.82,626.46,Month-to-month,Bank transfer,Fiber optic,No,No,No,No,10,35.2,1,2,False,1,False,1
1104,32,Male,18,61.71,1146.97,One year,Bank transfer,DSL,Yes,No,No,No,8,125.0,1,1,True,12,False,0
1105,42,Male,39,93.5,3766.45,Month-to-month,Bank transfer,DSL,Yes,Yes,No,No,10,110.6,2,1,False,1,False,1
1106,51,Female,18,77.5,1378.41,Two year,Bank transfer,DSL,No,No,No,No,1,51.0,5,3,False,24,False,1
1107,73,Female,57,111.94,6260.09,One year,Credit card,Fiber optic,Yes,No,No,No,8,119.4,2,1,False,12,True,0
1108,47,Female,1,86.89,84.47,Month-to-month,Bank transfer,DSL,No,No,Yes,No,6,51.3,1,0,False,1,False,0
1109,48,Female,21,111.51,2328.52,Month-to-month,Mailed check,Fiber optic,Yes,No,Yes,No,7,34.7,3,1,False,1,False,1
1110,43,Female,19,43.16,809.9,One year,Bank transfer,No,No,Yes,Yes,Yes,4,103.7,0,3,False,12,False,0
1111,18,Male,25,105.79,2571.05,Month-to-month,Bank transfer,Fiber optic,No,No,No,No,8,99.6,2,3,True,1,False,1
1112,44,Male,43,88.73,3625.31,Two year,Bank transfer,DSL,No,Yes,No,No,6,41.5,2,3,False,24,False,0
1113,45,Male,31,31.3,965.99,Month-to-month,Bank transfer,No,No,Yes,No,No,3,5.6,2,3,False,1,False,0
1114,80,Female,37,103.95,4030.99,Month-to-month,Mailed check,Fiber optic,No,No,Yes,Yes,2,103.6,0,1,False,1,True,1
1115,42,Male,8,99.19,811.77,One year,Bank transfer,Fiber optic,No,No,No,No,2,94.5,5,5,False,12,False,1
1116,49,Female,11,53.14,610.24,Month-to-month,Electronic check,No,No,Yes,Yes,Yes,5,47.0,2,1,True,1,False,1
1117,44,Male,23,40.25,925.78,One year,Electronic check,No,No,No,No,No,5,121.2,3,1,True,12,False,1
1118,27,Female,19,130.4,2598.16,Month-to-month,Credit card,Fiber optic,No,No,Yes,No,8,83.9,4,1,True,1,False,1
1119,62,Male,71,113.52,6305.555,One year,Credit card,Fiber optic,No,No,Yes,Yes,7,115.9,2,1,True,12,False,0
1120,56,Male,4,145.23,583.98,Month-to-month,Bank transfer,Fiber optic,Yes,Yes,Yes,Yes,11,96.6,1,4,False,1,False,1
1121,56,Female,10,116.66,1138.66,Month-to-month,Electronic check,Fiber optic,No,No,No,No,6,82.4,4,0,False,1,False,1
1122,31,Male,20,101.71,1979.01,One year,Credit card,Fiber optic,Yes,Yes,Yes,Yes,8,117.7,1,1,False,12,False,0
1123,66,Male,48,99.04,4961.02,Month-to-month,Credit card,Fiber optic,Yes,No,Yes,Yes,5,81.0,1,0,False,1,True,0
1124,23,Female,63,131.75,6305.555,Month-to-month,Bank transfer,Fiber optic,Yes,No,Yes,Yes,1,26.9,1,1,True,1,False,1
1125,53,Male,9,113.83,981.8,Month-to-month,Electronic check,Fiber optic,No,No,No,No,3,112.6,3,4,False,1,False,1
1126,77,Male,1,79.63,78.58,Month-to-month,Credit card,DSL,No,No,Yes,Yes,8,111.9,1,2,False,1,True,1
1127,30,Female,13,136.22,1830.72,Two year,Bank transfer,Fiber optic,No,No,Yes,Yes,8,62.8,2,0,False,24,False,0
1128,36,Female,12,108.7,1251.4,Month-to-month,Bank transfer,Fiber optic,No,No,Yes,No,7,7.1,6,1,False,1,False,1
1129,46,Female,71,43.75,2999.4,One year,Bank transfer,No,No,No,No,No,15,92.9,1,4,False,12,False,0
1130,37,Female,13,87.34,1174.68,Month-to-month,Bank transfer,DSL,No,No,No,No,8,8.1,6,0,False,1,False,1
1131,21,Female,8,53.55,436.17,Month-to-month,Mailed check,No,No,No,No,No,6,104.5,2,0,False,1,False,0
1132,46,Male,10,50.56,483.87,One year,Electronic check,No,No,No,Yes,Yes,5,61.3,2,1,False,12,False,1
1133,29,Female,12,84.68,984.02,Month-to-month,Mailed check,Fiber optic,Yes,Yes,No,No,4,105.1,4,2,False,1,False,1
1134,52,Female,41,117.57,4613.53,One year,Mailed check,Fiber optic,Yes,Yes,No,No,11,36.4,5,3,True,12,False,1
1135,31,Male,2,121.8,233.11,Month-to-month,Mailed check,Fiber optic,No,Yes,Yes,Yes,7,56.3,1,0,True,1,False,0
1136,68,Male,9,64.26,601.48,Month-to-month,Credit card,No,No,No,Yes,No,7,46.1,2,1,False,1,True,0
1137,33,Male,71,98.78,6305.555,One year,Electronic check,Fiber optic,Yes,Yes,No,No,7,57.5,2,4,False,12,False,0
1138,40,Male,3,101.98,306.34,Month-to-month,Bank transfer,DSL,No,Yes,Yes,Yes,9,56.5,2,0,False,1,False,1
1139,57,Male,32,128.69,4043.54,One year,Credit card,Fiber optic,No,No,No,No,8,99.1,2,3,False,12,False,1
1140,26,Female,10,123.56,1249.36,Month-to-month,Electronic check,Fiber optic,No,Yes,Yes,Yes,9,124.1,2,2,False,1,False,1
1141,48,Male,20,85.66,1676.46,One year,Bank transfer,DSL,Yes,No,No,No,5,97.9,2,1,False,12,False,0
1142,64,Female,2,116.3,224.28,Month-to-month,Electronic check,Fiber optic,No,No,Yes,Yes,9,79.0,3,1,True,1,False,1
1143,20,Male,8,70.72,565.01,One year,Bank transfer,DSL,No,No,No,No,10,58.5,3,2,True,12,False,0
1144,47,Female,16,80.3,1329.16,Two year,Electronic check,Fiber optic,Yes,Yes,No,No,5,128.8,1,1,False,24,False,0
1145,48,Male,6,114.79,701.47,Month-to-month,Credit card,Fiber optic,Yes,No,Yes,Yes,8,21.2,3,0,True,1,False,1
1146,56,Female,18,46.72,864.92,Month-to-month,Electronic check,No,No,No,Yes,Yes,12,87.1,3,3,False,1,False,1
1147,26,Female,5,119.22,576.95,Two year,Bank transfer,Fiber optic,No,Yes,Yes,Yes,4,38.6,1,0,False,24,False,0
1148,25,Female,25,103.03,2694.64,Month-to-month,Credit card,Fiber optic,No,No,No,No,8,96.4,2,3,False,1,False,1
1149,52,Female,56,47.82,2564.22,One year,Bank transfer,No,No,No,No,No,9,39.9,2,1,False,12,False,0
1150,49,Female,2,131.11,262.49,Two year,Bank transfer,Fiber optic,No,No,Yes,Yes,6,26.4,3,2,True,24,False,0
1151,48,Female,5,107.41,530.18,One year,Bank transfer,Fiber optic,Yes,Yes,Yes,No,7,82.7,4,2,False,12,False,1
1152,50,Female,44,81.91,3637.29,Month-to-month,Electronic check,DSL,No,Yes,No,No,6,119.5,1,1,False,1,False,0
1153,34,Female,23,136.46,3276.93,Month-to-month,Electronic check,Fiber optic,Yes,No,Yes,Yes,8,56.3,1,2,False,1,False,0
1154,48,Female,1,66.51,63.92,Month-to-month,Bank transfer,DSL,No,No,No,No,6,57.6,5,3,False,1,False,1
1155,49,Female,15,38.56,557.12,Month-to-month,Bank transfer,No,No,Yes,Yes,No,10,86.2,1,3,True,1,False,1
1156,34,Male,5,109.06,536.29,Month-to-month,Electronic check,DSL,Yes,Yes,Yes,Yes,7,93.0,3,4,False,1,False,1
1157,72,Female,5,72.47,367.47,One year,Credit card,DSL,No,No,Yes,Yes,9,36.2,2,0,False,12,True,1
1158,52,Female,67,76.97,4974.61,Month-to-month,Bank transfer,DSL,No,No,No,No,6,95.4,4,5,False,1,False,1
1159,27,Male,34,96.11,3147.01,Two year,Electronic check,DSL,No,No,Yes,No,6,65.0,5,3,False,24,False,0
1160,54,Female,28,107.57,3099.82,Two year,Credit card,Fiber optic,No,No,Yes,No,6,120.6,2,4,False,24,False,1
1161,30,Female,6,127.63,788.36,Two year,Electronic check,Fiber optic,No,No,Yes,Yes,5,51.0,0,1,True,24,False,0
1162,56,Male,3,32.4,98.95,Month-to-month,Bank transfer,No,No,Yes,Yes,Yes,7,52.0,2,2,False,1,False,0
1163,62,Male,49,75.19,3651.34,One year,Credit card,DSL,Yes,No,No,No,9,128.7,2,2,True,12,False,0
1164,32,Female,1,77.69,78.26,Month-to-month,Electronic check,DSL,Yes,No,Yes,Yes,7,108.6,1,3,False,1,False,1
1165,59,Male,11,131.83,1466.81,Month-to-month,Electronic check,Fiber optic,Yes,No,Yes,Yes,7,11.2,2,3,False,1,False,1
1166,51,Female,7,69.59,495.85,One year,Mailed check,DSL,Yes,No,Yes,Yes,16,58.2,0,1,True,12,False,1
1167,57,Female,20,48.2,938.32,Two year,Bank transfer,No,No,Yes,No,No,9,115.2,2,1,False,24,False,1
1168,73,Female,6,122.5,736.15,Month-to-month,Mailed check,Fiber optic,Yes,Yes,Yes,No,8,113.1,2,3,True,1,True,0
1169,41,Male,8,87.95,738.65,Month-to-month,Bank transfer,Fiber optic,No,No,No,No,7,67.3,1,1,False,1,False,1
1170,33,Female,45,71.45,3111.05,Month-to-month,Mailed check,DSL,No,No,No,No,6,117.6,0,2,True,1,False,0
1171,31,Female,22,64.14,1351.46,One year,Bank transfer,DSL,No,Yes,No,No,9,27.6,4,0,False,12,False,0
1172,32,Male,3,115.16,330.6,Two year,Bank transfer,Fiber optic,No,Yes,No,No,8,98.8,3,3,True,24,False,1
1173,43,Female,31,132.26,4168.55,Month-to-month,Credit card,Fiber optic,No,No,Yes,Yes,16,79.7,3,3,False,1,False,1
1174,50,Female,5,48.66,250.96,Month-to-month,Electronic check,No,No,No,No,No,4,59.1,2,2,True,1,False,1
1175,49,Female,13,122.52,1550.92,Two year,Mailed check,Fiber optic,Yes,Yes,Yes,Yes,10,9.1,1,4,False,24,False,0
1176,57,Female,24,114.85,2628.01,Month-to-month,Bank transfer,Fiber optic,No,Yes,No,No,13,14.2,1,3,False,1,False,1
1177,45,Female,7,53.67,383.76,One year,Credit card,No,No,No,Yes,Yes,4,59.3,1,1,False,12,False,0
1178,66,Female,11,68.35,770.45,Month-to-month,Credit card,DSL,Yes,No,Yes,No,4,37.2,3,3,True,1,True,0
1179,41,Male,31,98.22,2972.85,Month-to-month,Electronic check,Fiber optic,Yes,No,No,No,11,110.8,1,2,False,1,False,0
1180,80,Female,66,90.41,5677.65,Month-to-month,Electronic check,DSL,No,Yes,Yes,Yes,8,91.1,4,1,False,1,True,1
1181,54,Female,18,123.29,2285.69,One year,Mailed check,Fiber optic,No,No,No,No,6,128.7,1,3,True,12,False,0
1182,32,Male,1,110.65,109.11,Month-to-month,Credit card,Fiber optic,No,Yes,No,No,6,118.5,3,0,True,1,False,0
1183,28,Female,9,109.95,991.5,Month-to-month,Electronic check,Fiber optic,No,Yes,No,No,12,90.1,3,0,False,1,False,1
1184,52,Female,12,83.61,1043.45,Month-to-month,Electronic check,DSL,No,No,Yes,Yes,11,40.7,1,4,False,1,False,1
1185,41,Male,9,111.64,975.18,One year,Bank transfer,Fiber optic,Yes,Yes,Yes,Yes,4,100.7,2,6,False,12,False,1
1186,55,Male,13,39.98,500.52,Two year,Bank transfer,No,No,No,No,No,12,82.2,0,3,False,24,False,0
1187,52,Male,24,43.76,1058.85,Two year,Bank transfer,No,No,No,Yes,Yes,4,109.9,3,4,False,24,False,0
1188,43,Male,3,137.19,418.4,Month-to-month,Bank transfer,Fiber optic,Yes,Yes,Yes,No,7,103.2,2,0,False,1,False,1
1189,32,Male,7,86.79,601.06,Two year,Electronic check,DSL,Yes,No,Yes,Yes,9,65.1,1,0,True,24,False,0
1190,22,Male,17,23.87,386.79,Month-to-month,Mailed check,No,No,Yes,No,No,7,35.9,3,1,False,1,False,0
1191,38,Male,9,52.37,451.97,Month-to-month,Credit card,No,No,No,Yes,Yes,6,25.5,1,1,False,1,False,0
1192,57,Female,71,75.58,5315.28,One year,Credit card,DSL,No,Yes,Yes,No,10,125.0,5,0,False,12,False,0
1193,48,Female,13,84.53,1068.16,Month-to-month,Credit card,DSL,Yes,No,Yes,No,7,30.5,1,4,False,1,False,0
1194,26,Female,48,58.5,2756.03,Month-to-month,Credit card,No,No,No,Yes,No,8,127.4,1,3,True,1,False,0
1195,47,Male,54,56.69,3073.11,Month-to-month,Mailed check,No,No,No,Yes,Yes,4,60.9,5,4,False,1,False,1
1196,50,Female,43,65.86,2706.2,One year,Electronic check,DSL,No,Yes,No,No,10,90.7,1,3,False,12,False,0
1197,31,Male,1,50.26,48.89,Month-to-month,Bank transfer,No,No,No,Yes,Yes,10,37.4,2,4,True,1,False,1
1198,47,Female,70,134.32,6305.555,Month-to-month,Electronic check,Fiber optic,Yes,Yes,Yes,No,7,105.4,2,2,False,1,False,1
1199,45,Female,3,39.06,113.29,Two year,Credit card,No,No,No,No,No,9,99.7,0,3,False,24,False,1
1200,27,Female,1,108.0,105.83,One year,Electronic check,Fiber optic,Yes,No,Yes,Yes,6,61.3,1,0,True,12,False,1
1201,50,Female,12,126.53,1511.84,One year,Electronic check,Fiber optic,No,No,Yes,Yes,8,78.8,0,2,False,12,False,0
1202,53,Male,5,65.21,315.04,Month-to-month,Credit card,DSL,Yes,Yes,No,No,7,10.0,2,5,False,1,False,1
1203,61,Male,4,38.27,157.04,Month-to-month,Bank transfer,No,No,No,Yes,No,9,30.5,3,5,False,1,False,1
1204,60,Female,8,126.56,964.69,Month-to-month,Credit card,Fiber optic,Yes,No,Yes,Yes,12,118.0,4,2,True,1,False,1
1205,24,Male,6,127.43,759.11,One year,Bank transfer,Fiber optic,Yes,Yes,No,No,7,76.1,1,4,True,12,False,0
1206,30,Male,27,95.34,2586.22,One year,Credit card,DSL,Yes,Yes,Yes,Yes,7,109.7,1,0,False,12,False,0
1207,52,Female,4,136.93,527.14,Two year,Mailed check,Fiber optic,No,No,Yes,Yes,9,115.0,1,0,False,24,False,1
1208,52,Male,18,114.05,2091.44,Month-to-month,Electronic check,Fiber optic,Yes,Yes,Yes,Yes,2,67.1,2,2,False,1,False,1
1209,52,Male,71,110.7,6305.555,Month-to-month,Credit card,DSL,No,No,Yes,No,13,56.7,2,3,True,1,False,0
1210,80,Male,13,68.61,896.94,Month-to-month,Electronic check,DSL,No,Yes,No,No,14,25.3,1,1,False,1,True,1
1211,53,Male,24,82.95,2069.84,Month-to-month,Electronic check,DSL,Yes,Yes,No,No,9,89.9,1,2,True,1,False,1
1212,62,Female,71,130.69,6305.555,Month-to-month,Credit card,Fiber optic,Yes,Yes,Yes,Yes,8,52.8,3,2,True,1,False,1
1213,59,Female,3,109.64,331.25,Two year,Electronic check,Fiber optic,No,No,Yes,Yes,7,75.4,3,4,True,24,False,1
1214,54,Male,13,78.74,1056.82,One year,Mailed check,DSL,No,No,No,No,12,78.5,4,3,False,12,False,1
1215,40,Female,45,77.12,3371.59,Month-to-month,Bank transfer,DSL,Yes,No,No,No,9,115.0,0,2,False,1,False,0
1216,56,Female,64,128.43,6305.555,One year,Bank transfer,Fiber optic,No,Yes,Yes,No,15,63.4,3,0,False,12,False,0
1217,33,Female,22,82.12,1720.17,Month-to-month,Bank transfer,DSL,No,No,No,No,4,74.4,4,4,False,1,False,1
1218,41,Male,3,98.79,288.81,Two year,Credit card,Fiber optic,Yes,No,No,No,9,82.3,3,3,False,24,False,1
1219,37,Male,55,130.48,6305.555,One year,Credit card,Fiber optic,Yes,No,No,No,9,57.0,1,2,False,12,False,0
1220,46,Female,4,145.02,570.75,Month-to-month,Electronic check,Fiber optic,Yes,Yes,Yes,No,7,21.9,2,1,False,1,False,1
1221,79,Female,10,111.5,1112.7,One year,Credit card,Fiber optic,No,No,No,No,6,61.3,0,3,False,12,True,1
1222,18,Male,11,61.63,647.95,One year,Electronic check,DSL,No,Yes,No,No,6,12.1,1,1,False,12,False,0
1223,55,Female,14,92.03,1337.57,Month-to-month,Bank transfer,DSL,Yes,Yes,Yes,No,9,29.3,0,2,False,1,False,1
1224,20,Male,37,93.7,3435.68,Month-to-month,Credit card,Fiber optic,No,Yes,Yes,No,7,98.3,2,5,False,1,False,1
1225,37,Female,38,52.53,2053.65,Month-to-month,Credit card,No,No,Yes,Yes,Yes,9,83.0,1,3,False,1,False,0
1226,61,Male,30,113.69,3245.8,Month-to-month,Bank transfer,Fiber optic,Yes,Yes,No,No,8,104.0,0,3,False,1,False,1
1227,45,Male,1,71.24,72.66,Month-to-month,Bank transfer,DSL,Yes,No,Yes,Yes,8,84.9,3,0,True,1,False,1
1228,28,Male,19,129.35,2458.0,One year,Bank transfer,Fiber optic,Yes,Yes,No,No,4,64.1,6,0,False,12,False,1
1229,34,Male,33,58.86,1895.77,Month-to-month,Electronic check,No,No,No,Yes,Yes,12,44.6,1,4,False,1,False,1
1230,55,Female,14,134.94,1929.93,One year,Credit card,Fiber optic,Yes,No,Yes,No,11,69.7,1,1,False,12,False,0
1231,34,Male,69,44.8,3088.25,Two year,Bank transfer,No,No,No,No,No,14,97.8,0,0,False,24,False,1
1232,48,Female,41,70.49,2919.35,One year,Credit card,DSL,Yes,Yes,Yes,Yes,10,6.7,3,3,False,12,False,1
1233,45,Male,24,143.99,3536.96,One year,Bank transfer,Fiber optic,No,No,Yes,Yes,8,29.7,2,0,True,12,False,1
1234,35,Male,1,92.67,88.87,Two year,Credit card,Fiber optic,Yes,No,No,No,11,15.5,1,2,False,24,False,1
1235,77,Female,25,118.54,3019.63,One year,Bank transfer,Fiber optic,No,No,No,No,8,62.4,1,3,False,12,True,0
1236,54,Female,58,138.96,6305.555,Month-to-month,Electronic check,Fiber optic,Yes,No,Yes,Yes,4,64.9,2,0,False,1,False,1
1237,18,Female,11,111.12,1274.93,Month-to-month,Bank transfer,Fiber optic,Yes,No,No,No,4,84.1,0,0,False,1,False,1
1238,47,Male,43,141.92,6305.555,One year,Mailed check,Fiber optic,No,No,Yes,Yes,6,64.9,3,2,False,12,False,1
1239,35,Male,9,50.16,462.84,One year,Credit card,No,No,No,Yes,No,10,117.7,0,2,True,12,False,0
1240,57,Female,20,67.61,1383.72,Two year,Bank transfer,DSL,Yes,No,Yes,Yes,11,87.8,4,3,True,24,False,0
1241,33,Male,25,114.0,2959.68,One year,Credit card,Fiber optic,No,Yes,Yes,Yes,9,127.7,1,3,False,12,False,0
1242,43,Female,27,51.82,1440.53,Two year,Bank transfer,No,No,Yes,No,No,10,67.9,2,4,False,24,False,1
1243,52,Male,51,76.08,4059.5,Month-to-month,Credit card,DSL,No,Yes,No,No,10,34.3,3,1,True,1,False,1
1244,57,Male,6,121.92,758.09,One year,Electronic check,Fiber optic,No,No,No,No,6,89.5,5,3,False,12,False,1
1245,26,Male,7,73.25,504.01,Two year,Bank transfer,DSL,No,No,No,No,9,14.6,2,1,False,24,False,0
1246,39,Female,29,100.79,2980.76,Month-to-month,Electronic check,DSL,No,Yes,Yes,Yes,8,125.7,2,3,False,1,False,0
1247,37,Male,4,33.22,137.74,Month-to-month,Electronic check,No,No,Yes,No,No,5,92.6,3,2,False,1,False,1
1248,35,Female,14,125.53,1811.93,Month-to-month,Mailed check,Fiber optic,No,No,Yes,Yes,15,34.5,2,2,False,1,False,1
1249,71,Female,1,141.0,142.73,One year,Bank transfer,Fiber optic,No,Yes,Yes,No,9,115.5,2,0,True,12,True,1
1250,51,Male,3,94.08,282.34,Month-to-month,Credit card,DSL,Yes,No,Yes,Yes,5,5.5,2,1,True,1,False,1
1251,26,Female,27,67.21,1739.07,One year,Bank transfer,DSL,Yes,No,No,No,9,28.4,3,2,False,12,False,1
1252,58,Female,33,49.54,1605.47,Month-to-month,Credit card,No,No,No,Yes,Yes,11,107.5,0,2,False,1,False,0
1253,76,Male,2,99.21,200.51,Month-to-month,Electronic check,Fiber optic,Yes,Yes,No,No,6,35.0,1,2,False,1,True,1
1254,60,Female,6,84.08,508.41,Two year,Credit card,DSL,Yes,Yes,No,No,11,42.5,2,3,True,24,False,0
1255,22,Female,2,51.11,104.77,Month-to-month,Mailed check,No,No,Yes,Yes,No,10,125.6,0,1,False,1,False,1
1256,37,Male,13,124.71,1682.21,Month-to-month,Bank transfer,Fiber optic,Yes,No,Yes,Yes,11,35.0,3,4,True,1,False,1
1257,64,Male,3,108.29,326.88,Month-to-month,Bank transfer,Fiber optic,Yes,Yes,No,No,8,122.1,1,6,False,1,False,1
1258,34,Male,13,116.78,1539.81,One year,Electronic check,Fiber optic,Yes,Yes,No,No,7,63.5,1,2,False,12,False,0
1259,51,Female,31,83.06,2555.77,Month-to-month,Credit card,DSL,Yes,No,No,No,11,79.8,1,1,False,1,False,1
1260,56,Female,27,105.58,2724.85,Month-to-month,Electronic check,Fiber optic,No,No,Yes,Yes,11,13.6,3,1,True,1,False,1
1261,31,Male,7,108.7,747.74,Two year,Mailed check,Fiber optic,Yes,Yes,Yes,Yes,11,54.4,1,1,False,24,False,0
1262,44,Female,26,67.35,1758.02,Month-to-month,Credit card,DSL,Yes,No,No,No,5,98.7,3,4,True,1,False,1
1263,18,Male,63,129.66,6305.555,Month-to-month,Electronic check,Fiber optic,No,No,Yes,Yes,6,20.3,1,2,False,1,False,1
1264,29,Male,10,70.57,710.16,Month-to-month,Credit card,DSL,Yes,Yes,No,No,3,51.6,1,1,True,1,False,0
1265,41,Male,9,98.49,897.53,Month-to-month,Electronic check,Fiber optic,No,No,Yes,Yes,12,109.3,2,0,False,1,False,1
1266,26,Female,20,70.06,1340.81,Month-to-month,Electronic check,DSL,No,Yes,No,No,11,126.7,2,3,False,1,False,1
1267,69,Female,6,53.35,304.49,One year,Credit card,No,No,Yes,Yes,Yes,4,117.0,1,2,True,12,True,0
1268,23,Male,25,34.42,837.09,Two year,Bank transfer,No,No,No,No,No,7,89.6,4,0,False,24,False,0
1269,38,Male,42,77.79,3279.63,Month-to-month,Credit card,DSL,No,No,No,No,6,74.5,4,3,False,1,False,1
1270,46,Female,14,58.31,803.3,One year,Mailed check,No,No,No,Yes,No,7,123.0,1,1,True,12,False,0
1271,66,Male,27,133.04,3621.4,Month-to-month,Credit card,Fiber optic,Yes,No,Yes,Yes,6,72.0,3,1,False,1,True,0
1272,23,Female,25,95.45,2419.18,One year,Mailed check,Fiber optic,No,No,No,No,5,75.7,1,3,False,12,False,1
1273,62,Male,1,97.6,94.43,Month-to-month,Mailed check,Fiber optic,No,No,No,No,7,118.7,2,0,False,1,False,1
1274,45,Male,4,94.2,380.08,Month-to-month,Credit card,DSL,No,Yes,Yes,Yes,10,85.9,5,2,False,1,False,1
1275,30,Female,53,91.53,5091.64,Month-to-month,Bank transfer,DSL,Yes,Yes,Yes,Yes,11,33.3,3,2,False,1,False,0
1276,51,Female,67,84.52,5924.71,Month-to-month,Bank transfer,DSL,Yes,No,Yes,Yes,15,5.5,1,0,True,1,False,1
1277,47,Female,36,91.59,3248.85,One year,Credit card,Fiber optic,No,No,No,No,8,63.3,1,2,False,12,False,1
1278,35,Female,60,96.61,5624.81,One year,Bank transfer,DSL,Yes,No,Yes,Yes,7,90.6,3,3,False,12,False,0
1279,46,Female,8,99.6,829.17,Month-to-month,Credit card,Fiber optic,No,Yes,Yes,Yes,10,51.5,1,1,True,1,False,1
1280,39,Male,6,77.91,479.23,Two year,Electronic check,DSL,No,No,Yes,No,13,109.8,3,2,False,24,False,0
1281,46,Male,11,103.09,1104.14,Month-to-month,Credit card,Fiber optic,Yes,No,Yes,No,6,103.4,2,2,False,1,False,0
1282,54,Female,1,71.26,70.06,One year,Bank transfer,DSL,Yes,No,No,No,8,55.0,3,0,False,12,False,0
1283,68,Female,39,85.0,3292.1,Month-to-month,Electronic check,DSL,No,No,Yes,Yes,9,90.9,2,3,True,1,True,1
1284,26,Male,71,104.88,6305.555,Month-to-month,Credit card,DSL,No,Yes,Yes,Yes,10,111.9,1,2,False,1,False,1
1285,76,Male,41,119.58,4959.11,Month-to-month,Bank transfer,Fiber optic,No,No,Yes,Yes,7,113.7,3,3,True,1,True,0
1286,18,Female,19,34.09,662.19,Month-to-month,Bank transfer,No,No,Yes,No,No,1,124.4,4,1,True,1,False,1
1287,42,Female,8,74.18,617.15,Month-to-month,Credit card,DSL,No,No,Yes,Yes,7,99.7,2,3,False,1,False,0
1288,53,Male,5,109.66,530.55,One year,Electronic check,Fiber optic,Yes,Yes,Yes,Yes,9,59.9,1,0,True,12,False,0
1289,49,Female,10,39.72,391.86,One year,Credit card,No,No,No,Yes,Yes,8,112.5,2,4,False,12,False,0
1290,35,Male,26,41.27,1099.82,One year,Electronic check,No,No,Yes,Yes,Yes,9,45.6,4,2,False,12,False,1
1291,41,Male,14,90.33,1289.42,Two year,Electronic check,Fiber optic,Yes,No,No,No,8,16.1,0,4,False,24,False,1
1292,37,Female,65,84.96,5742.5,Two year,Credit card,DSL,No,Yes,No,No,9,28.1,0,4,False,24,False,0
1293,36,Male,46,76.16,3576.7,One year,Bank transfer,DSL,No,No,No,No,7,106.3,2,2,False,12,False,1
1294,57,Male,2,93.03,178.9,One year,Credit card,DSL,No,No,Yes,Yes,8,117.6,2,2,False,12,False,1
1295,50,Male,3,114.05,349.67,Month-to-month,Electronic check,Fiber optic,Yes,No,No,No,10,103.1,2,5,False,1,False,1
1296,34,Female,27,117.71,3028.73,Two year,Bank transfer,Fiber optic,Yes,No,Yes,Yes,10,36.2,2,3,True,24,False,1
1297,58,Male,6,140.33,847.19,Two year,Bank transfer,Fiber optic,No,No,Yes,Yes,9,76.0,2,2,False,24,False,0
1298,49,Female,37,99.25,3734.62,Month-to-month,Credit card,DSL,Yes,No,Yes,No,5,42.6,4,0,False,1,False,0
1299,57,Male,21,87.9,1905.92,Month-to-month,Credit card,DSL,Yes,Yes,Yes,No,9,116.2,3,0,False,1,False,1
1300,54,Male,6,49.07,297.38,Two year,Bank transfer,No,No,Yes,Yes,Yes,8,32.6,0,0,False,24,False,0
1301,32,Male,15,36.14,549.43,Month-to-month,Credit card,No,No,No,No,No,8,97.7,2,4,False,1,False,0
1302,36,Male,12,117.33,1358.98,Month-to-month,Credit card,Fiber optic,Yes,No,No,No,9,59.1,4,1,False,1,False,1
1303,56,Male,49,104.77,4909.07,Month-to-month,Credit card,DSL,Yes,No,Yes,Yes,8,28.4,2,2,True,1,False,0
1304,54,Female,1,50.05,48.06,Month-to-month,Bank transfer,No,No,No,Yes,Yes,2,65.0,1,1,False,1,False,1
1305,44,Female,54,74.04,3890.17,Month-to-month,Credit card,DSL,Yes,Yes,No,No,4,79.7,0,3,True,1,False,1
1306,46,Male,25,115.97,2883.88,Month-to-month,Credit card,Fiber optic,Yes,Yes,Yes,Yes,5,64.0,4,1,True,1,False,1
1307,64,Female,32,71.98,2278.68,Month-to-month,Bank transfer,DSL,Yes,No,No,No,12,19.5,3,2,False,1,False,1
1308,36,Female,1,108.66,106.5,Two year,Mailed check,Fiber optic,Yes,Yes,No,No,4,8.7,2,0,False,24,False,0
1309,53,Male,23,127.71,3051.38,Month-to-month,Credit card,Fiber optic,Yes,Yes,No,No,6,56.4,1,3,False,1,False,0
1310,41,Female,21,38.07,766.53,Month-to-month,Mailed check,No,No,Yes,No,No,8,59.8,6,4,False,1,False,1
1311,41,Female,18,102.85,1785.42,Month-to-month,Bank transfer,Fiber optic,No,Yes,No,No,5,81.2,3,3,False,1,False,0
1312,61,Female,36,36.8,1316.19,Month-to-month,Mailed check,No,No,Yes,No,No,9,54.7,3,0,False,1,False,1
1313,57,Female,19,115.35,2110.47,Two year,Credit card,Fiber optic,No,No,No,No,10,10.2,2,2,False,24,False,0
1314,57,Male,46,95.22,4229.26,Two year,Bank transfer,Fiber optic,No,No,No,No,7,129.0,5,1,False,24,False,1
1315,64,Female,6,84.05,527.86,Month-to-month,Electronic check,DSL,Yes,No,Yes,No,7,45.5,1,0,True,1,False,1
1316,45,Male,39,65.73,2561.99,Month-to-month,Bank transfer,DSL,No,Yes,No,No,9,30.2,1,1,False,1,False,0
1317,55,Male,4,90.25,346.74,One year,Electronic check,Fiber optic,No,No,No,No,9,36.0,1,2,True,12,False,1
1318,40,Female,40,33.0,1260.86,Month-to-month,Electronic check,No,No,No,No,No,13,108.7,2,3,False,1,False,1
1319,49,Male,67,92.74,6305.555,Month-to-month,Electronic check,DSL,No,No,No,No,11,110.4,0,0,False,1,False,0
1320,43,Female,9,61.61,548.09,Month-to-month,Bank transfer,DSL,No,Yes,No,No,9,116.8,2,2,False,1,False,0
1321,46,Male,18,58.95,1038.23,Two year,Electronic check,DSL,Yes,No,No,No,11,61.0,6,1,True,24,False,1
1322,53,Female,25,32.42,825.72,Month-to-month,Electronic check,No,No,Yes,Yes,No,15,53.1,3,2,False,1,False,1
1323,32,Female,1,90.83,92.63,Month-to-month,Electronic check,DSL,No,No,Yes,No,6,111.2,3,3,False,1,False,1
1324,76,Male,16,95.08,1500.05,Month-to-month,Electronic check,DSL,No,No,Yes,Yes,10,125.0,3,2,True,1,True,1
1325,29,Female,10,74.63,779.94,Month-to-month,Electronic check,DSL,Yes,Yes,No,No,9,32.1,2,3,False,1,False,1
1326,26,Female,49,85.23,4134.47,One year,Credit card,DSL,No,No,Yes,Yes,4,62.1,0,1,False,12,False,0
1327,62,Female,50,109.05,5386.86,Month-to-month,Credit card,Fiber optic,Yes,No,Yes,Yes,4,100.3,1,3,False,1,False,1
1328,56,Female,28,50.48,1452.71,Two year,Mailed check,No,No,Yes,Yes,Yes,3,122.1,4,2,True,24,False,0
1329,54,Male,25,73.46,1894.52,Month-to-month,Bank transfer,DSL,Yes,Yes,Yes,Yes,8,61.8,0,2,False,1,False,1
1330,54,Male,31,78.97,2395.98,Month-to-month,Bank transfer,DSL,No,No,No,No,7,46.5,4,2,True,1,False,0
1331,44,Male,10,60.48,616.24,Month-to-month,Electronic check,No,No,No,Yes,Yes,11,10.8,4,1,False,1,False,1
1332,31,Female,12,64.2,781.13,One year,Electronic check,No,No,No,Yes,Yes,8,87.8,2,5,False,12,False,1
1333,46,Male,19,74.39,1347.5,Month-to-month,Electronic check,DSL,No,No,No,No,8,76.0,2,1,False,1,False,1
1334,34,Female,66,64.86,4150.37,Month-to-month,Credit card,DSL,Yes,No,No,No,6,73.3,4,5,True,1,False,0
1335,59,Female,30,41.79,1203.62,One year,Bank transfer,No,No,Yes,Yes,Yes,10,61.2,4,1,False,12,False,0
1336,42,Female,19,93.97,1854.22,Month-to-month,Electronic check,Fiber optic,No,No,No,No,6,60.2,1,3,False,1,False,1
1337,32,Male,35,52.75,1930.38,Two year,Bank transfer,No,No,No,Yes,Yes,5,37.9,4,4,False,24,False,1
1338,40,Male,11,77.47,879.86,Month-to-month,Credit card,DSL,No,Yes,No,No,11,35.1,3,1,False,1,False,1
1339,51,Male,31,120.23,3656.72,Month-to-month,Credit card,Fiber optic,Yes,No,Yes,No,6,74.6,1,3,False,1,False,1
1340,36,Male,12,135.24,1681.33,One year,Credit card,Fiber optic,No,No,Yes,Yes,4,114.5,1,0,False,12,False,0
1341,32,Female,7,57.22,382.84,Month-to-month,Credit card,No,No,No,Yes,No,8,99.4,2,1,False,1,False,1
1342,48,Male,22,58.43,1309.28,One year,Bank transfer,No,No,No,Yes,Yes,9,122.2,4,0,False,12,False,0
1343,48,Male,27,89.2,2317.87,Month-to-month,Bank transfer,DSL,Yes,Yes,Yes,No,3,106.2,1,4,True,1,False,1
1344,37,Male,14,141.82,1888.7,Month-to-month,Mailed check,Fiber optic,Yes,No,Yes,Yes,7,38.4,1,1,False,1,False,1
1345,37,Male,20,87.92,1701.33,Two year,Bank transfer,DSL,No,No,No,No,6,71.4,4,2,False,24,False,0
1346,48,Female,28,116.65,3417.56,One year,Credit card,Fiber optic,No,No,Yes,Yes,7,124.5,2,2,False,12,False,1
1347,23,Male,35,88.5,3176.24,Month-to-month,Credit card,Fiber optic,Yes,No,No,No,5,105.3,1,2,True,1,False,1
1348,23,Male,54,38.57,2086.54,Month-to-month,Credit card,No,No,Yes,No,No,7,64.0,4,1,False,1,False,0
1349,34,Male,10,106.23,1108.72,Month-to-month,Credit card,DSL,Yes,No,Yes,No,7,56.7,1,5,False,1,False,1
1350,41,Female,71,73.59,5254.05,One year,Bank transfer,DSL,Yes,No,No,No,10,14.8,3,2,False,12,False,1
1351,49,Male,24,71.5,1637.11,Two year,Bank transfer,DSL,No,No,Yes,Yes,3,31.7,2,2,False,24,False,0
1352,67,Male,37,69.52,2596.57,Month-to-month,Bank transfer,DSL,No,No,No,No,5,65.1,4,2,False,1,True,1
1353,57,Male,28,79.2,2290.42,Month-to-month,Credit card,DSL,Yes,Yes,No,No,6,20.9,4,1,False,1,False,0
1354,42,Female,5,50.42,246.71,Month-to-month,Bank transfer,No,No,Yes,No,No,10,13.2,5,3,False,1,False,1
1355,44,Female,1,102.38,100.51,Month-to-month,Bank transfer,Fiber optic,Yes,No,No,No,6,42.4,2,1,False,1,False,1
1356,29,Male,31,127.7,4026.61,One year,Electronic check,Fiber optic,Yes,No,Yes,Yes,8,45.2,0,5,False,12,False,1
1357,44,Male,17,52.7,923.18,Month-to-month,Credit card,No,No,No,Yes,No,8,63.6,1,3,True,1,False,0
1358,40,Female,29,48.47,1396.36,Month-to-month,Credit card,No,No,Yes,Yes,Yes,5,28.5,3,0,False,1,False,0
1359,49,Female,15,119.4,1717.38,Month-to-month,Bank transfer,Fiber optic,Yes,No,Yes,Yes,8,79.1,3,2,True,1,False,0
1360,32,Female,8,83.56,684.96,Month-to-month,Credit card,DSL,Yes,No,No,No,11,36.8,4,3,False,1,False,0
1361,52,Female,8,95.18,755.85,Month-to-month,Credit card,DSL,No,No,Yes,Yes,7,128.3,1,3,False,1,False,1
1362,67,Female,31,109.77,3542.44,Two year,Credit card,Fiber optic,No,No,Yes,Yes,8,16.0,1,4,True,24,True,0
1363,43,Male,7,112.97,771.27,One year,Credit card,Fiber optic,No,No,No,No,8,61.2,2,3,False,12,False,0
1364,51,Male,30,100.48,3003.33,Month-to-month,Bank transfer,Fiber optic,No,No,Yes,No,7,34.9,0,2,False,1,False,1
1365,55,Male,11,94.81,1064.62,One year,Bank transfer,Fiber optic,No,No,No,No,9,102.2,4,1,True,12,False,1
1366,38,Male,35,49.12,1675.39,One year,Bank transfer,No,No,Yes,Yes,Yes,15,26.1,2,2,False,12,False,1
1367,48,Female,3,125.37,365.84,Month-to-month,Credit card,Fiber optic,No,No,Yes,No,11,42.6,3,1,False,1,False,1
1368,45,Female,5,47.36,242.21,Month-to-month,Mailed check,No,No,Yes,Yes,No,8,12.5,2,0,False,1,False,0
1369,46,Female,27,46.12,1205.38,Month-to-month,Credit card,No,No,Yes,Yes,Yes,12,12.6,3,5,False,1,False,1
1370,33,Female,19,79.37,1450.6,Month-to-month,Bank transfer,DSL,Yes,Yes,Yes,Yes,7,24.4,3,2,True,1,False,0
1371,45,Female,5,84.17,410.71,Two year,Electronic check,DSL,No,No,Yes,No,9,35.4,2,1,False,24,False,1
1372,52,Male,55,87.94,4991.63,Month-to-month,Bank transfer,Fiber optic,Yes,Yes,No,No,8,9.7,1,2,False,1,False,1
1373,66,Male,7,127.36,923.96,Two year,Bank transfer,Fiber optic,No,No,Yes,No,2,65.5,2,1,True,24,True,0
1374,59,Male,13,90.07,1124.59,One year,Bank transfer,Fiber optic,Yes,No,No,No,6,62.2,5,0,False,12,False,1
1375,77,Male,5,100.57,483.22,Month-to-month,Bank transfer,DSL,Yes,Yes,Yes,Yes,7,58.2,1,3,True,1,True,1
1376,33,Male,11,44.59,507.03,Two year,Credit card,No,No,Yes,Yes,Yes,7,97.3,2,3,True,24,False,1
1377,58,Female,16,93.44,1561.71,Month-to-month,Electronic check,DSL,Yes,Yes,Yes,Yes,9,35.9,1,1,True,1,False,0
1378,47,Female,8,38.05,303.8,Month-to-month,Credit card,No,No,No,No,No,8,59.8,3,4,False,1,False,1
1379,77,Female,35,110.82,4014.1,One year,Credit card,Fiber optic,Yes,No,Yes,Yes,8,103.3,3,0,False,12,True,1
1380,32,Female,12,98.59,1229.14,Month-to-month,Mailed check,DSL,No,Yes,Yes,Yes,9,66.3,2,1,False,1,False,1
1381,32,Female,31,69.2,2115.33,Month-to-month,Bank transfer,DSL,No,No,No,No,9,129.9,2,0,False,1,False,1
1382,36,Male,5,106.06,530.54,One year,Credit card,DSL,No,Yes,Yes,Yes,6,39.3,1,2,False,12,False,1
1383,18,Male,11,93.65,1037.48,Two year,Electronic check,DSL,No,No,Yes,Yes,9,46.8,2,2,False,24,False,1
1384,37,Male,1,123.16,126.54,Month-to-month,Bank transfer,Fiber optic,Yes,Yes,No,No,13,106.1,4,2,False,1,False,1
1385,33,Female,34,93.72,3173.49,Month-to-month,Credit card,DSL,No,No,Yes,Yes,14,31.0,2,2,False,1,False,0
1386,47,Female,23,119.05,2740.17,Month-to-month,Bank transfer,Fiber optic,No,No,No,No,5,12.7,2,1,False,1,False,0
1387,50,Female,40,72.41,2773.16,One year,Bank transfer,DSL,No,No,No,No,8,7.1,3,5,True,12,False,1
1388,73,Female,14,65.45,875.45,Month-to-month,Bank transfer,DSL,Yes,Yes,Yes,Yes,13,118.6,3,2,True,1,True,1
1389,59,Male,38,90.45,3519.48,Two year,Mailed check,Fiber optic,Yes,No,No,No,10,119.3,1,2,False,24,False,1
1390,36,Female,25,141.63,3534.47,One year,Electronic check,Fiber optic,No,No,Yes,Yes,4,107.1,2,3,True,12,False,0
1391,31,Male,1,100.09,95.98,One year,Electronic check,Fiber optic,Yes,No,Yes,Yes,10,37.2,4,2,False,12,False,1
1392,52,Female,7,85.99,586.33,Two year,Bank transfer,DSL,Yes,No,Yes,Yes,4,29.5,1,2,False,24,False,0
1393,25,Male,16,75.11,1223.07,Two year,Credit card,DSL,Yes,Yes,Yes,Yes,8,116.8,5,1,False,24,False,1
1394,72,Female,23,76.47,1759.65,Month-to-month,Electronic check,DSL,Yes,No,Yes,Yes,7,87.8,2,2,False,1,True,1
1395,62,Female,1,90.02,92.67,Month-to-month,Credit card,Fiber optic,Yes,No,No,No,6,118.0,2,1,False,1,False,1
1396,37,Male,29,70.02,2008.94,One year,Credit card,DSL,No,Yes,Yes,Yes,4,54.4,4,1,False,12,False,0
1397,19,Male,18,106.29,1839.58,Two year,Electronic check,Fiber optic,Yes,No,Yes,No,4,77.1,4,1,False,24,False,0
1398,65,Female,17,52.49,871.59,One year,Bank transfer,No,No,No,Yes,Yes,3,13.0,2,0,False,12,True,0
1399,43,Male,8,88.73,682.15,Month-to-month,Electronic check,DSL,Yes,No,Yes,No,6,36.1,1,4,True,1,False,0
1400,63,Female,21,28.32,593.56,One year,Credit card,No,No,Yes,No,No,4,64.2,3,2,False,12,False,0
1401,21,Female,1,83.09,82.88,Month-to-month,Credit card,DSL,Yes,No,No,No,8,49.8,4,1,False,1,False,1
1402,36,Male,1,99.05,94.83,Two year,Credit card,Fiber optic,Yes,Yes,No,No,6,122.8,0,2,False,24,False,0
1403,45,Female,31,110.17,3309.91,Month-to-month,Credit card,Fiber optic,No,No,Yes,No,5,79.3,1,3,False,1,False,1
1404,45,Female,9,87.87,827.99,Two year,Bank transfer,DSL,No,Yes,No,No,11,103.1,1,1,False,24,False,0
1405,38,Male,10,38.15,399.95,Month-to-month,Credit card,No,No,No,Yes,No,11,93.7,3,2,False,1,False,0
1406,54,Female,5,139.0,684.06,Two year,Bank transfer,Fiber optic,Yes,No,Yes,Yes,5,16.0,5,4,False,24,False,0
1407,28,Female,14,93.04,1256.27,Month-to-month,Bank transfer,DSL,Yes,No,Yes,Yes,10,74.7,4,4,True,1,False,1
1408,42,Female,1,89.7,86.9,One year,Credit card,Fiber optic,No,No,No,No,7,29.1,0,2,False,12,False,1
1409,46,Female,8,36.49,279.7,Two year,Bank transfer,No,No,Yes,Yes,No,7,23.7,1,0,False,24,False,0
1410,52,Male,17,38.12,621.18,One year,Electronic check,No,No,No,No,No,5,112.1,3,1,False,12,False,0
1411,55,Male,15,84.51,1228.73,One year,Credit card,DSL,No,Yes,No,No,9,27.9,4,4,True,12,False,0
1412,28,Male,71,111.58,6305.555,Month-to-month,Mailed check,Fiber optic,Yes,Yes,Yes,Yes,12,13.4,3,1,False,1,False,1
1413,21,Female,11,73.12,821.44,Month-to-month,Bank transfer,DSL,Yes,No,Yes,No,5,7.2,0,3,False,1,False,0
1414,64,Male,11,109.57,1164.05,Two year,Bank transfer,Fiber optic,No,No,Yes,Yes,11,47.7,5,2,False,24,False,1
1415,49,Male,16,106.91,1696.35,Month-to-month,Credit card,Fiber optic,No,No,Yes,Yes,2,126.1,4,1,False,1,False,1
1416,33,Male,5,71.8,344.12,One year,Credit card,DSL,Yes,No,Yes,Yes,4,125.7,2,1,True,12,False,0
1417,68,Female,50,98.61,4990.47,One year,Credit card,Fiber optic,Yes,No,No,No,16,79.1,1,1,True,12,True,0
1418,46,Male,20,57.07,1133.49,Month-to-month,Bank transfer,No,No,No,Yes,No,9,29.4,4,1,True,1,False,1
1419,62,Male,5,142.57,734.19,Month-to-month,Electronic check,Fiber optic,Yes,Yes,Yes,Yes,6,62.0,1,2,True,1,False,1
1420,46,Female,37,94.74,3639.21,Month-to-month,Bank transfer,Fiber optic,No,Yes,No,No,8,84.4,0,1,False,1,False,1
1421,75,Female,1,79.59,77.55,Month-to-month,Electronic check,DSL,No,Yes,No,No,9,87.1,2,1,False,1,True,1
1422,71,Female,71,47.84,3410.35,Two year,Electronic check,No,No,Yes,No,No,3,90.5,0,1,False,24,True,0
1423,41,Female,48,59.3,2845.64,One year,Electronic check,DSL,No,No,No,No,10,115.6,0,6,False,12,False,1
1424,59,Female,20,121.47,2549.97,Month-to-month,Mailed check,Fiber optic,No,No,Yes,No,12,5.7,1,2,False,1,False,0
1425,54,Female,2,104.57,217.83,Month-to-month,Credit card,Fiber optic,Yes,No,Yes,Yes,8,93.9,1,3,True,1,False,0
1426,65,Male,5,143.1,749.12,One year,Electronic check,Fiber optic,No,Yes,Yes,Yes,5,111.2,2,6,True,12,True,1
1427,30,Male,7,87.72,611.83,Month-to-month,Credit card,DSL,Yes,No,No,No,5,109.8,3,3,True,1,False,1
1428,55,Female,6,112.2,706.83,Month-to-month,Electronic check,Fiber optic,Yes,Yes,No,No,4,117.8,1,3,False,1,False,1
1429,60,Female,16,111.0,1692.93,Month-to-month,Bank transfer,Fiber optic,No,No,Yes,Yes,5,5.3,0,2,True,1,False,0
1430,18,Male,69,89.08,6305.555,Two year,Electronic check,DSL,No,Yes,Yes,Yes,7,50.1,2,4,True,24,False,0
1431,27,Female,14,110.32,1496.97,Month-to-month,Bank transfer,Fiber optic,Yes,No,No,No,5,26.0,2,1,True,1,False,0
1432,18,Female,26,97.55,2657.74,Month-to-month,Electronic check,DSL,Yes,Yes,Yes,Yes,6,74.2,1,3,True,1,False,0
1433,40,Male,27,108.47,2915.47,Two year,Bank transfer,DSL,No,No,Yes,Yes,16,65.6,2,1,False,24,False,0
1434,55,Female,49,95.55,4719.16,Month-to-month,Bank transfer,DSL,Yes,No,Yes,No,7,32.3,2,1,False,1,False,1
1435,67,Female,1,58.34,60.72,Two year,Electronic check,DSL,Yes,No,No,No,7,89.3,2,2,False,24,True,1
1436,46,Male,12,122.63,1542.83,Month-to-month,Bank transfer,Fiber optic,No,No,No,No,7,61.3,4,2,False,1,False,0
1437,69,Male,36,98.44,3427.47,Month-to-month,Credit card,Fiber optic,Yes,No,No,No,6,120.1,3,3,False,1,True,0
1438,24,Male,40,107.2,4334.74,Month-to-month,Credit card,Fiber optic,No,Yes,No,No,8,19.8,2,2,False,1,False,1
1439,19,Male,62,79.85,5046.18,Month-to-month,Credit card,DSL,No,No,No,No,12,108.9,1,3,False,1,False,1
1440,44,Male,29,89.77,2657.52,Month-to-month,Mailed check,DSL,Yes,No,No,No,2,14.3,1,1,True,1,False,1
1441,50,Female,6,118.27,689.06,Month-to-month,Credit card,Fiber optic,Yes,No,Yes,Yes,8,106.8,0,1,True,1,False,0
1442,44,Female,16,66.58,1019.47,Month-to-month,Electronic check,DSL,Yes,No,No,No,5,32.0,3,1,False,1,False,1
1443,18,Female,1,119.04,117.57,Month-to-month,Electronic check,Fiber optic,No,No,Yes,No,12,43.3,5,6,False,1,False,1
1444,43,Female,24,47.75,1181.71,One year,Credit card,No,No,No,Yes,Yes,9,29.5,2,0,False,12,False,1
1445,25,Female,19,35.7,710.22,Two year,Electronic check,No,No,No,No,No,6,56.6,1,1,True,24,False,0
1446,55,Male,26,102.47,2649.47,Two year,Credit card,Fiber optic,Yes,No,No,No,7,43.6,1,2,False,24,False,0
1447,50,Female,63,132.55,6305.555,Month-to-month,Mailed check,Fiber optic,Yes,No,Yes,Yes,8,62.8,2,3,True,1,False,0
1448,30,Female,27,54.08,1492.62,Two year,Electronic check,No,No,No,Yes,Yes,10,62.7,3,5,True,24,False,1
1449,37,Female,9,108.55,939.63,Month-to-month,Mailed check,Fiber optic,No,Yes,Yes,No,12,56.7,2,3,False,1,False,1
1450,29,Female,5,99.74,490.99,Month-to-month,Bank transfer,Fiber optic,No,Yes,Yes,Yes,5,81.4,1,1,False,1,False,1
1451,44,Female,46,127.07,5988.07,Month-to-month,Bank transfer,Fiber optic,No,Yes,Yes,No,11,84.8,1,3,False,1,False,1
1452,59,Male,5,87.54,435.39,One year,Credit card,Fiber optic,Yes,No,No,No,9,54.2,1,3,False,12,False,0
1453,30,Female,4,122.02,495.7,Two year,Electronic check,Fiber optic,No,Yes,Yes,Yes,10,83.1,5,3,False,24,False,0
1454,52,Female,5,143.03,733.72,One year,Electronic check,Fiber optic,Yes,Yes,Yes,Yes,4,97.0,2,1,True,12,False,1
1455,37,Female,17,118.63,2113.71,Month-to-month,Electronic check,Fiber optic,No,Yes,Yes,Yes,10,12.1,1,3,True,1,False,1
1456,33,Female,3,118.85,371.46,One year,Bank transfer,Fiber optic,Yes,Yes,Yes,Yes,9,116.6,3,1,False,12,False,0
1457,43,Female,66,128.62,6305.555,Month-to-month,Electronic check,Fiber optic,Yes,No,Yes,No,7,115.5,2,0,False,1,False,1
1458,29,Female,71,92.35,6305.555,Month-to-month,Bank transfer,Fiber optic,No,Yes,No,No,7,21.2,2,1,False,1,False,1
1459,36,Male,71,74.62,5304.14,Month-to-month,Credit card,DSL,No,No,No,No,10,114.2,4,0,False,1,False,1
1460,27,Female,1,28.7,29.12,Month-to-month,Bank transfer,No,No,Yes,No,No,6,16.3,0,2,False,1,False,1
1461,74,Male,70,97.87,6305.555,Month-to-month,Bank transfer,DSL,Yes,No,Yes,Yes,6,9.3,4,2,False,1,True,0
1462,45,Male,71,115.6,6305.555,One year,Bank transfer,Fiber optic,No,Yes,No,No,3,98.8,2,3,False,12,False,0
1463,34,Female,68,126.24,6305.555,Month-to-month,Bank transfer,Fiber optic,No,No,No,No,12,43.1,0,0,False,1,False,0
1464,48,Female,26,126.52,3302.33,Month-to-month,Bank transfer,Fiber optic,No,No,No,No,11,19.0,3,3,True,1,False,1
1465,43,Female,28,60.73,1773.99,Month-to-month,Mailed check,DSL,Yes,No,No,No,4,25.0,2,3,False,1,False,1
1466,41,Male,3,92.19,286.88,Two year,Electronic check,DSL,Yes,Yes,No,No,9,83.6,2,2,True,24,False,1
1467,54,Female,49,37.3,1738.42,Month-to-month,Bank transfer,No,No,Yes,Yes,Yes,6,112.0,4,4,False,1,False,1
1468,56,Female,1,74.43,71.38,Month-to-month,Credit card,DSL,No,Yes,Yes,Yes,8,78.1,3,2,False,1,False,1
1469,37,Female,9,90.58,810.03,Month-to-month,Bank transfer,DSL,Yes,Yes,Yes,Yes,8,52.3,1,1,True,1,False,1
1470,36,Male,71,133.74,6305.555,One year,Electronic check,Fiber optic,Yes,No,Yes,Yes,5,62.8,3,1,False,12,False,1
1471,40,Male,13,121.46,1563.56,Month-to-month,Mailed check,Fiber optic,No,No,No,No,11,102.2,2,2,False,1,False,1
1472,18,Female,3,140.53,422.04,Month-to-month,Credit card,Fiber optic,No,No,Yes,Yes,7,6.4,1,3,True,1,False,1
1473,22,Male,71,96.81,6305.555,Month-to-month,Mailed check,Fiber optic,Yes,No,No,No,12,105.8,1,0,False,1,False,1
1474,65,Female,71,32.82,2283.25,Month-to-month,Bank transfer,No,No,Yes,Yes,No,6,38.1,2,3,False,1,True,0
1475,69,Male,4,38.55,148.78,Month-to-month,Credit card,No,No,No,Yes,No,8,124.8,1,1,False,1,True,1
1476,41,Female,48,124.42,5920.56,One year,Credit card,Fiber optic,No,No,No,No,7,45.8,1,3,True,12,False,1
1477,53,Male,11,68.98,773.27,Two year,Electronic check,DSL,Yes,Yes,Yes,Yes,7,27.8,1,4,False,24,False,1
1478,49,Female,11,121.59,1349.7,Two year,Bank transfer,Fiber optic,Yes,No,Yes,Yes,5,126.5,0,4,False,24,False,0
1479,80,Female,7,125.78,844.01,One year,Bank transfer,Fiber optic,Yes,No,No,No,9,24.1,3,1,False,12,True,0
1480,61,Male,1,101.3,99.1,Month-to-month,Credit card,Fiber optic,Yes,No,No,No,6,124.1,1,0,False,1,False,1
1481,43,Male,7,90.41,627.47,Two year,Credit card,DSL,No,Yes,Yes,Yes,7,8.4,2,0,False,24,False,0
1482,30,Male,1,129.06,126.9,Two year,Bank transfer,Fiber optic,Yes,No,Yes,Yes,8,91.1,3,2,False,24,False,0
1483,20,Male,61,38.26,2321.49,Two year,Mailed check,No,No,No,Yes,No,7,95.0,3,3,True,24,False,1
1484,48,Male,26,138.43,3577.19,Month-to-month,Credit card,Fiber optic,Yes,No,Yes,No,5,45.6,1,2,True,1,False,0
1485,33,Female,52,98.89,5313.48,Month-to-month,Credit card,Fiber optic,Yes,Yes,Yes,Yes,7,14.3,1,3,False,1,False,1
1486,23,Female,30,110.86,3436.99,Two year,Credit card,Fiber optic,No,No,Yes,Yes,10,23.5,1,0,True,24,False,1
1487,35,Male,3,84.87,265.81,Two year,Credit card,DSL,No,No,Yes,Yes,9,118.9,1,0,False,24,False,1
1488,28,Female,67,112.48,6305.555,One year,Credit card,Fiber optic,No,Yes,No,No,4,12.6,3,2,False,12,False,0
1489,70,Female,55,72.74,3911.25,Two year,Bank transfer,DSL,No,Yes,No,No,8,121.7,2,5,False,24,True,1
1490,58,Male,10,127.13,1295.71,One year,Bank transfer,Fiber optic,Yes,No,No,No,14,71.5,2,1,False,12,False,0
1491,44,Female,2,110.52,226.88,Month-to-month,Credit card,Fiber optic,No,No,Yes,No,3,120.8,1,2,True,1,False,1
1492,67,Female,29,115.11,3287.72,Month-to-month,Electronic check,Fiber optic,No,Yes,No,No,6,24.8,2,1,False,1,True,1
1493,46,Male,31,80.79,2585.77,One year,Credit card,DSL,Yes,No,Yes,Yes,11,65.6,0,2,False,12,False,0
1494,32,Male,54,76.18,4193.56,Month-to-month,Bank transfer,DSL,Yes,No,Yes,Yes,10,76.4,0,2,False,1,False,0
1495,67,Female,1,141.81,148.48,Two year,Credit card,Fiber optic,Yes,Yes,Yes,No,8,52.3,2,1,False,24,True,1
1496,53,Male,3,83.32,246.09,Month-to-month,Credit card,DSL,Yes,Yes,Yes,Yes,9,115.7,0,1,True,1,False,0
1497,29,Female,21,81.51,1784.04,Two year,Bank transfer,DSL,Yes,No,No,No,12,34.5,4,2,True,24,False,0
1498,42,Male,23,102.38,2318.86,Two year,Bank transfer,Fiber optic,No,Yes,No,No,3,118.3,2,3,True,24,False,0
1499,31,Male,1,119.74,124.13,Month-to-month,Electronic check,Fiber optic,Yes,Yes,Yes,Yes,2,51.3,1,4,True,1,False,0
1500,24,Male,12,109.68,1293.5,Month-to-month,Bank transfer,Fiber optic,Yes,No,Yes,Yes,13,122.6,1,2,False,1,False,1
1501,58,Male,21,43.46,949.95,One year,Bank transfer,No,No,Yes,No,No,8,26.1,2,1,False,12,False,0
1502,73,Female,32,73.25,2230.76,Month-to-month,Electronic check,DSL,Yes,Yes,No,No,14,30.6,1,0,True,1,True,1
1503,24,Male,9,103.46,922.3,One year,Credit card,DSL,Yes,No,Yes,Yes,8,44.0,3,5,True,12,False,1
1504,53,Male,15,104.19,1492.54,Month-to-month,Credit card,Fiber optic,No,No,Yes,No,5,108.7,1,3,True,1,False,1
1505,35,Female,40,140.95,5585.83,Month-to-month,Credit card,Fiber optic,Yes,Yes,Yes,Yes,9,38.6,1,1,False,1,False,1
1506,37,Female,71,90.99,6305.555,Month-to-month,Bank transfer,DSL,Yes,Yes,Yes,Yes,12,47.1,2,4,True,1,False,1
1507,36,Female,6,111.78,698.03,Month-to-month,Bank transfer,Fiber optic,No,No,Yes,No,8,11.1,4,0,False,1,False,1
1508,32,Female,7,95.56,688.97,Month-to-month,Bank transfer,Fiber optic,No,No,Yes,No,9,28.8,2,2,False,1,False,1
1509,45,Male,67,103.38,6305.555,Two year,Bank transfer,Fiber optic,No,Yes,Yes,Yes,6,108.6,1,2,False,24,False,0
1510,32,Female,12,80.98,1004.34,Month-to-month,Credit card,DSL,No,No,No,No,8,83.3,1,2,False,1,False,0
1511,49,Male,30,49.32,1432.47,Two year,Electronic check,No,No,No,No,No,11,42.3,2,1,True,24,False,0
1512,44,Female,22,100.1,2244.59,Two year,Credit card,Fiber optic,Yes,Yes,No,No,7,64.2,2,3,True,24,False,1
1513,41,Male,8,66.46,519.84,Two year,Electronic check,DSL,Yes,Yes,No,No,5,76.2,2,0,False,24,False,0
1514,31,Female,25,69.89,1828.83,Month-to-month,Mailed check,DSL,No,No,No,No,6,21.4,1,3,True,1,False,1
1515,36,Male,25,90.34,2356.44,One year,Mailed check,DSL,Yes,No,Yes,No,5,33.2,2,6,True,12,False,0
1516,56,Male,21,129.13,2657.98,Month-to-month,Bank transfer,Fiber optic,No,No,Yes,No,4,76.3,3,2,False,1,False,1
1517,52,Female,2,134.41,256.17,Month-to-month,Bank transfer,Fiber optic,Yes,No,Yes,No,9,84.3,0,3,False,1,False,1
1518,30,Male,71,67.09,4901.64,Two year,Electronic check,DSL,No,No,No,No,10,63.9,4,1,False,24,False,0
1519,46,Male,12,86.94,1008.09,Month-to-month,Mailed check,Fiber optic,Yes,Yes,No,No,5,126.3,1,3,False,1,False,0
1520,56,Male,24,109.78,2533.95,Two year,Credit card,Fiber optic,No,No,Yes,Yes,6,60.3,2,3,True,24,False,0
1521,19,Male,52,101.04,5468.03,One year,Bank transfer,DSL,No,Yes,Yes,Yes,9,109.2,2,4,True,12,False,1
1522,53,Female,13,100.82,1319.01,Month-to-month,Electronic check,Fiber optic,No,No,Yes,Yes,5,78.9,0,1,True,1,False,1
1523,35,Male,35,82.03,2995.65,Month-to-month,Credit card,DSL,No,Yes,Yes,Yes,7,129.5,5,1,False,1,False,1
1524,53,Male,71,60.73,4269.61,One year,Bank transfer,DSL,Yes,No,No,No,13,38.6,1,2,True,12,False,0
1525,33,Female,10,103.74,1019.99,One year,Electronic check,Fiber optic,Yes,No,No,No,6,78.6,2,4,False,12,False,1
1526,18,Female,12,94.91,1188.67,One year,Credit card,DSL,Yes,Yes,Yes,Yes,10,96.4,3,4,False,12,False,0
1527,20,Female,56,81.08,4515.76,Month-to-month,Credit card,Fiber optic,No,No,No,No,9,81.1,2,1,False,1,False,1
1528,45,Male,4,64.44,250.9,Month-to-month,Electronic check,No,No,No,Yes,Yes,7,12.7,1,1,False,1,False,1
1529,48,Male,1,74.46,73.83,Month-to-month,Electronic check,DSL,Yes,No,No,No,8,116.5,3,6,False,1,False,1
1530,31,Female,57,69.99,3930.0,Month-to-month,Credit card,DSL,Yes,No,No,No,10,48.8,0,1,False,1,False,1
1531,54,Male,41,135.1,5698.46,Month-to-month,Mailed check,Fiber optic,Yes,No,Yes,Yes,8,75.5,4,3,False,1,False,0
1532,20,Female,71,77.55,5533.94,Month-to-month,Credit card,DSL,No,No,No,No,4,16.7,4,1,True,1,False,1
1533,44,Male,1,68.5,65.6,Month-to-month,Credit card,DSL,No,No,No,No,9,7.4,2,2,False,1,False,1
1534,26,Female,4,122.31,494.41,One year,Bank transfer,Fiber optic,No,No,Yes,Yes,8,102.2,1,1,False,12,False,0
1535,35,Male,2,50.44,104.8,One year,Bank transfer,No,No,No,Yes,Yes,13,46.4,3,3,False,12,False,1
1536,45,Female,27,87.42,2457.79,Month-to-month,Credit card,DSL,No,No,Yes,Yes,9,45.0,3,3,False,1,False,1
1537,32,Male,22,48.71,1069.72,One year,Bank transfer,No,No,Yes,Yes,No,8,37.4,2,4,False,12,False,1
1538,39,Female,10,101.61,966.63,One year,Electronic check,Fiber optic,No,No,No,No,5,70.0,0,2,False,12,False,1
1539,60,Male,1,141.18,142.6,Month-to-month,Credit card,Fiber optic,Yes,Yes,Yes,Yes,7,56.0,6,2,False,1,False,0
1540,36,Male,24,125.28,2997.03,Month-to-month,Bank transfer,Fiber optic,No,Yes,Yes,Yes,11,41.9,1,5,False,1,False,1
1541,57,Male,20,79.55,1661.25,Month-to-month,Credit card,DSL,Yes,Yes,No,No,10,73.9,2,3,True,1,False,0
1542,28,Female,2,72.55,150.7,Month-to-month,Mailed check,DSL,No,Yes,Yes,No,8,101.1,3,0,True,1,False,1
1543,52,Male,57,82.96,4917.72,Month-to-month,Electronic check,DSL,No,Yes,Yes,Yes,7,109.6,1,1,False,1,False,1
1544,66,Male,5,82.54,424.37,Month-to-month,Credit card,DSL,No,No,Yes,Yes,11,119.0,1,2,False,1,True,1
1545,18,Male,32,42.77,1334.39,One year,Electronic check,No,No,No,Yes,Yes,5,114.1,3,1,True,12,False,1
1546,33,Female,51,85.06,4371.22,Two year,Bank transfer,Fiber optic,No,No,No,No,9,62.6,3,2,False,24,False,1
1547,53,Male,20,134.51,2783.31,Month-to-month,Bank transfer,Fiber optic,No,Yes,No,No,16,76.7,0,0,False,1,False,1
1548,41,Female,6,91.42,564.23,One year,Electronic check,Fiber optic,Yes,No,No,No,8,53.3,4,1,False,12,False,0
1549,50,Male,8,46.74,386.03,Two year,Credit card,No,No,No,Yes,Yes,9,122.7,2,3,False,24,False,1
1550,35,Female,52,48.49,2515.83,Month-to-month,Bank transfer,No,No,Yes,Yes,Yes,10,98.0,0,0,False,1,False,1
1551,46,Female,8,122.3,955.48,Two year,Bank transfer,Fiber optic,Yes,Yes,Yes,Yes,4,63.4,2,1,False,24,False,0
1552,42,Male,32,72.74,2225.98,Month-to-month,Mailed check,DSL,No,Yes,Yes,No,7,69.5,2,2,False,1,False,0
1553,62,Female,71,95.18,6305.555,Two year,Electronic check,DSL,No,Yes,Yes,Yes,5,74.8,0,1,False,24,False,0
1554,48,Female,71,97.94,6305.555,Month-to-month,Electronic check,DSL,Yes,Yes,Yes,Yes,9,60.7,1,1,False,1,False,1
1555,50,Male,18,82.3,1455.7,Month-to-month,Bank transfer,DSL,Yes,Yes,No,No,9,92.7,3,2,False,1,False,1
1556,38,Female,42,55.44,2433.84,One year,Electronic check,DSL,No,No,No,No,9,12.3,0,3,False,12,False,0
1557,37,Female,71,51.49,3621.12,Two year,Electronic check,No,No,No,Yes,Yes,4,83.7,2,2,False,24,False,0
1558,38,Female,11,45.35,520.32,Month-to-month,Mailed check,No,No,No,No,No,7,44.8,2,2,False,1,False,1
1559,50,Female,6,103.67,651.43,One year,Credit card,Fiber optic,No,No,Yes,No,14,41.2,3,3,False,12,False,0
1560,38,Male,2,132.78,255.01,One year,Bank transfer,Fiber optic,Yes,No,Yes,No,5,84.1,1,4,False,12,False,0
1561,49,Female,3,119.08,368.38,Month-to-month,Mailed check,Fiber optic,Yes,No,Yes,Yes,10,122.7,6,1,False,1,False,1
1562,76,Female,46,55.2,2653.17,Month-to-month,Electronic check,DSL,No,No,No,No,7,66.0,4,1,False,1,True,1
1563,58,Male,21,34.86,710.85,Month-to-month,Credit card,No,No,Yes,No,No,12,111.9,2,1,False,1,False,0
1564,40,Male,49,108.84,5271.86,Month-to-month,Credit card,DSL,Yes,Yes,Yes,Yes,6,127.3,0,1,False,1,False,0
1565,63,Female,37,115.5,4417.94,One year,Credit card,Fiber optic,Yes,Yes,Yes,Yes,7,60.4,0,1,True,12,False,0
1566,38,Male,26,67.65,1695.69,Two year,Credit card,DSL,Yes,Yes,No,No,5,47.3,5,2,False,24,False,0
1567,18,Male,22,51.2,1133.16,One year,Bank transfer,No,No,Yes,Yes,No,6,120.8,2,3,False,12,False,0
1568,29,Male,1,101.83,99.2,Two year,Bank transfer,Fiber optic,No,No,No,No,12,107.1,2,4,False,24,False,1
1569,18,Male,49,118.73,5971.99,Month-to-month,Mailed check,Fiber optic,No,No,No,No,10,47.9,0,0,True,1,False,1
1570,39,Male,12,101.85,1236.71,Month-to-month,Bank transfer,DSL,No,No,Yes,No,12,103.7,1,0,True,1,False,1
1571,45,Male,19,114.56,2202.25,Two year,Bank transfer,Fiber optic,No,No,Yes,Yes,6,6.5,6,2,False,24,False,0
1572,70,Male,1,126.7,131.97,Two year,Bank transfer,Fiber optic,No,No,Yes,Yes,10,12.0,0,0,True,24,True,0
1573,49,Male,66,110.02,6305.555,Month-to-month,Bank transfer,DSL,Yes,No,Yes,No,6,16.6,1,1,False,1,False,1
1574,41,Male,55,59.07,3134.28,Month-to-month,Bank transfer,No,No,No,Yes,Yes,7,104.2,1,3,True,1,False,1
1575,57,Female,18,118.68,2066.59,Two year,Credit card,Fiber optic,Yes,No,No,No,12,105.0,3,2,False,24,False,1
1576,18,Female,20,123.48,2413.94,Month-to-month,Bank transfer,Fiber optic,Yes,No,Yes,Yes,8,59.4,1,5,False,1,False,1
1577,48,Female,29,85.42,2362.72,Month-to-month,Bank transfer,DSL,Yes,No,Yes,No,2,121.3,0,1,True,1,False,0
1578,56,Female,7,143.02,987.63,One year,Credit card,Fiber optic,Yes,Yes,Yes,No,8,42.0,6,2,False,12,False,1
1579,22,Female,6,83.65,496.02,Two year,Electronic check,DSL,No,No,No,No,8,33.1,3,1,False,24,False,1
1580,62,Male,26,79.02,2097.56,One year,Bank transfer,DSL,Yes,No,Yes,No,8,39.2,0,2,True,12,False,0
1581,50,Male,2,67.4,132.48,One year,Credit card,DSL,No,Yes,Yes,Yes,6,47.3,3,4,True,12,False,1
1582,38,Female,14,69.15,1002.62,Month-to-month,Credit card,DSL,Yes,Yes,Yes,Yes,13,85.2,1,1,True,1,False,1
1583,54,Female,16,121.79,1926.07,One year,Credit card,Fiber optic,Yes,No,No,No,9,60.3,3,0,False,12,False,1
1584,79,Male,11,93.2,1076.4,Month-to-month,Electronic check,DSL,Yes,Yes,Yes,Yes,15,68.2,1,1,False,1,True,1
1585,47,Female,4,124.39,496.32,Two year,Credit card,Fiber optic,Yes,No,Yes,Yes,6,30.1,0,4,False,24,False,0
1586,48,Male,10,129.74,1347.66,Month-to-month,Credit card,Fiber optic,Yes,No,Yes,No,4,126.9,5,1,False,1,False,0
1587,38,Female,9,99.79,873.04,One year,Bank transfer,Fiber optic,Yes,No,No,No,4,117.7,2,4,False,12,False,1
1588,32,Male,16,107.86,1640.07,Two year,Credit card,DSL,No,Yes,Yes,Yes,11,119.1,4,1,True,24,False,1
1589,57,Female,26,45.74,1190.8,Month-to-month,Bank transfer,No,No,No,No,No,7,75.3,3,2,True,1,False,0
1590,32,Male,71,121.21,6305.555,Two year,Credit card,Fiber optic,Yes,No,Yes,Yes,8,106.8,4,4,False,24,False,1
1591,46,Female,3,89.39,280.37,Month-to-month,Bank transfer,DSL,No,Yes,Yes,Yes,10,7.0,3,3,True,1,False,1
1592,37,Female,49,109.85,5218.64,Month-to-month,Bank transfer,Fiber optic,No,Yes,Yes,Yes,9,76.4,3,2,False,1,False,1
1593,52,Male,8,93.43,724.8,Month-to-month,Credit card,DSL,No,No,No,No,7,63.6,2,3,False,1,False,1
1594,50,Male,21,83.53,1740.0,Two year,Electronic check,DSL,Yes,No,Yes,No,10,98.1,0,2,True,24,False,0
1595,60,Female,18,50.76,915.29,Two year,Bank transfer,No,No,No,Yes,Yes,9,111.3,1,2,True,24,False,0
1596,37,Female,19,75.08,1446.75,Month-to-month,Credit card,DSL,Yes,Yes,Yes,Yes,8,104.3,2,0,False,1,False,0
1597,40,Male,30,98.27,2887.6,Month-to-month,Bank transfer,Fiber optic,Yes,No,No,No,12,17.9,2,1,True,1,False,0
1598,30,Male,11,82.95,891.0,Two year,Credit card,DSL,Yes,No,Yes,No,10,72.0,2,2,False,24,False,0
1599,38,Male,9,65.59,610.41,Month-to-month,Mailed check,No,No,No,Yes,No,4,17.9,1,3,False,1,False,1
1600,50,Female,45,83.61,3760.63,One year,Bank transfer,DSL,Yes,No,Yes,Yes,7,52.3,2,1,False,12,False,1
1601,56,Female,5,103.22,538.37,One year,Mailed check,DSL,No,No,Yes,Yes,11,58.4,2,1,True,12,False,1
1602,31,Male,4,102.29,416.66,Two year,Credit card,Fiber optic,Yes,No,Yes,No,8,51.8,0,2,False,24,False,0
1603,58,Female,1,127.44,121.86,One year,Credit card,Fiber optic,No,No,Yes,Yes,7,79.7,2,2,False,12,False,1
1604,65,Female,5,118.73,570.33,Month-to-month,Bank transfer,Fiber optic,Yes,Yes,Yes,No,8,50.3,1,3,True,1,True,1
1605,51,Male,17,106.41,1875.82,Two year,Bank transfer,Fiber optic,No,Yes,Yes,Yes,9,10.0,1,6,False,24,False,0
1606,73,Female,18,84.68,1480.14,Month-to-month,Mailed check,DSL,No,Yes,No,No,9,120.2,0,0,True,1,True,1
1607,33,Male,7,107.13,725.01,Month-to-month,Bank transfer,Fiber optic,Yes,No,Yes,Yes,7,96.6,2,0,False,1,False,0
1608,26,Male,1,100.38,104.27,Month-to-month,Bank transfer,Fiber optic,Yes,Yes,Yes,Yes,6,42.9,2,3,False,1,False,1
1609,18,Female,32,91.73,3068.77,Two year,Electronic check,Fiber optic,No,No,No,No,13,101.0,2,0,False,24,False,1
1610,67,Female,34,70.29,2426.27,One year,Electronic check,DSL,Yes,Yes,No,No,10,63.9,4,0,False,12,True,1
1611,54,Male,71,115.17,6305.555,Month-to-month,Credit card,Fiber optic,No,Yes,Yes,No,3,80.3,0,1,False,1,False,0
1612,44,Male,55,51.29,2686.13,One year,Mailed check,No,No,Yes,No,No,10,54.3,2,3,True,12,False,1
1613,49,Male,62,97.19,6085.33,Month-to-month,Mailed check,Fiber optic,No,No,No,No,7,35.3,4,1,False,1,False,1
1614,28,Female,38,73.38,2665.46,Two year,Electronic check,DSL,No,No,Yes,No,9,52.7,1,0,False,24,False,1
1615,80,Male,22,100.19,2214.82,Month-to-month,Bank transfer,Fiber optic,No,Yes,Yes,Yes,6,59.5,0,1,False,1,True,0
1616,46,Male,3,117.72,349.69,One year,Bank transfer,Fiber optic,Yes,No,No,No,7,7.5,1,1,False,12,False,0
1617,46,Male,23,91.9,2014.92,One year,Bank transfer,DSL,Yes,No,Yes,Yes,8,17.4,2,1,False,12,False,1
1618,55,Male,1,121.38,126.89,Month-to-month,Bank transfer,Fiber optic,Yes,Yes,No,No,6,39.4,3,2,False,1,False,1
1619,52,Female,51,113.19,5489.22,Two year,Electronic check,Fiber optic,No,No,Yes,Yes,8,47.9,0,3,False,24,False,0
1620,48,Female,15,94.24,1392.99,Month-to-month,Mailed check,DSL,Yes,No,Yes,Yes,7,14.3,2,3,True,1,False,1
1621,33,Male,28,66.15,1908.81,One year,Bank transfer,DSL,No,No,No,No,11,79.6,4,2,False,12,False,1
1622,52,Female,1,65.0,68.08,One year,Bank transfer,DSL,Yes,Yes,No,No,1,15.7,2,1,False,12,False,0
1623,73,Female,18,86.88,1492.71,One year,Bank transfer,DSL,Yes,No,No,No,9,34.7,3,2,False,12,True,1
1624,65,Female,8,65.65,548.87,Month-to-month,Bank transfer,DSL,Yes,Yes,No,No,13,58.0,0,0,False,1,True,0
1625,68,Male,8,74.21,583.97,Two year,Credit card,DSL,No,Yes,Yes,Yes,8,119.0,3,2,False,24,True,1
1626,37,Female,11,81.31,863.86,Month-to-month,Credit card,DSL,No,No,Yes,Yes,10,25.9,0,1,False,1,False,0
1627,30,Female,1,59.95,61.89,One year,Credit card,No,No,No,Yes,No,9,23.8,5,0,False,12,False,1
1628,43,Male,15,124.5,1894.13,One year,Electronic check,Fiber optic,No,No,No,No,3,32.5,2,1,False,12,False,0
1629,45,Male,15,138.71,1997.27,Two year,Bank transfer,Fiber optic,Yes,No,Yes,No,12,26.0,1,1,False,24,False,0
1630,61,Female,47,27.39,1302.56,One year,Electronic check,No,No,Yes,No,No,6,64.2,2,4,True,12,False,0
1631,19,Female,14,77.5,1119.35,Month-to-month,Electronic check,DSL,Yes,Yes,Yes,No,11,16.2,2,4,False,1,False,1
1632,67,Male,10,97.69,981.68,Two year,Bank transfer,Fiber optic,No,Yes,Yes,No,12,78.1,1,4,False,24,True,0
1633,42,Male,71,99.36,6305.555,Month-to-month,Credit card,DSL,No,Yes,Yes,No,10,100.9,2,3,False,1,False,0
1634,38,Male,20,97.75,1899.05,Month-to-month,Electronic check,Fiber optic,Yes,No,No,No,9,116.4,0,3,True,1,False,1
1635,29,Male,15,83.58,1285.11,Two year,Bank transfer,DSL,Yes,No,No,No,8,16.0,3,3,False,24,False,0
1636,20,Female,16,90.65,1435.78,One year,Credit card,DSL,No,Yes,Yes,Yes,11,29.9,1,2,False,12,False,1
1637,57,Male,39,101.64,4095.54,Month-to-month,Electronic check,DSL,Yes,No,Yes,Yes,8,102.9,1,2,True,1,False,1
1638,46,Female,9,42.1,388.91,One year,Electronic check,No,No,Yes,Yes,Yes,10,118.5,2,1,False,12,False,0
1639,25,Female,11,71.6,807.48,Month-to-month,Electronic check,DSL,No,Yes,No,No,12,44.6,1,2,True,1,False,1
1640,25,Female,33,80.86,2746.81,Month-to-month,Bank transfer,DSL,No,Yes,Yes,No,13,80.8,2,2,False,1,False,0
1641,39,Male,1,71.46,71.86,Month-to-month,Bank transfer,DSL,Yes,No,No,No,6,90.8,0,1,True,1,False,0
1642,70,Male,48,137.5,6305.555,One year,Electronic check,Fiber optic,No,No,Yes,No,8,70.9,0,2,True,12,True,1
1643,41,Female,13,112.11,1512.64,One year,Bank transfer,Fiber optic,Yes,Yes,Yes,Yes,6,67.4,4,3,False,12,False,1
1644,22,Female,20,110.36,2163.27,One year,Credit card,Fiber optic,No,No,No,No,7,58.8,5,1,True,12,False,1
1645,41,Female,33,125.74,4046.43,Month-to-month,Bank transfer,Fiber optic,Yes,Yes,Yes,Yes,11,12.1,1,2,True,1,False,1
1646,40,Female,7,101.83,709.87,One year,Bank transfer,Fiber optic,No,No,Yes,Yes,8,113.1,2,1,False,12,False,0
1647,18,Female,53,113.58,6051.52,Month-to-month,Bank transfer,DSL,No,No,Yes,No,5,78.4,4,2,False,1,False,1
1648,44,Male,71,99.38,6305.555,Month-to-month,Bank transfer,DSL,Yes,No,Yes,Yes,6,26.4,3,2,False,1,False,1
1649,41,Male,16,48.39,749.6,Two year,Bank transfer,No,No,No,No,No,4,101.7,2,2,False,24,False,0
1650,55,Male,66,120.36,6305.555,Month-to-month,Electronic check,Fiber optic,No,No,Yes,Yes,8,48.7,3,1,False,1,False,1
1651,72,Female,1,50.66,50.97,One year,Bank transfer,No,No,Yes,Yes,Yes,12,106.1,1,0,False,12,True,1
1652,61,Female,53,102.97,5605.37,Two year,Electronic check,Fiber optic,No,Yes,Yes,No,11,90.2,2,1,True,24,False,1
1653,40,Male,8,136.98,1131.62,Month-to-month,Bank transfer,Fiber optic,Yes,Yes,Yes,Yes,8,39.6,5,1,False,1,False,1
1654,28,Male,8,113.66,914.59,One year,Credit card,Fiber optic,No,Yes,Yes,Yes,10,77.4,1,4,True,12,False,1
1655,80,Female,6,122.63,702.02,One year,Credit card,Fiber optic,Yes,Yes,Yes,No,8,90.8,1,0,False,12,True,0
1656,45,Male,9,82.5,749.24,Month-to-month,Bank transfer,DSL,No,No,Yes,Yes,4,59.9,3,0,True,1,False,0
1657,45,Male,5,100.78,498.83,One year,Bank transfer,DSL,Yes,Yes,Yes,Yes,8,32.5,3,2,True,12,False,0
1658,44,Male,56,116.74,6305.555,One year,Mailed check,Fiber optic,Yes,No,Yes,Yes,6,48.1,2,3,False,12,False,0
1659,47,Female,55,66.41,3618.42,Month-to-month,Electronic check,DSL,No,No,No,No,11,50.9,3,2,False,1,False,1
1660,42,Female,2,67.44,137.82,Month-to-month,Electronic check,DSL,Yes,Yes,No,No,6,41.0,5,2,False,1,False,1
1661,36,Male,3,53.69,156.15,Two year,Credit card,No,No,Yes,Yes,Yes,6,129.8,3,3,False,24,False,0
1662,36,Female,47,108.26,5303.63,One year,Credit card,Fiber optic,No,No,Yes,No,8,31.8,1,3,True,12,False,0
1663,44,Male,12,106.69,1254.07,Month-to-month,Electronic check,Fiber optic,No,Yes,No,No,6,96.4,1,2,False,1,False,0
1664,36,Male,4,101.91,387.49,Month-to-month,Credit card,Fiber optic,No,No,Yes,Yes,7,106.5,1,0,True,1,False,0
1665,34,Female,17,82.63,1345.93,One year,Bank transfer,DSL,Yes,No,Yes,Yes,8,26.1,2,3,True,12,False,0
1666,46,Female,12,126.54,1477.38,Month-to-month,Electronic check,Fiber optic,No,No,Yes,Yes,10,48.2,1,1,True,1,False,1
1667,41,Female,5,146.42,707.61,Month-to-month,Bank transfer,Fiber optic,No,No,Yes,Yes,7,10.4,3,1,False,1,False,1
1668,67,Male,30,141.99,4127.84,One year,Mailed check,Fiber optic,No,No,Yes,Yes,9,125.1,2,4,True,12,True,1
1669,18,Male,23,25.01,579.79,One year,Electronic check,No,No,No,No,No,4,111.0,1,4,True,12,False,0
1670,61,Male,2,96.1,191.69,Month-to-month,Credit card,DSL,Yes,No,Yes,Yes,9,46.9,1,3,False,1,False,0
1671,63,Female,62,87.59,5545.74,Month-to-month,Credit card,DSL,No,Yes,Yes,Yes,11,39.0,0,3,False,1,False,1
1672,18,Male,19,114.43,2237.29,Month-to-month,Credit card,Fiber optic,No,No,No,No,5,82.7,1,4,True,1,False,1
1673,39,Male,6,121.33,729.19,Month-to-month,Credit card,Fiber optic,Yes,Yes,Yes,No,13,91.3,3,1,False,1,False,1
1674,39,Male,5,97.38,491.42,Month-to-month,Bank transfer,DSL,Yes,Yes,Yes,Yes,8,21.3,4,0,False,1,False,1
1675,23,Male,3,53.71,165.57,Month-to-month,Electronic check,No,No,Yes,Yes,Yes,7,11.6,2,3,False,1,False,0
1676,33,Female,13,36.07,449.68,Month-to-month,Credit card,No,No,No,No,No,5,34.7,0,1,False,1,False,1
1677,28,Female,3,58.39,174.01,Month-to-month,Electronic check,No,No,No,Yes,No,7,20.1,1,1,False,1,False,1
1678,71,Female,12,36.25,436.24,Two year,Bank transfer,No,No,No,Yes,No,9,62.2,0,2,False,24,True,0
1679,59,Male,3,38.65,117.09,Month-to-month,Bank transfer,No,No,Yes,Yes,No,9,69.8,1,2,False,1,False,1
1680,64,Male,25,52.48,1317.58,Month-to-month,Electronic check,No,No,No,No,No,6,80.9,1,3,False,1,False,1
1681,55,Male,36,129.84,4604.49,Month-to-month,Credit card,Fiber optic,Yes,Yes,Yes,Yes,5,119.6,1,2,False,1,False,1
1682,28,Female,19,90.9,1690.4,Month-to-month,Credit card,DSL,Yes,No,No,No,10,45.9,0,1,False,1,False,0
1683,37,Female,27,91.88,2466.07,Two year,Bank transfer,DSL,Yes,No,Yes,Yes,7,47.8,2,1,False,24,False,0
1684,52,Female,66,78.15,4934.35,Month-to-month,Credit card,DSL,Yes,Yes,Yes,Yes,7,12.4,3,1,True,1,False,0
1685,26,Female,24,105.13,2515.84,Two year,Electronic check,Fiber optic,No,No,Yes,Yes,8,56.7,3,0,False,24,False,0
1686,55,Female,10,99.05,1036.63,Month-to-month,Bank transfer,Fiber optic,No,No,No,No,8,44.7,4,1,True,1,False,1
1687,41,Male,14,115.12,1539.78,Two year,Bank transfer,Fiber optic,No,No,No,No,9,110.3,2,0,False,24,False,1
1688,39,Female,47,54.56,2475.32,Month-to-month,Credit card,DSL,Yes,Yes,No,No,5,115.1,3,3,False,1,False,0
1689,55,Female,3,68.3,207.57,Month-to-month,Bank transfer,DSL,No,No,No,No,6,98.2,0,2,False,1,False,1
1690,51,Female,9,71.61,657.86,Month-to-month,Mailed check,DSL,No,No,Yes,Yes,6,40.4,3,2,False,1,False,1
1691,39,Male,20,69.58,1388.16,Month-to-month,Credit card,DSL,No,No,No,No,9,20.4,3,1,True,1,False,1
1692,62,Female,27,100.04,2813.67,Month-to-month,Bank transfer,DSL,Yes,No,Yes,Yes,7,77.2,1,1,False,1,False,0
1693,28,Female,34,78.85,2676.0,Month-to-month,Bank transfer,DSL,No,Yes,Yes,Yes,8,121.8,5,3,False,1,False,1
1694,54,Female,9,89.47,773.77,One year,Bank transfer,DSL,Yes,No,Yes,No,10,23.0,1,1,True,12,False,1
1695,53,Male,3,113.51,339.81,Month-to-month,Credit card,Fiber optic,No,No,No,No,12,115.9,4,3,True,1,False,1
1696,40,Male,71,84.27,6076.37,Month-to-month,Bank transfer,DSL,No,No,Yes,Yes,11,87.8,5,1,False,1,False,1
1697,49,Female,1,103.83,103.09,Month-to-month,Credit card,Fiber optic,No,No,No,No,6,49.9,0,3,False,1,False,1
1698,26,Female,2,124.89,260.14,One year,Bank transfer,Fiber optic,No,No,Yes,Yes,14,124.3,2,2,False,12,False,1
1699,58,Female,16,79.67,1272.07,Month-to-month,Electronic check,DSL,No,Yes,No,No,11,17.8,2,1,False,1,False,1
1700,42,Female,41,103.79,4337.28,Month-to-month,Electronic check,Fiber optic,Yes,Yes,Yes,Yes,4,31.3,3,1,True,1,False,1
1701,37,Male,35,71.05,2488.9,Month-to-month,Electronic check,DSL,No,Yes,No,No,3,68.2,2,1,False,1,False,1
1702,60,Female,66,76.64,5172.82,Two year,Mailed check,DSL,Yes,Yes,Yes,No,10,95.6,1,3,True,24,False,0
1703,34,Male,3,39.17,112.91,One year,Electronic check,No,No,No,Yes,No,8,98.1,0,1,True,12,False,1
1704,23,Female,11,93.81,1077.82,Month-to-month,Bank transfer,Fiber optic,No,Yes,Yes,Yes,6,33.7,0,2,False,1,False,1
1705,21,Male,7,102.2,723.39,Month-to-month,Credit card,Fiber optic,No,No,Yes,No,10,80.1,1,3,True,1,False,0
1706,54,Male,47,47.04,2168.38,Month-to-month,Mailed check,No,No,Yes,Yes,No,11,91.0,3,4,True,1,False,0
1707,25,Female,16,57.05,888.46,Month-to-month,Bank transfer,No,No,Yes,Yes,No,13,29.9,2,2,False,1,False,1
1708,71,Male,1,82.57,84.53,One year,Credit card,DSL,No,No,Yes,Yes,7,72.1,1,2,True,12,True,0
1709,18,Female,29,106.78,3024.57,Month-to-month,Electronic check,Fiber optic,No,No,Yes,Yes,4,37.4,2,1,True,1,False,0
1710,70,Male,11,119.44,1307.12,Month-to-month,Electronic check,Fiber optic,No,Yes,No,No,10,82.9,3,1,True,1,True,1
1711,48,Male,18,83.67,1523.64,One year,Mailed check,DSL,Yes,No,No,No,3,40.4,1,3,True,12,False,0
1712,43,Female,53,99.25,5448.44,Month-to-month,Bank transfer,Fiber optic,Yes,Yes,Yes,Yes,9,89.9,3,5,True,1,False,1
1713,36,Female,7,82.24,594.63,Month-to-month,Electronic check,DSL,Yes,No,Yes,Yes,7,118.1,3,1,False,1,False,1
1714,50,Male,6,112.11,683.9,Month-to-month,Bank transfer,Fiber optic,Yes,Yes,No,No,9,73.3,3,2,False,1,False,1
1715,44,Male,7,142.91,976.86,Month-to-month,Bank transfer,Fiber optic,No,No,Yes,Yes,7,39.7,3,1,True,1,False,1
1716,61,Female,9,71.65,623.05,Two year,Mailed check,DSL,Yes,No,Yes,Yes,9,63.4,3,1,False,24,False,0
1717,46,Female,2,35.41,71.14,One year,Electronic check,No,No,No,No,No,7,83.9,1,0,False,12,False,1
1718,47,Female,28,130.11,3782.07,Month-to-month,Bank transfer,Fiber optic,No,Yes,Yes,Yes,7,51.5,2,1,False,1,False,0
1719,39,Male,5,46.79,231.81,Month-to-month,Bank transfer,No,No,No,No,No,5,54.7,2,2,False,1,False,1
1720,44,Female,62,70.02,4444.13,Month-to-month,Credit card,DSL,Yes,No,Yes,Yes,7,109.5,0,1,False,1,False,1
1721,49,Female,5,88.42,456.78,Month-to-month,Credit card,DSL,No,Yes,Yes,Yes,4,96.3,3,3,False,1,False,1
1722,19,Male,7,132.67,906.64,Two year,Credit card,Fiber optic,Yes,No,Yes,No,8,119.2,1,0,False,24,False,1
1723,24,Female,8,81.11,679.01,Month-to-month,Credit card,DSL,Yes,Yes,Yes,Yes,7,8.2,0,3,True,1,False,0
1724,56,Female,35,121.36,4143.54,Two year,Bank transfer,Fiber optic,No,No,No,No,10,61.7,0,1,False,24,False,0
1725,47,Female,13,132.45,1737.24,Month-to-month,Mailed check,Fiber optic,No,No,Yes,No,9,98.8,1,2,False,1,False,0
1726,42,Female,41,108.39,4518.65,Two year,Mailed check,DSL,Yes,No,Yes,No,10,27.5,2,1,False,24,False,0
1727,45,Male,36,52.28,1892.06,One year,Credit card,DSL,No,Yes,No,No,9,25.5,2,3,False,12,False,1
1728,50,Female,63,93.05,5933.41,One year,Credit card,Fiber optic,Yes,No,No,No,11,94.1,3,1,False,12,False,1
1729,36,Female,33,99.63,3192.83,Month-to-month,Credit card,DSL,Yes,Yes,Yes,Yes,9,86.1,1,0,True,1,False,0
1730,33,Female,1,133.72,128.96,Two year,Electronic check,Fiber optic,Yes,No,Yes,Yes,10,77.1,4,3,False,24,False,1
1731,47,Female,43,109.88,4495.89,Month-to-month,Electronic check,DSL,No,Yes,Yes,Yes,4,127.1,2,3,False,1,False,1
1732,30,Female,66,99.38,6305.555,Two year,Credit card,DSL,No,Yes,Yes,Yes,10,66.6,2,3,True,24,False,0
1733,51,Female,71,84.11,6305.555,One year,Mailed check,Fiber optic,Yes,No,No,No,6,7.1,2,1,False,12,False,1
1734,19,Male,3,109.67,334.95,Month-to-month,Bank transfer,Fiber optic,No,No,No,No,9,114.2,1,2,True,1,False,1
1735,60,Male,22,125.92,2812.08,Two year,Bank transfer,Fiber optic,Yes,No,Yes,Yes,10,70.8,2,3,False,24,False,0
1736,52,Male,5,69.96,350.94,Two year,Electronic check,DSL,No,No,Yes,Yes,16,57.8,2,6,False,24,False,1
1737,48,Female,7,112.06,793.69,One year,Bank transfer,Fiber optic,Yes,No,No,No,7,99.1,1,3,False,12,False,0
1738,59,Female,32,48.85,1598.09,Month-to-month,Credit card,No,No,No,Yes,Yes,14,105.7,1,4,True,1,False,1
1739,69,Female,71,113.48,6305.555,Two year,Bank transfer,Fiber optic,No,No,Yes,Yes,8,66.7,2,0,True,24,True,0
1740,60,Male,21,102.49,2201.87,One year,Bank transfer,Fiber optic,Yes,No,Yes,Yes,6,110.5,1,3,True,12,False,1
1741,18,Female,45,82.85,3599.71,One year,Bank transfer,DSL,Yes,Yes,No,No,14,126.8,2,1,True,12,False,0
1742,25,Male,1,125.31,122.73,Two year,Bank transfer,Fiber optic,Yes,Yes,No,No,10,78.5,2,2,True,24,False,1
1743,35,Female,1,67.05,65.97,Month-to-month,Credit card,No,No,No,Yes,Yes,8,25.1,1,2,True,1,False,1
1744,45,Female,21,117.13,2407.0,Month-to-month,Bank transfer,Fiber optic,No,No,No,No,4,82.0,0,0,False,1,False,0
1745,52,Male,11,118.62,1308.03,One year,Electronic check,Fiber optic,No,No,Yes,Yes,6,8.2,2,2,False,12,False,1
1746,34,Male,52,37.93,1983.24,Month-to-month,Credit card,No,No,No,No,No,5,52.3,1,5,False,1,False,0
1747,47,Male,8,76.65,632.8,One year,Electronic check,DSL,Yes,No,No,No,12,23.1,0,2,False,12,False,0
1748,33,Male,13,98.82,1294.57,Month-to-month,Bank transfer,Fiber optic,No,No,No,No,7,79.5,3,5,False,1,False,0
1749,35,Male,18,62.01,1171.59,Month-to-month,Credit card,DSL,Yes,No,No,No,6,18.4,0,1,False,1,False,1
1750,23,Male,7,102.08,728.48,Month-to-month,Electronic check,Fiber optic,No,No,Yes,Yes,6,28.4,1,1,False,1,False,1
1751,31,Female,57,83.19,4850.7,Month-to-month,Bank transfer,DSL,Yes,Yes,Yes,No,7,74.9,0,3,False,1,False,0
1752,24,Male,14,57.29,841.99,Month-to-month,Bank transfer,No,No,Yes,Yes,Yes,5,47.2,0,2,False,1,False,0
1753,30,Female,13,117.37,1485.25,Month-to-month,Mailed check,Fiber optic,Yes,No,Yes,Yes,3,8.5,0,0,False,1,False,1
1754,60,Female,45,79.06,3609.89,Month-to-month,Electronic check,DSL,Yes,No,Yes,Yes,2,87.7,3,2,False,1,False,1
1755,30,Female,8,88.26,733.47,One year,Electronic check,Fiber optic,Yes,Yes,No,No,6,115.2,0,4,True,12,False,0
1756,80,Female,40,131.11,5489.81,Two year,Mailed check,Fiber optic,No,Yes,Yes,Yes,8,38.9,1,2,True,24,True,0
1757,52,Female,3,87.64,261.51,Month-to-month,Credit card,DSL,Yes,Yes,No,No,10,19.1,4,0,False,1,False,1
1758,47,Male,4,86.99,345.56,Month-to-month,Credit card,DSL,Yes,Yes,Yes,Yes,10,50.3,3,0,False,1,False,1
1759,32,Male,71,60.64,4189.14,Month-to-month,Bank transfer,DSL,Yes,No,No,No,11,114.6,2,1,False,1,False,1
1760,55,Male,44,82.38,3771.25,Month-to-month,Credit card,DSL,No,No,Yes,Yes,5,99.9,3,1,True,1,False,0
1761,36,Female,11,101.88,1169.63,Two year,Bank transfer,Fiber optic,No,Yes,No,No,9,88.1,4,3,False,24,False,0
1762,46,Male,24,111.25,2772.67,Month-to-month,Bank transfer,Fiber optic,Yes,No,No,No,8,41.8,1,6,True,1,False,1
1763,80,Female,68,118.71,6305.555,Month-to-month,Bank transfer,Fiber optic,No,No,No,No,9,88.4,6,1,True,1,True,1
1764,43,Female,5,113.5,556.25,Month-to-month,Credit card,Fiber optic,Yes,No,Yes,Yes,3,6.1,4,1,False,1,False,0
1765,62,Female,1,34.2,35.73,Two year,Credit card,No,No,No,No,No,9,41.8,2,2,True,24,False,0
1766,34,Female,18,110.5,2011.72,Month-to-month,Credit card,Fiber optic,Yes,No,No,No,9,101.4,0,3,True,1,False,0
1767,44,Male,3,114.26,347.32,One year,Electronic check,Fiber optic,No,Yes,No,No,16,48.9,1,3,False,12,False,1
1768,71,Male,4,64.4,255.46,Month-to-month,Bank transfer,DSL,No,Yes,No,No,6,11.9,0,1,True,1,True,1
1769,35,Male,53,84.65,4538.14,Month-to-month,Electronic check,DSL,No,No,Yes,Yes,4,53.8,0,2,True,1,False,1
1770,72,Male,1,94.34,91.14,Two year,Credit card,DSL,No,No,Yes,No,10,7.6,2,2,True,24,True,0
1771,55,Male,40,114.46,4784.14,Month-to-month,Bank transfer,Fiber optic,No,No,Yes,No,8,38.7,0,1,True,1,False,0
1772,36,Female,17,63.43,1126.35,One year,Electronic check,DSL,No,No,No,No,13,114.0,2,1,True,12,False,1
1773,54,Male,19,103.26,2032.0,One year,Credit card,DSL,No,Yes,Yes,Yes,12,129.5,1,3,False,12,False,0
1774,59,Female,26,48.63,1233.53,Month-to-month,Bank transfer,No,No,No,Yes,Yes,10,113.0,0,1,True,1,False,1
1775,54,Female,13,125.31,1690.28,Month-to-month,Bank transfer,Fiber optic,No,No,Yes,No,14,111.3,1,0,False,1,False,1
1776,21,Female,2,50.68,103.39,One year,Bank transfer,No,No,Yes,Yes,Yes,10,107.1,0,0,False,12,False,1
1777,34,Male,2,44.32,86.39,Month-to-month,Credit card,No,No,No,No,No,4,53.5,3,1,False,1,False,1
1778,41,Female,33,87.54,2985.69,Month-to-month,Credit card,DSL,No,No,Yes,Yes,5,68.5,1,2,True,1,False,0
1779,43,Female,5,45.88,220.02,Month-to-month,Mailed check,No,No,No,No,No,11,129.1,3,1,False,1,False,0
1780,54,Male,1,95.49,97.56,One year,Credit card,DSL,Yes,Yes,Yes,Yes,10,87.3,1,2,False,12,False,1
1781,47,Female,71,56.95,4304.36,Two year,Bank transfer,No,No,No,Yes,No,8,34.7,1,1,False,24,False,0
1782,24,Female,71,126.16,6305.555,Two year,Credit card,Fiber optic,No,No,Yes,No,7,113.8,2,1,False,24,False,0
1783,50,Female,11,127.22,1416.44,Month-to-month,Mailed check,Fiber optic,Yes,No,Yes,No,7,53.4,3,0,False,1,False,1
1784,54,Male,1,84.75,82.35,Month-to-month,Bank transfer,Fiber optic,Yes,Yes,No,No,8,57.8,2,0,False,1,False,1
1785,53,Female,31,133.81,4134.22,Month-to-month,Bank transfer,Fiber optic,Yes,No,No,No,13,124.4,4,2,False,1,False,0
1786,61,Female,42,114.4,4616.57,Month-to-month,Mailed check,Fiber optic,Yes,No,No,No,14,64.5,0,4,False,1,False,1
1787,57,Male,3,45.86,140.27,Two year,Bank transfer,No,No,Yes,Yes,Yes,2,113.4,3,3,False,24,False,1
1788,51,Male,3,45.42,139.98,One year,Mailed check,No,No,No,No,No,8,113.9,1,0,False,12,False,0
1789,43,Female,41,127.07,5255.9,One year,Credit card,Fiber optic,Yes,Yes,Yes,Yes,7,32.9,2,4,False,12,False,1
1790,20,Male,61,124.76,6305.555,Month-to-month,Bank transfer,Fiber optic,No,No,Yes,Yes,12,117.4,1,2,False,1,False,1
1791,51,Male,37,67.49,2544.53,Two year,Bank transfer,DSL,Yes,No,No,No,8,109.5,1,3,False,24,False,0
1792,48,Male,5,109.95,573.0,Two year,Bank transfer,Fiber optic,Yes,No,No,No,9,75.9,2,0,False,24,False,0
1793,49,Male,12,139.35,1668.61,Month-to-month,Electronic check,Fiber optic,No,Yes,Yes,No,8,79.9,3,2,False,1,False,1
1794,25,Male,22,103.04,2275.59,Month-to-month,Electronic check,Fiber optic,Yes,No,Yes,Yes,9,93.6,3,0,False,1,False,1
1795,28,Male,4,123.05,485.91,Month-to-month,Electronic check,Fiber optic,No,No,Yes,Yes,6,110.2,3,0,True,1,False,1
1796,60,Male,5,79.87,393.47,Month-to-month,Mailed check,DSL,Yes,No,Yes,Yes,14,59.6,3,2,False,1,False,1
1797,44,Female,7,90.56,654.06,Two year,Credit card,DSL,No,Yes,No,No,10,7.5,0,1,False,24,False,0
1798,55,Male,17,74.02,1312.31,Month-to-month,Mailed check,DSL,No,Yes,Yes,Yes,12,91.0,4,6,False,1,False,1
1799,45,Male,17,105.14,1753.38,One year,Bank transfer,Fiber optic,Yes,No,No,No,4,46.3,2,1,False,12,False,0
1800,45,Male,40,65.21,2587.37,One year,Mailed check,DSL,Yes,Yes,No,No,3,51.9,5,1,False,12,False,1
1801,59,Female,33,117.31,3814.06,Month-to-month,Bank transfer,Fiber optic,No,Yes,No,No,7,9.8,1,2,True,1,False,0
1802,37,Male,58,59.28,3560.18,Month-to-month,Credit card,DSL,Yes,Yes,No,No,9,123.3,1,2,False,1,False,0
1803,46,Male,42,93.87,4119.09,Two year,Credit card,DSL,No,Yes,Yes,Yes,11,97.9,0,4,False,24,False,1
1804,38,Female,7,80.38,585.28,Month-to-month,Electronic check,DSL,No,No,Yes,Yes,9,7.4,2,1,True,1,False,1
1805,38,Male,9,80.39,688.29,One year,Credit card,DSL,Yes,No,Yes,Yes,16,114.4,0,2,False,12,False,0
1806,40,Female,16,59.62,922.7,One year,Bank transfer,DSL,No,No,No,No,10,13.4,2,1,False,12,False,0
1807,48,Female,1,91.94,95.57,Month-to-month,Mailed check,Fiber optic,Yes,No,No,No,8,73.3,1,4,False,1,False,1
1808,37,Male,56,71.95,4039.37,Two year,Bank transfer,DSL,Yes,No,No,No,8,13.7,3,0,False,24,False,0
1809,63,Female,1,67.32,66.5,Month-to-month,Bank transfer,DSL,No,Yes,Yes,No,9,105.5,5,3,False,1,False,1
1810,31,Male,9,43.02,383.58,One year,Bank transfer,No,No,No,No,No,9,71.7,4,2,True,12,False,0
1811,42,Male,20,73.0,1507.32,One year,Mailed check,DSL,No,No,No,No,7,127.7,3,2,False,12,False,1
1812,38,Female,17,101.31,1776.04,Month-to-month,Bank transfer,Fiber optic,Yes,No,No,No,6,16.7,1,1,False,1,False,0
1813,66,Female,25,47.0,1213.56,Month-to-month,Bank transfer,No,No,Yes,No,No,10,40.3,3,1,False,1,True,0
1814,47,Male,17,120.5,2119.76,One year,Electronic check,Fiber optic,No,Yes,Yes,No,4,110.4,0,0,True,12,False,0
1815,60,Male,6,119.59,686.65,One year,Credit card,Fiber optic,No,No,Yes,No,8,75.2,3,0,False,12,False,0
1816,22,Female,5,69.15,354.62,Month-to-month,Electronic check,DSL,No,No,No,No,3,62.6,3,3,False,1,False,1
1817,49,Male,57,136.77,6305.555,One year,Credit card,Fiber optic,No,No,No,No,7,79.7,1,3,False,12,False,0
1818,58,Male,7,102.39,699.08,One year,Bank transfer,Fiber optic,No,Yes,Yes,Yes,8,39.4,1,2,False,12,False,0
1819,46,Male,7,77.42,546.96,Month-to-month,Bank transfer,DSL,No,No,Yes,Yes,6,54.8,1,1,True,1,False,0
1820,60,Female,12,59.27,724.32,Month-to-month,Bank transfer,DSL,No,Yes,No,No,5,43.6,1,2,True,1,False,0
1821,37,Male,3,137.36,415.01,Month-to-month,Electronic check,Fiber optic,No,No,Yes,Yes,7,107.8,5,2,False,1,False,1
1822,66,Male,16,100.8,1589.02,Month-to-month,Credit card,DSL,Yes,No,Yes,No,10,81.6,1,2,False,1,True,1
1823,79,Male,26,116.97,2963.52,Month-to-month,Electronic check,Fiber optic,Yes,Yes,Yes,Yes,8,106.4,1,2,False,1,True,0
1824,39,Female,37,147.08,5216.83,Two year,Mailed check,Fiber optic,Yes,No,Yes,Yes,3,66.9,2,0,True,24,False,0
1825,38,Female,29,72.32,2004.35,Month-to-month,Bank transfer,DSL,Yes,Yes,Yes,Yes,8,38.0,3,1,True,1,False,0
1826,66,Female,3,105.65,312.27,Month-to-month,Bank transfer,DSL,No,No,Yes,No,8,106.2,1,3,False,1,True,1
1827,68,Male,14,78.3,1067.32,One year,Electronic check,DSL,Yes,Yes,No,No,7,45.3,4,1,False,12,True,1
1828,37,Female,1,85.82,85.77,Month-to-month,Mailed check,Fiber optic,No,Yes,No,No,1,63.9,1,4,True,1,False,1
1829,38,Male,1,102.02,102.67,Month-to-month,Credit card,DSL,Yes,No,Yes,Yes,13,60.7,1,3,False,1,False,1
1830,40,Female,13,98.35,1263.16,One year,Electronic check,Fiber optic,No,Yes,Yes,Yes,13,22.1,3,2,False,12,False,1
1831,24,Male,6,130.0,770.65,One year,Credit card,Fiber optic,No,Yes,Yes,Yes,7,98.5,2,2,False,12,False,0
1832,31,Female,27,138.0,3818.55,One year,Mailed check,Fiber optic,Yes,No,Yes,Yes,8,44.1,1,1,False,12,False,1
1833,29,Male,30,86.96,2479.91,One year,Bank transfer,DSL,No,No,Yes,Yes,7,48.4,3,4,False,12,False,1
1834,33,Male,54,80.17,4544.69,Month-to-month,Credit card,Fiber optic,No,Yes,No,No,8,7.0,2,1,True,1,False,0
1835,44,Female,34,97.65,3300.49,Two year,Credit card,DSL,Yes,Yes,Yes,Yes,6,78.5,0,0,False,24,False,0
1836,48,Male,1,77.56,78.24,Month-to-month,Bank transfer,DSL,Yes,No,No,No,13,15.8,2,1,False,1,False,1
1837,68,Female,11,92.81,994.75,Month-to-month,Electronic check,DSL,Yes,No,Yes,Yes,9,123.5,3,1,True,1,True,1
1838,30,Female,7,126.4,859.11,Month-to-month,Electronic check,Fiber optic,No,Yes,Yes,No,10,123.9,2,0,True,1,False,0
1839,59,Male,11,31.74,355.17,Month-to-month,Electronic check,No,No,Yes,No,No,8,104.2,0,1,False,1,False,1
1840,41,Male,4,96.12,402.65,Month-to-month,Credit card,DSL,Yes,No,Yes,Yes,7,101.7,3,1,False,1,False,1
1841,44,Female,2,88.82,184.89,One year,Bank transfer,Fiber optic,Yes,No,No,No,14,54.9,3,0,False,12,False,1
1842,55,Female,17,68.95,1222.77,Month-to-month,Electronic check,DSL,Yes,No,Yes,Yes,9,77.2,0,2,False,1,False,0
1843,28,Female,30,108.1,3245.63,Month-to-month,Credit card,Fiber optic,No,Yes,Yes,Yes,3,9.6,1,3,False,1,False,1
1844,50,Male,29,91.78,2624.08,One year,Bank transfer,DSL,No,Yes,Yes,Yes,10,42.7,2,1,False,12,False,1
1845,47,Female,14,101.69,1461.52,One year,Electronic check,Fiber optic,Yes,Yes,Yes,No,5,25.3,5,0,False,12,False,0
1846,52,Male,17,114.18,1949.25,Month-to-month,Bank transfer,Fiber optic,Yes,No,No,No,11,49.7,1,3,False,1,False,1
1847,49,Male,17,118.76,2082.14,Month-to-month,Bank transfer,Fiber optic,No,No,No,No,5,56.7,0,0,False,1,False,1
1848,80,Female,28,71.36,2037.83,Month-to-month,Bank transfer,DSL,No,Yes,No,No,7,37.4,1,1,False,1,True,1
1849,35,Female,1,109.66,108.17,Month-to-month,Bank transfer,Fiber optic,Yes,No,No,No,8,121.9,2,3,False,1,False,0
1850,37,Male,29,110.97,3079.23,One year,Bank transfer,Fiber optic,No,No,Yes,Yes,9,28.3,3,3,False,12,False,0
1851,35,Male,20,80.87,1584.21,Month-to-month,Electronic check,DSL,No,No,Yes,No,8,30.7,1,1,False,1,False,1
1852,36,Male,5,100.58,519.53,Month-to-month,Bank transfer,DSL,No,No,Yes,Yes,5,54.8,1,2,False,1,False,0
1853,35,Male,1,34.76,34.63,Month-to-month,Electronic check,No,No,No,No,No,4,46.6,1,2,True,1,False,1
1854,62,Female,2,55.26,114.07,Two year,Bank transfer,No,No,Yes,Yes,Yes,9,24.0,2,0,False,24,False,1
1855,66,Male,17,81.25,1408.57,Month-to-month,Electronic check,DSL,Yes,No,Yes,No,6,11.9,2,5,True,1,True,1
1856,36,Female,34,106.51,3552.15,One year,Bank transfer,Fiber optic,No,No,No,No,13,56.7,3,2,True,12,False,0
1857,32,Female,9,92.07,823.76,Month-to-month,Electronic check,Fiber optic,Yes,No,No,No,16,62.5,1,1,True,1,False,1
1858,52,Female,11,49.03,547.79,One year,Credit card,No,No,Yes,Yes,No,4,50.3,0,3,False,12,False,1
1859,36,Male,65,60.17,4058.55,Two year,Bank transfer,No,No,No,Yes,Yes,10,97.6,1,0,False,24,False,0
1860,54,Male,5,102.39,488.37,Month-to-month,Credit card,Fiber optic,No,No,No,No,11,99.7,1,1,False,1,False,1
1861,48,Female,2,65.15,136.71,Two year,Bank transfer,DSL,No,Yes,No,No,8,32.2,2,2,True,24,False,0
1862,22,Female,10,115.61,1145.41,One year,Bank transfer,Fiber optic,Yes,No,Yes,No,6,25.6,1,1,True,12,False,0
1863,68,Female,32,113.49,3497.31,One year,Credit card,Fiber optic,No,Yes,No,No,7,129.8,2,1,False,12,True,0
1864,71,Female,23,53.47,1209.06,One year,Credit card,No,No,No,Yes,Yes,6,93.2,3,1,True,12,True,1
1865,35,Male,12,76.7,947.62,Month-to-month,Electronic check,DSL,Yes,No,No,No,8,16.5,1,4,False,1,False,1
1866,39,Female,71,126.01,6305.555,Month-to-month,Electronic check,Fiber optic,Yes,No,No,No,5,98.5,1,0,False,1,False,1
1867,49,Male,31,120.33,3585.06,Two year,Bank transfer,Fiber optic,Yes,No,No,No,9,114.9,3,2,False,24,False,1
1868,50,Male,1,73.98,73.15,Month-to-month,Bank transfer,DSL,Yes,Yes,No,No,8,20.7,2,1,False,1,False,1
1869,54,Male,32,98.1,2999.65,Two year,Bank transfer,Fiber optic,No,No,Yes,No,6,63.0,3,3,True,24,False,1
1870,75,Male,1,71.4,68.31,One year,Credit card,DSL,No,No,Yes,No,6,96.8,1,1,False,12,True,1
1871,42,Female,25,96.11,2335.67,Month-to-month,Credit card,Fiber optic,No,Yes,No,No,6,15.2,2,1,False,1,False,1
1872,33,Male,5,130.37,642.15,One year,Bank transfer,Fiber optic,Yes,No,Yes,Yes,12,31.2,1,5,True,12,False,1
1873,24,Female,28,42.9,1224.41,Two year,Bank transfer,No,No,No,Yes,Yes,8,10.6,2,2,False,24,False,0
1874,34,Male,8,63.88,486.36,Month-to-month,Electronic check,No,No,No,Yes,No,5,42.6,4,1,False,1,False,1
1875,44,Female,49,80.5,3871.63,Month-to-month,Mailed check,DSL,No,No,Yes,Yes,9,9.4,2,0,True,1,False,0
1876,71,Female,9,99.02,878.48,One year,Mailed check,DSL,No,Yes,Yes,Yes,8,81.1,5,0,False,12,True,0
1877,37,Female,23,110.93,2502.81,Two year,Electronic check,Fiber optic,No,Yes,No,No,9,53.3,0,5,False,24,False,0
1878,48,Female,8,100.04,771.69,One year,Bank transfer,Fiber optic,No,No,No,No,8,127.2,4,0,False,12,False,1
1879,44,Female,59,104.72,6305.555,Month-to-month,Credit card,Fiber optic,Yes,Yes,No,No,4,12.3,5,2,True,1,False,0
1880,62,Male,36,63.7,2252.2,Month-to-month,Bank transfer,DSL,No,No,No,No,14,100.8,1,1,False,1,False,1
1881,80,Female,6,127.65,792.28,Two year,Electronic check,Fiber optic,Yes,No,No,No,9,12.7,2,4,True,24,True,1
1882,37,Male,71,94.0,6305.555,Month-to-month,Bank transfer,Fiber optic,Yes,No,No,No,5,121.2,0,3,False,1,False,1
1883,37,Female,10,85.36,872.61,Month-to-month,Bank transfer,DSL,Yes,No,No,No,6,31.6,2,1,False,1,False,1
1884,60,Male,25,95.48,2315.52,Month-to-month,Bank transfer,DSL,Yes,Yes,Yes,No,6,47.9,2,0,False,1,False,1
1885,55,Male,32,34.71,1093.2,Month-to-month,Electronic check,No,No,No,No,No,11,126.4,3,0,False,1,False,0
1886,72,Male,1,146.34,148.94,Month-to-month,Mailed check,Fiber optic,No,No,Yes,Yes,2,87.6,1,1,False,1,True,1
1887,53,Female,71,49.17,3557.23,Month-to-month,Credit card,No,No,Yes,Yes,Yes,6,20.3,2,0,False,1,False,0
1888,39,Male,10,142.32,1390.0,One year,Bank transfer,Fiber optic,No,Yes,Yes,No,9,106.9,1,2,False,12,False,0
1889,53,Female,5,83.43,433.06,Month-to-month,Electronic check,DSL,Yes,No,Yes,Yes,8,7.1,2,1,False,1,False,0
1890,61,Female,45,93.77,4208.04,Month-to-month,Electronic check,Fiber optic,Yes,No,No,No,5,39.8,2,3,False,1,False,1
1891,57,Male,29,70.64,2107.65,Month-to-month,Bank transfer,DSL,No,No,Yes,No,9,62.0,1,1,False,1,False,1
1892,52,Male,2,119.53,247.72,Two year,Mailed check,Fiber optic,Yes,Yes,No,No,12,15.9,0,0,False,24,False,0
1893,61,Female,2,83.51,166.18,One year,Credit card,DSL,Yes,No,Yes,No,11,11.8,3,1,False,12,False,0
1894,62,Female,30,131.34,3874.42,Month-to-month,Mailed check,Fiber optic,Yes,No,Yes,Yes,5,75.5,1,3,False,1,False,0
1895,65,Female,1,107.65,108.23,Month-to-month,Bank transfer,Fiber optic,No,No,No,No,7,8.0,4,3,False,1,True,1
1896,54,Female,59,102.77,5810.25,One year,Electronic check,DSL,No,No,Yes,No,7,87.2,2,5,False,12,False,1
1897,42,Female,32,100.72,3282.28,Two year,Bank transfer,DSL,No,No,Yes,Yes,13,56.1,1,2,False,24,False,0
1898,47,Female,9,128.53,1186.19,Month-to-month,Electronic check,Fiber optic,No,Yes,Yes,No,5,101.4,2,3,True,1,False,1
1899,63,Male,10,57.82,555.43,Month-to-month,Bank transfer,No,No,No,Yes,Yes,10,120.8,4,1,False,1,False,1
1900,32,Female,16,100.88,1581.2,One year,Bank transfer,Fiber optic,No,Yes,No,No,6,68.5,1,2,False,12,False,1
1901,50,Female,10,119.47,1226.6,One year,Bank transfer,Fiber optic,No,Yes,Yes,Yes,12,80.8,3,2,False,12,False,1
1902,39,Male,36,78.69,2780.84,One year,Credit card,DSL,Yes,No,Yes,No,7,54.8,2,0,False,12,False,0
1903,45,Male,71,79.72,5805.36,Month-to-month,Electronic check,DSL,No,No,Yes,Yes,4,33.8,0,3,False,1,False,1
1904,64,Male,21,133.56,2833.11,Month-to-month,Bank transfer,Fiber optic,No,Yes,Yes,Yes,4,117.5,1,0,False,1,False,0
1905,47,Female,14,105.77,1445.14,Month-to-month,Credit card,Fiber optic,No,No,Yes,Yes,5,96.5,0,2,False,1,False,1
1906,45,Male,6,117.38,723.0,Month-to-month,Electronic check,Fiber optic,Yes,Yes,No,No,6,107.0,0,0,False,1,False,1
1907,24,Male,25,102.04,2549.48,Two year,Mailed check,Fiber optic,No,No,Yes,Yes,5,120.3,3,1,False,24,False,0
1908,56,Female,27,103.25,2681.86,Month-to-month,Bank transfer,Fiber optic,No,Yes,No,No,7,85.2,2,1,False,1,False,1
1909,54,Female,27,81.81,2120.9,One year,Credit card,DSL,Yes,No,Yes,No,13,76.1,6,2,False,12,False,0
1910,77,Female,1,90.28,94.05,Month-to-month,Bank transfer,DSL,Yes,Yes,Yes,Yes,8,42.3,3,3,True,1,True,1
1911,40,Female,55,69.19,3760.6,Month-to-month,Bank transfer,DSL,No,Yes,No,No,8,78.4,1,3,False,1,False,1
1912,48,Male,9,80.68,730.04,Two year,Credit card,DSL,Yes,Yes,Yes,Yes,6,55.1,4,3,True,24,False,0
1913,48,Female,32,54.96,1783.49,One year,Credit card,No,No,No,Yes,Yes,10,30.7,2,1,False,12,False,1
1914,68,Male,34,90.71,3153.24,Two year,Electronic check,Fiber optic,No,No,No,No,10,78.4,1,1,False,24,True,1
1915,43,Female,25,90.66,2246.84,Month-to-month,Electronic check,Fiber optic,Yes,No,No,No,7,77.1,4,1,False,1,False,1
1916,49,Male,12,22.82,273.51,Month-to-month,Credit card,No,No,Yes,No,No,11,37.0,2,0,False,1,False,1
1917,54,Female,22,47.6,1071.36,Month-to-month,Electronic check,No,No,No,Yes,Yes,9,107.3,1,1,True,1,False,1
1918,47,Female,1,113.22,115.01,Month-to-month,Credit card,Fiber optic,Yes,No,No,No,3,35.7,2,1,False,1,False,0
1919,38,Female,34,48.83,1679.75,Month-to-month,Electronic check,No,No,No,Yes,No,11,49.1,1,2,False,1,False,1
1920,47,Male,2,75.52,149.35,Two year,Bank transfer,DSL,Yes,Yes,No,No,3,96.9,1,2,False,24,False,0
1921,61,Male,12,50.23,630.83,Month-to-month,Electronic check,No,No,No,Yes,Yes,11,129.8,1,1,False,1,False,0
1922,29,Male,2,86.0,166.57,Two year,Credit card,DSL,No,Yes,No,No,11,117.0,1,0,False,24,False,1
1923,46,Female,43,97.54,4033.42,Month-to-month,Electronic check,Fiber optic,Yes,No,Yes,No,7,31.8,1,1,True,1,False,0
1924,34,Male,19,83.03,1543.8,One year,Credit card,DSL,No,Yes,Yes,No,7,49.8,1,1,True,12,False,0
1925,62,Female,28,40.96,1118.39,Month-to-month,Bank transfer,No,No,Yes,Yes,Yes,9,18.3,4,3,True,1,False,1
1926,22,Female,27,78.6,2220.0,Month-to-month,Mailed check,DSL,Yes,No,Yes,Yes,11,116.5,2,0,True,1,False,1
1927,36,Female,44,96.76,4048.13,Two year,Electronic check,Fiber optic,Yes,No,Yes,Yes,9,72.9,0,2,True,24,False,1
1928,50,Male,3,105.09,327.25,Month-to-month,Electronic check,Fiber optic,Yes,No,Yes,Yes,6,18.2,2,2,True,1,False,1
1929,68,Female,25,100.1,2479.07,One year,Credit card,Fiber optic,Yes,Yes,No,No,8,122.3,1,2,False,12,True,0
1930,44,Male,20,110.71,2229.14,One year,Bank transfer,Fiber optic,No,Yes,No,No,8,110.9,1,1,True,12,False,0
1931,36,Female,1,125.16,127.58,Two year,Bank transfer,Fiber optic,No,Yes,No,No,8,15.1,0,3,True,24,False,1
1932,73,Female,5,120.68,575.94,One year,Credit card,Fiber optic,No,No,Yes,No,7,49.2,3,1,False,12,True,1
1933,23,Female,7,90.12,631.94,Month-to-month,Electronic check,DSL,No,Yes,Yes,Yes,10,48.3,4,4,False,1,False,1
1934,18,Male,1,92.44,88.18,One year,Electronic check,DSL,No,Yes,Yes,Yes,6,10.9,3,2,True,12,False,1
1935,51,Male,10,74.97,719.58,Month-to-month,Credit card,DSL,Yes,Yes,Yes,Yes,7,57.9,1,4,False,1,False,0
1936,37,Female,1,47.65,48.26,Month-to-month,Mailed check,No,No,Yes,No,No,6,40.6,3,1,False,1,False,1
1937,29,Male,19,123.67,2296.83,Month-to-month,Mailed check,Fiber optic,No,No,Yes,Yes,7,128.3,1,3,False,1,False,1
1938,55,Male,5,58.97,284.3,Month-to-month,Credit card,DSL,Yes,No,No,No,5,80.1,0,3,False,1,False,0
1939,48,Female,8,115.0,878.56,Month-to-month,Bank transfer,Fiber optic,Yes,No,No,No,8,71.0,3,2,True,1,False,1
1940,36,Female,57,147.74,6305.555,Two year,Credit card,Fiber optic,No,No,Yes,Yes,2,89.9,0,1,True,24,False,0
1941,25,Male,16,95.65,1550.79,Month-to-month,Mailed check,DSL,Yes,No,Yes,No,9,59.7,2,2,False,1,False,0
1942,58,Female,7,108.72,725.43,Two year,Credit card,Fiber optic,No,Yes,No,No,7,96.4,2,2,False,24,False,0
1943,54,Female,21,87.67,1865.67,Month-to-month,Credit card,DSL,No,Yes,Yes,Yes,6,121.3,2,1,False,1,False,1
1944,43,Male,5,124.93,599.86,One year,Bank transfer,Fiber optic,No,Yes,Yes,No,8,128.6,2,2,False,12,False,0
1945,72,Male,1,124.98,122.82,Month-to-month,Mailed check,Fiber optic,No,No,Yes,Yes,3,120.8,1,0,False,1,True,0
1946,28,Female,1,82.25,83.57,Month-to-month,Bank transfer,DSL,Yes,No,Yes,No,2,17.5,0,0,False,1,False,1
1947,22,Male,71,24.28,1710.53,Two year,Credit card,No,No,Yes,No,No,11,127.2,1,1,False,24,False,1
1948,34,Male,30,93.23,2869.14,Two year,Bank transfer,DSL,No,Yes,Yes,No,12,31.2,3,1,False,24,False,1
1949,44,Female,38,70.91,2699.59,Month-to-month,Bank transfer,DSL,No,No,Yes,No,7,89.6,2,2,False,1,False,1
1950,48,Female,71,30.0,2105.84,Two year,Credit card,No,No,No,No,No,9,105.2,2,4,False,24,False,0
1951,41,Female,64,102.13,6305.555,One year,Electronic check,DSL,Yes,No,Yes,Yes,9,91.4,3,3,False,12,False,1
1952,50,Female,32,80.02,2441.35,Two year,Bank transfer,DSL,No,No,No,No,6,104.6,1,2,False,24,False,0
1953,26,Male,28,82.05,2283.37,One year,Credit card,DSL,No,Yes,No,No,8,113.3,1,4,True,12,False,0
1954,66,Male,9,121.52,1074.6,Two year,Credit card,Fiber optic,No,Yes,Yes,No,4,17.1,2,4,True,24,True,1
1955,43,Female,2,102.75,203.83,Two year,Bank transfer,DSL,No,Yes,Yes,Yes,8,57.5,2,1,False,24,False,0
1956,61,Female,20,140.34,2838.04,Month-to-month,Mailed check,Fiber optic,No,No,Yes,No,11,124.3,3,0,False,1,False,1
1957,50,Female,20,94.17,1869.05,Month-to-month,Bank transfer,DSL,Yes,No,Yes,Yes,12,6.9,1,0,False,1,False,0
1958,51,Female,71,84.11,6088.87,Month-to-month,Mailed check,DSL,Yes,No,Yes,Yes,8,11.6,2,1,False,1,False,0
1959,53,Male,14,117.51,1581.21,One year,Bank transfer,Fiber optic,No,No,No,No,9,78.5,0,2,False,12,False,0
1960,51,Male,28,70.55,1937.84,Two year,Credit card,DSL,Yes,Yes,No,No,10,40.3,1,0,False,24,False,0
1961,54,Female,20,102.23,2028.79,One year,Electronic check,Fiber optic,No,Yes,No,No,7,11.0,0,3,False,12,False,1
1962,64,Female,4,101.15,386.54,One year,Mailed check,Fiber optic,Yes,No,No,No,4,73.3,1,2,False,12,False,0
1963,47,Male,21,43.79,960.83,Month-to-month,Credit card,No,No,Yes,No,No,6,76.3,0,2,True,1,False,0
1964,55,Male,18,100.05,1874.01,Month-to-month,Bank transfer,DSL,Yes,No,Yes,Yes,13,66.6,3,2,False,1,False,1
1965,43,Male,16,117.68,1851.48,Month-to-month,Bank transfer,Fiber optic,No,Yes,Yes,No,6,5.5,5,2,False,1,False,1
1966,66,Male,17,71.17,1225.29,One year,Electronic check,DSL,No,Yes,No,No,4,7.8,1,6,False,12,True,0
1967,34,Female,4,122.39,488.27,Month-to-month,Credit card,Fiber optic,No,No,Yes,Yes,8,58.2,0,4,False,1,False,1
1968,72,Male,14,29.25,412.06,Month-to-month,Bank transfer,No,No,No,No,No,7,69.1,0,2,False,1,True,1
1969,44,Male,22,47.37,1002.71,Month-to-month,Credit card,No,No,No,Yes,Yes,8,66.7,5,3,False,1,False,0
1970,23,Male,16,99.59,1600.23,Month-to-month,Bank transfer,DSL,Yes,No,Yes,Yes,6,119.7,2,3,False,1,False,1
1971,46,Female,16,66.92,1044.34,Month-to-month,Electronic check,DSL,Yes,No,No,No,12,12.6,1,6,False,1,False,1
1972,34,Female,1,90.82,91.83,Month-to-month,Credit card,Fiber optic,Yes,Yes,No,No,7,73.9,0,2,False,1,False,1
1973,57,Male,5,95.24,488.94,Two year,Electronic check,DSL,No,Yes,Yes,No,5,120.6,2,1,False,24,False,1
1974,35,Male,9,82.22,769.73,Month-to-month,Electronic check,Fiber optic,Yes,No,No,No,10,80.2,2,2,True,1,False,1
1975,38,Female,13,73.58,911.93,Two year,Credit card,DSL,Yes,No,Yes,Yes,5,110.7,2,1,True,24,False,0
1976,18,Female,21,113.82,2395.88,Month-to-month,Electronic check,Fiber optic,Yes,No,Yes,Yes,7,90.8,5,1,True,1,False,1
1977,38,Male,47,25.38,1181.9,Two year,Electronic check,No,No,No,No,No,6,83.1,3,2,True,24,False,1
1978,18,Female,4,59.54,231.61,One year,Bank transfer,DSL,Yes,No,No,No,7,25.7,1,2,False,12,False,1
1979,21,Male,1,125.87,122.9,Two year,Bank transfer,Fiber optic,Yes,Yes,Yes,Yes,12,75.6,3,1,False,24,False,0
1980,56,Female,14,86.8,1254.51,Two year,Mailed check,DSL,No,No,Yes,Yes,10,49.0,1,1,False,24,False,0
1981,56,Male,13,82.35,1095.98,One year,Bank transfer,DSL,Yes,No,Yes,Yes,9,22.8,2,1,False,12,False,1
1982,51,Male,19,91.67,1811.96,Two year,Bank transfer,DSL,No,No,Yes,Yes,10,93.5,2,6,False,24,False,1
1983,30,Female,42,59.62,2575.38,One year,Electronic check,DSL,No,No,No,No,4,37.3,0,2,False,12,False,1
1984,44,Male,38,75.74,2750.57,One year,Bank transfer,DSL,Yes,Yes,No,No,7,112.3,1,2,False,12,False,1
1985,44,Female,2,126.48,243.13,Month-to-month,Electronic check,Fiber optic,Yes,Yes,No,No,9,33.5,1,4,False,1,False,1
1986,27,Female,65,113.23,6305.555,Two year,Bank transfer,Fiber optic,Yes,Yes,No,No,9,98.8,1,2,True,24,False,0
1987,67,Female,2,82.51,167.64,Two year,Electronic check,DSL,No,No,No,No,7,123.6,2,2,True,24,True,1
1988,58,Male,24,45.16,1126.36,Month-to-month,Credit card,No,No,No,No,No,15,17.4,2,2,True,1,False,0
1989,41,Male,26,108.99,2841.35,One year,Bank transfer,Fiber optic,No,No,Yes,Yes,11,6.9,2,2,True,12,False,0
1990,45,Male,27,141.2,3841.35,Two year,Credit card,Fiber optic,Yes,No,Yes,Yes,5,119.0,0,2,False,24,False,0
1991,48,Female,7,126.75,889.24,One year,Bank transfer,Fiber optic,No,Yes,No,No,8,8.5,0,3,True,12,False,0
1992,18,Male,9,81.94,750.69,Two year,Electronic check,DSL,No,No,Yes,Yes,6,19.5,1,2,True,24,False,1
1993,41,Male,19,118.79,2233.36,Month-to-month,Mailed check,Fiber optic,No,No,No,No,9,107.2,2,5,True,1,False,1
1994,34,Male,5,43.09,217.9,Month-to-month,Bank transfer,No,No,Yes,No,No,4,6.6,2,0,False,1,False,0
1995,29,Male,1,83.7,83.62,Month-to-month,Bank transfer,DSL,Yes,No,No,No,10,117.9,0,1,False,1,False,1
1996,40,Female,19,123.54,2451.93,Month-to-month,Credit card,Fiber optic,Yes,No,Yes,Yes,10,37.1,1,2,False,1,False,1
1997,71,Male,15,54.28,807.63,Month-to-month,Mailed check,DSL,No,No,No,No,8,21.0,1,3,False,1,True,1
1998,54,Female,25,97.74,2352.6,Month-to-month,Credit card,Fiber optic,Yes,Yes,No,No,11,121.2,4,3,True,1,False,1
1999,36,Female,3,81.72,253.07,Month-to-month,Bank transfer,DSL,Yes,No,Yes,Yes,8,115.7,2,4,True,1,False,0
2000,53,Female,44,124.92,5498.74,Month-to-month,Bank transfer,Fiber optic,Yes,No,Yes,Yes,8,102.5,2,4,True,1,False,0
2001,65,Female,3,137.12,397.4,Month-to-month,Bank transfer,Fiber optic,No,Yes,Yes,No,5,119.0,3,4,False,1,True,1
2002,58,Male,53,59.82,3306.07,One year,Bank transfer,DSL,Yes,No,No,No,8,77.5,2,1,False,12,False,0
2003,45,Male,14,78.59,1058.67,Month-to-month,Credit card,DSL,Yes,Yes,No,No,9,107.0,3,4,False,1,False,1
2004,35,Male,19,42.16,766.46,Month-to-month,Bank transfer,No,No,Yes,No,No,8,92.8,0,3,True,1,False,1
2005,55,Female,54,152.86,6305.555,Month-to-month,Mailed check,Fiber optic,Yes,No,Yes,Yes,10,69.7,1,2,True,1,False,1
2006,50,Male,8,125.64,1020.69,Month-to-month,Electronic check,Fiber optic,No,No,Yes,Yes,12,27.7,3,0,False,1,False,1
2007,58,Female,4,133.34,512.66,Two year,Electronic check,Fiber optic,No,Yes,Yes,Yes,5,51.1,2,1,False,24,False,1
2008,54,Male,14,30.92,453.12,Month-to-month,Credit card,No,No,Yes,No,No,8,64.0,3,0,False,1,False,1
2009,60,Male,6,96.95,583.74,Two year,Electronic check,DSL,Yes,No,Yes,Yes,12,98.3,2,1,False,24,False,1
2010,36,Male,18,43.38,786.6,Month-to-month,Bank transfer,No,No,No,Yes,Yes,9,52.9,4,2,True,1,False,0
2011,64,Female,7,85.99,629.04,Two year,Credit card,DSL,No,No,Yes,No,7,95.1,2,2,True,24,False,0
2012,47,Male,47,84.64,3965.23,Month-to-month,Mailed check,DSL,No,No,Yes,Yes,6,70.9,6,3,True,1,False,1
2013,76,Female,22,131.27,2944.57,Month-to-month,Bank transfer,Fiber optic,Yes,No,Yes,No,6,47.1,2,0,False,1,True,1
2014,34,Female,1,47.0,44.82,Two year,Credit card,No,No,Yes,No,No,12,47.6,5,5,False,24,False,1
2015,71,Female,39,98.47,3662.48,Month-to-month,Bank transfer,DSL,Yes,No,Yes,Yes,8,30.2,3,1,False,1,True,1
2016,47,Male,9,134.9,1243.6,One year,Bank transfer,Fiber optic,Yes,Yes,Yes,Yes,11,28.5,0,2,False,12,False,0
2017,35,Male,9,104.52,981.83,Month-to-month,Credit card,Fiber optic,No,No,No,No,5,50.0,1,2,False,1,False,1
2018,37,Female,11,103.19,1160.43,One year,Bank transfer,DSL,No,Yes,Yes,Yes,8,74.1,2,4,True,12,False,0
2019,40,Female,23,46.86,1040.55,Two year,Credit card,No,No,No,Yes,Yes,4,21.9,1,4,False,24,False,0
2020,51,Female,14,113.99,1648.13,Two year,Electronic check,Fiber optic,No,Yes,Yes,No,9,96.7,2,3,False,24,False,1
2021,52,Female,23,141.33,3280.43,Month-to-month,Electronic check,Fiber optic,Yes,No,Yes,No,7,115.1,2,2,False,1,False,1
2022,36,Female,3,122.33,351.04,Month-to-month,Bank transfer,Fiber optic,No,No,No,No,8,5.9,3,1,True,1,False,1
2023,44,Male,71,79.98,5693.2,Two year,Mailed check,DSL,No,Yes,Yes,Yes,16,11.9,4,1,False,24,False,1
2024,77,Male,31,112.7,3589.59,Two year,Credit card,Fiber optic,No,Yes,Yes,No,8,78.8,0,6,False,24,True,0
2025,70,Male,6,133.31,776.37,Month-to-month,Credit card,Fiber optic,Yes,Yes,Yes,Yes,5,20.4,5,2,True,1,True,1
2026,51,Female,30,125.71,3893.21,One year,Credit card,Fiber optic,Yes,Yes,Yes,No,10,22.5,5,4,False,12,False,1
2027,45,Female,20,84.88,1710.26,Month-to-month,Bank transfer,DSL,No,No,No,No,8,33.3,0,0,False,1,False,0
2028,46,Male,2,121.32,241.44,Two year,Electronic check,Fiber optic,No,No,Yes,No,8,106.5,2,1,True,24,False,1
2029,54,Male,4,58.06,220.68,Month-to-month,Electronic check,No,No,Yes,Yes,No,10,53.1,2,0,False,1,False,1
2030,29,Female,1,132.3,129.12,One year,Credit card,Fiber optic,Yes,Yes,Yes,Yes,8,12.0,2,3,False,12,False,1
2031,41,Female,39,94.92,3819.91,One year,Bank transfer,DSL,Yes,No,Yes,Yes,9,30.4,4,0,False,12,False,0
2032,19,Female,19,42.78,780.86,Two year,Credit card,No,No,No,No,No,7,87.0,2,2,False,24,False,1
2033,50,Male,9,120.99,1089.88,Two year,Electronic check,Fiber optic,Yes,No,Yes,Yes,11,126.6,1,1,False,24,False,0
2034,54,Female,3,142.48,407.39,Month-to-month,Electronic check,Fiber optic,No,No,Yes,Yes,6,117.1,1,2,True,1,False,1
2035,37,Female,15,70.43,1031.04,One year,Credit card,DSL,No,No,Yes,Yes,6,107.4,3,4,False,12,False,0
2036,68,Female,17,124.6,2047.28,Two year,Bank transfer,Fiber optic,No,No,No,No,10,19.0,2,3,False,24,True,0
2037,26,Male,29,124.86,3590.86,One year,Electronic check,Fiber optic,Yes,Yes,Yes,No,8,34.3,1,0,False,12,False,1
2038,23,Female,71,92.88,6305.555,One year,Bank transfer,DSL,Yes,Yes,No,No,14,73.3,1,1,True,12,False,1
2039,48,Male,13,88.46,1142.94,One year,Electronic check,DSL,No,No,Yes,Yes,7,26.2,2,1,True,12,False,1
2040,60,Female,12,79.14,980.15,Month-to-month,Credit card,DSL,No,No,Yes,No,7,105.9,2,1,False,1,False,1
2041,70,Female,11,81.08,862.44,One year,Electronic check,DSL,Yes,Yes,Yes,Yes,4,113.4,1,3,False,12,True,0
2042,38,Male,42,114.95,4885.56,Month-to-month,Credit card,Fiber optic,No,No,Yes,Yes,10,45.0,5,3,False,1,False,1
2043,61,Female,4,91.84,380.55,Month-to-month,Credit card,DSL,No,Yes,Yes,No,9,121.7,2,2,False,1,False,1
2044,44,Male,10,89.66,905.6,Two year,Electronic check,DSL,Yes,Yes,Yes,No,8,68.1,2,3,False,24,False,1
2045,42,Female,30,53.5,1596.95,Month-to-month,Credit card,No,No,No,Yes,No,8,52.7,3,2,False,1,False,0
2046,58,Male,1,100.27,102.64,Month-to-month,Bank transfer,Fiber optic,Yes,No,No,No,4,30.5,4,0,False,1,False,1
2047,54,Female,8,72.97,559.95,Month-to-month,Electronic check,DSL,Yes,No,No,No,6,22.7,4,1,True,1,False,1
2048,21,Male,24,122.31,3072.08,Month-to-month,Credit card,Fiber optic,Yes,No,Yes,No,10,55.3,0,1,False,1,False,1
2049,67,Male,4,78.3,308.14,Two year,Credit card,DSL,Yes,No,Yes,No,7,122.4,3,1,False,24,True,0
2050,65,Female,8,88.84,689.43,One year,Electronic check,DSL,Yes,No,Yes,Yes,6,55.9,2,3,False,12,True,1
2051,35,Male,15,107.62,1688.4,Month-to-month,Credit card,Fiber optic,No,Yes,No,No,7,92.3,2,0,False,1,False,1
2052,50,Female,13,98.98,1223.06,Month-to-month,Bank transfer,Fiber optic,Yes,No,No,No,7,98.9,1,3,False,1,False,0
2053,52,Male,2,43.62,89.75,Month-to-month,Bank transfer,No,No,No,Yes,Yes,5,72.0,2,0,False,1,False,1
2054,48,Female,66,126.64,6305.555,Month-to-month,Electronic check,Fiber optic,No,Yes,Yes,No,8,103.9,3,1,False,1,False,1
2055,36,Female,1,47.43,48.9,One year,Mailed check,No,No,No,Yes,Yes,7,117.0,3,0,True,12,False,1
2056,34,Female,33,51.19,1749.93,Month-to-month,Electronic check,No,No,Yes,Yes,No,10,114.1,1,3,True,1,False,1
2057,44,Female,1,116.91,114.75,One year,Electronic check,Fiber optic,Yes,No,Yes,Yes,5,74.0,2,2,False,12,False,1
2058,62,Male,15,28.71,447.42,Month-to-month,Electronic check,No,No,No,No,No,5,12.3,4,0,False,1,False,0
2059,53,Female,4,121.05,507.92,Month-to-month,Bank transfer,Fiber optic,No,No,No,No,12,84.9,3,0,False,1,False,0
2060,39,Female,3,75.02,235.16,Month-to-month,Credit card,DSL,Yes,Yes,No,No,10,106.6,1,4,False,1,False,1
2061,56,Female,3,69.79,209.97,Month-to-month,Electronic check,DSL,Yes,No,No,No,4,79.2,2,4,False,1,False,1
2062,18,Female,14,78.81,1070.25,Two year,Credit card,DSL,No,Yes,No,No,11,93.4,2,3,False,24,False,0
2063,62,Female,17,50.62,887.01,Month-to-month,Credit card,No,No,Yes,Yes,No,14,70.0,0,2,False,1,False,0
2064,18,Male,3,110.71,346.8,Month-to-month,Bank transfer,Fiber optic,Yes,No,Yes,No,12,5.5,4,2,True,1,False,0
2065,39,Female,71,113.35,6305.555,Two year,Electronic check,Fiber optic,Yes,No,Yes,No,9,16.2,2,0,False,24,False,1
2066,28,Male,7,92.84,674.08,One year,Credit card,DSL,No,No,Yes,Yes,9,97.7,0,3,False,12,False,1
2067,25,Male,14,117.78,1601.89,Month-to-month,Mailed check,Fiber optic,No,Yes,No,No,9,13.2,4,2,True,1,False,1
2068,62,Female,5,93.29,473.24,Two year,Mailed check,DSL,No,No,Yes,Yes,13,89.0,3,1,False,24,False,1
2069,37,Female,16,55.66,928.2,Month-to-month,Credit card,No,No,Yes,No,No,7,75.2,1,5,True,1,False,0
2070,50,Male,33,40.63,1339.08,One year,Bank transfer,No,No,Yes,No,No,12,87.4,4,1,False,12,False,1
2071,44,Male,17,140.77,2468.83,Month-to-month,Credit card,Fiber optic,No,No,Yes,No,5,54.4,2,2,False,1,False,1
2072,52,Male,8,77.27,593.72,One year,Electronic check,DSL,No,No,Yes,Yes,14,125.6,5,3,True,12,False,1
2073,46,Female,6,87.5,539.27,Month-to-month,Credit card,DSL,Yes,No,No,No,5,10.7,1,0,True,1,False,0
2074,25,Male,34,96.91,3151.54,Month-to-month,Electronic check,DSL,Yes,Yes,Yes,Yes,11,86.4,3,0,False,1,False,1
2075,59,Male,3,72.81,219.56,One year,Bank transfer,DSL,No,No,No,No,7,85.4,2,2,True,12,False,1
2076,37,Female,11,115.65,1263.03,One year,Electronic check,Fiber optic,No,Yes,No,No,5,25.0,0,2,True,12,False,1
2077,21,Male,3,75.86,220.37,One year,Electronic check,DSL,Yes,No,Yes,Yes,9,46.5,2,1,False,12,False,0
2078,38,Female,7,120.89,840.9,Two year,Bank transfer,Fiber optic,Yes,No,Yes,Yes,12,80.8,4,1,False,24,False,1
2079,67,Male,3,113.2,347.06,Month-to-month,Bank transfer,Fiber optic,No,No,No,No,3,27.7,6,1,True,1,True,0
2080,57,Female,52,110.09,5874.37,Month-to-month,Credit card,Fiber optic,Yes,Yes,No,No,6,65.2,2,1,False,1,False,0
2081,39,Male,31,68.26,2205.31,One year,Electronic check,DSL,Yes,No,No,No,9,90.8,1,1,False,12,False,1
2082,39,Female,19,61.14,1184.59,One year,Mailed check,No,No,No,Yes,Yes,10,105.2,1,3,True,12,False,0
2083,40,Female,6,103.85,654.03,Month-to-month,Electronic check,Fiber optic,Yes,Yes,No,No,4,123.5,0,4,False,1,False,1
2084,76,Male,17,138.01,2296.02,Month-to-month,Electronic check,Fiber optic,Yes,No,Yes,Yes,6,41.9,1,3,False,1,True,1
2085,50,Female,17,82.33,1351.27,One year,Credit card,DSL,No,No,Yes,No,7,39.0,0,2,False,12,False,0
2086,51,Male,21,123.28,2484.64,Two year,Bank transfer,Fiber optic,Yes,No,No,No,7,101.8,3,2,True,24,False,0
2087,60,Female,1,85.86,86.59,One year,Credit card,DSL,Yes,Yes,Yes,Yes,11,64.3,1,6,False,12,False,1
2088,48,Female,71,111.22,6305.555,Month-to-month,Electronic check,Fiber optic,Yes,Yes,Yes,No,13,121.0,1,0,False,1,False,1
2089,41,Female,15,112.63,1639.32,One year,Mailed check,Fiber optic,Yes,Yes,Yes,Yes,7,92.4,5,3,False,12,False,1
2090,42,Female,62,77.31,4655.62,Two year,Electronic check,DSL,Yes,No,No,No,10,119.3,0,4,True,24,False,1
2091,43,Female,1,93.24,91.81,Two year,Credit card,DSL,Yes,Yes,Yes,Yes,4,48.4,0,2,True,24,False,0
2092,44,Female,6,49.94,305.22,Two year,Credit card,No,No,Yes,Yes,Yes,13,36.3,0,1,False,24,False,1
2093,55,Female,2,83.28,168.25,Two year,Credit card,DSL,Yes,Yes,Yes,Yes,10,110.0,1,3,False,24,False,0
2094,45,Male,35,127.11,4579.02,Month-to-month,Credit card,Fiber optic,Yes,No,No,No,7,50.7,1,3,True,1,False,0
2095,55,Male,9,110.0,971.98,Month-to-month,Credit card,Fiber optic,Yes,No,Yes,Yes,5,94.2,4,4,False,1,False,1
2096,43,Female,44,72.56,3261.04,One year,Credit card,DSL,No,Yes,No,No,7,24.0,1,1,True,12,False,0
2097,46,Female,42,71.55,3116.26,Month-to-month,Electronic check,DSL,No,Yes,Yes,No,9,31.9,1,2,False,1,False,1
2098,18,Female,26,88.46,2377.79,Month-to-month,Bank transfer,DSL,Yes,Yes,Yes,Yes,9,125.7,1,5,False,1,False,1
2099,58,Male,26,110.91,2929.52,Two year,Credit card,Fiber optic,No,No,Yes,Yes,9,52.8,4,2,False,24,False,1
2100,50,Female,28,109.97,3186.77,One year,Electronic check,Fiber optic,Yes,Yes,No,No,5,122.4,3,1,True,12,False,1
2101,59,Male,26,62.92,1568.57,Two year,Credit card,No,No,Yes,Yes,Yes,3,37.7,1,4,False,24,False,0
2102,18,Female,11,137.1,1504.66,Two year,Electronic check,Fiber optic,Yes,No,Yes,Yes,11,127.4,1,0,False,24,False,1
2103,76,Female,27,103.46,2732.15,Month-to-month,Credit card,Fiber optic,Yes,No,Yes,Yes,7,12.8,2,5,False,1,True,1
2104,42,Female,54,76.95,4150.78,Two year,Bank transfer,DSL,No,Yes,Yes,Yes,12,66.0,1,1,False,24,False,0
2105,61,Female,9,127.88,1107.95,Month-to-month,Bank transfer,Fiber optic,No,Yes,Yes,Yes,8,17.1,3,4,False,1,False,1
2106,29,Female,69,69.18,4587.56,One year,Bank transfer,DSL,Yes,Yes,No,No,8,66.1,6,1,False,12,False,1
2107,54,Male,1,79.47,76.37,Month-to-month,Electronic check,DSL,Yes,Yes,No,No,13,110.1,2,1,False,1,False,1
2108,29,Female,10,122.42,1174.22,Month-to-month,Electronic check,Fiber optic,No,No,Yes,Yes,11,18.9,4,3,False,1,False,1
2109,35,Male,3,94.33,282.64,Two year,Electronic check,Fiber optic,No,No,Yes,Yes,6,93.1,3,1,False,24,False,0
2110,73,Male,3,80.29,231.7,Month-to-month,Mailed check,DSL,No,Yes,Yes,Yes,5,40.8,4,2,False,1,True,0
2111,42,Female,40,98.99,4093.95,One year,Bank transfer,Fiber optic,Yes,Yes,No,No,10,123.5,2,3,False,12,False,0
2112,48,Female,60,87.11,5115.19,Month-to-month,Bank transfer,Fiber optic,Yes,Yes,No,No,6,113.7,0,3,False,1,False,1
2113,58,Female,36,35.43,1333.9,Month-to-month,Bank transfer,No,No,No,No,No,7,84.7,2,1,False,1,False,0
2114,52,Male,71,73.01,5292.06,Month-to-month,Credit card,DSL,Yes,Yes,No,No,9,90.0,3,1,False,1,False,1
2115,47,Male,5,50.36,255.16,One year,Credit card,DSL,Yes,Yes,No,No,6,110.8,3,1,True,12,False,0
2116,50,Male,3,97.61,296.42,Month-to-month,Bank transfer,Fiber optic,No,Yes,No,No,4,34.2,2,0,True,1,False,1
2117,80,Female,17,101.78,1701.42,Month-to-month,Bank transfer,Fiber optic,No,No,Yes,Yes,4,111.0,0,3,True,1,True,1
2118,44,Male,42,117.75,5128.31,One year,Credit card,Fiber optic,No,Yes,Yes,Yes,8,92.6,2,1,False,12,False,0
2119,48,Male,1,103.83,108.94,Month-to-month,Mailed check,Fiber optic,No,No,Yes,Yes,4,79.4,2,4,False,1,False,1
2120,60,Male,71,53.12,3695.24,Month-to-month,Electronic check,No,No,No,Yes,Yes,8,23.4,1,2,False,1,False,1
2121,61,Female,22,130.11,2860.16,Two year,Mailed check,Fiber optic,No,No,Yes,No,5,59.7,0,2,False,24,False,1
2122,62,Male,71,125.29,6305.555,Month-to-month,Electronic check,Fiber optic,No,Yes,Yes,Yes,6,90.9,2,4,False,1,False,1
2123,54,Male,10,104.75,1077.08,Month-to-month,Mailed check,Fiber optic,No,Yes,No,No,9,27.3,2,3,False,1,False,1
2124,27,Female,14,31.72,440.99,One year,Bank transfer,No,No,Yes,No,No,14,105.7,1,1,True,12,False,1
2125,69,Female,33,77.03,2587.07,One year,Mailed check,DSL,Yes,Yes,Yes,No,11,14.0,1,0,False,12,True,1
2126,27,Female,37,128.4,4683.65,One year,Electronic check,Fiber optic,Yes,Yes,Yes,No,4,68.4,2,2,True,12,False,1
2127,49,Male,6,129.31,741.87,Two year,Credit card,Fiber optic,Yes,Yes,Yes,Yes,10,54.8,0,1,True,24,False,0
2128,33,Male,63,58.19,3651.2,Month-to-month,Electronic check,DSL,No,No,No,No,12,105.7,2,3,False,1,False,1
2129,44,Male,48,94.19,4636.27,Two year,Credit card,Fiber optic,Yes,No,Yes,Yes,4,49.5,5,3,False,24,False,0
2130,49,Female,1,76.47,77.6,Two year,Credit card,DSL,Yes,No,Yes,Yes,12,54.3,3,0,True,24,False,0
2131,49,Male,3,77.2,232.21,Two year,Electronic check,DSL,No,No,No,No,11,128.4,1,4,False,24,False,1
2132,51,Female,16,43.5,724.78,Month-to-month,Credit card,No,No,No,No,No,7,15.9,0,2,True,1,False,0
2133,69,Female,14,70.78,989.12,Two year,Credit card,DSL,No,No,No,No,10,125.0,2,0,True,24,True,0
2134,51,Male,29,106.58,3048.32,Month-to-month,Electronic check,Fiber optic,No,Yes,Yes,Yes,9,115.8,6,3,True,1,False,1
2135,41,Male,2,75.64,149.71,One year,Mailed check,DSL,Yes,No,Yes,Yes,5,25.1,4,4,False,12,False,1
2136,59,Male,24,132.49,3250.9,Month-to-month,Bank transfer,Fiber optic,Yes,No,Yes,No,9,54.2,1,0,True,1,False,1
2137,62,Female,22,86.94,1879.97,Two year,Mailed check,DSL,Yes,No,Yes,Yes,15,14.4,0,3,False,24,False,0
2138,26,Female,6,89.28,543.19,One year,Electronic check,Fiber optic,Yes,Yes,No,No,13,9.8,0,1,False,12,False,0
2139,53,Male,18,38.18,679.39,Month-to-month,Bank transfer,No,No,Yes,Yes,No,10,129.0,1,4,True,1,False,1
2140,55,Female,6,95.57,577.76,Two year,Bank transfer,DSL,Yes,Yes,Yes,Yes,8,74.0,3,1,False,24,False,1
2141,40,Male,3,79.47,231.96,One year,Electronic check,DSL,No,No,No,No,12,59.1,2,2,False,12,False,1
2142,65,Male,20,124.96,2423.92,One year,Bank transfer,Fiber optic,Yes,No,Yes,Yes,8,103.0,1,1,False,12,True,1
2143,42,Male,71,87.5,6305.555,Month-to-month,Mailed check,DSL,No,No,No,No,12,95.4,5,1,True,1,False,0
2144,46,Female,6,86.72,508.26,Two year,Bank transfer,DSL,Yes,Yes,Yes,Yes,7,80.5,1,5,False,24,False,1
2145,42,Female,10,85.92,824.67,Month-to-month,Bank transfer,DSL,No,Yes,Yes,Yes,5,84.0,2,0,True,1,False,1
2146,45,Male,7,116.1,793.53,Month-to-month,Electronic check,Fiber optic,No,Yes,No,No,10,82.0,3,1,False,1,False,1
2147,28,Male,7,107.91,747.44,Month-to-month,Credit card,Fiber optic,Yes,No,No,No,14,102.7,0,5,False,1,False,1
2148,23,Female,12,88.51,1042.87,One year,Mailed check,Fiber optic,No,No,No,No,5,9.2,2,4,True,12,False,0
2149,68,Male,29,101.75,2982.61,One year,Bank transfer,Fiber optic,No,No,No,No,12,113.4,2,2,False,12,True,1
2150,32,Female,1,80.65,79.5,Month-to-month,Bank transfer,DSL,Yes,No,Yes,Yes,7,129.3,1,2,False,1,False,1
2151,30,Male,71,50.39,3516.21,Month-to-month,Electronic check,No,No,No,Yes,Yes,11,64.4,1,2,False,1,False,0
2152,18,Female,1,66.28,69.0,One year,Credit card,DSL,No,Yes,No,No,7,7.9,0,2,True,12,False,0
2153,35,Male,51,52.41,2693.86,Two year,Credit card,No,No,No,Yes,No,6,11.9,2,0,False,24,False,1
2154,25,Female,53,62.1,3201.87,One year,Bank transfer,DSL,Yes,Yes,Yes,Yes,7,17.0,2,2,True,12,False,0
2155,69,Male,17,34.18,571.27,Month-to-month,Electronic check,No,No,No,No,No,4,64.9,2,6,False,1,True,1
2156,60,Female,3,102.95,311.0,Month-to-month,Bank transfer,Fiber optic,No,Yes,No,No,6,60.4,1,1,True,1,False,1
2157,34,Female,19,69.86,1278.11,Month-to-month,Credit card,DSL,Yes,Yes,No,No,11,84.9,2,2,False,1,False,1
2158,78,Female,23,55.56,1263.08,Two year,Electronic check,No,No,Yes,Yes,Yes,10,22.1,4,0,True,24,True,1
2159,59,Female,46,93.52,4166.99,Month-to-month,Bank transfer,DSL,No,No,Yes,Yes,8,107.6,2,1,False,1,False,1
2160,40,Male,19,137.8,2582.73,One year,Bank transfer,Fiber optic,No,Yes,Yes,Yes,12,95.0,3,2,False,12,False,1
2161,18,Female,12,29.88,356.26,Month-to-month,Bank transfer,No,No,Yes,No,No,10,29.0,2,3,True,1,False,1
2162,79,Female,43,82.57,3568.23,Month-to-month,Bank transfer,DSL,No,No,Yes,Yes,11,20.5,1,4,False,1,True,1
2163,24,Male,71,98.18,6305.555,Month-to-month,Mailed check,DSL,Yes,No,Yes,Yes,11,97.0,3,3,True,1,False,0
2164,20,Female,24,97.42,2383.19,Two year,Credit card,Fiber optic,Yes,Yes,No,No,10,86.1,2,2,False,24,False,1
2165,60,Male,49,111.18,5672.19,Two year,Bank transfer,Fiber optic,No,Yes,Yes,Yes,12,50.6,2,4,False,24,False,0
2166,80,Female,21,30.47,627.2,Month-to-month,Mailed check,No,No,Yes,No,No,9,126.6,1,3,False,1,True,1
2167,65,Female,28,125.39,3371.83,Month-to-month,Bank transfer,Fiber optic,No,Yes,No,No,9,44.9,5,3,False,1,True,1
2168,53,Female,27,92.33,2593.14,Month-to-month,Mailed check,DSL,No,No,No,No,8,86.8,3,4,False,1,False,0
2169,53,Female,29,82.57,2376.96,One year,Bank transfer,Fiber optic,No,Yes,No,No,7,18.2,1,3,False,12,False,0
2170,57,Female,9,40.74,373.55,One year,Electronic check,No,No,No,Yes,Yes,3,18.0,1,6,True,12,False,0
2171,56,Female,20,98.98,2002.13,Month-to-month,Bank transfer,DSL,Yes,Yes,Yes,No,8,75.6,1,0,False,1,False,0
2172,49,Male,21,77.24,1679.65,Month-to-month,Mailed check,DSL,No,No,No,No,9,23.7,2,1,False,1,False,0
2173,46,Male,9,117.7,1057.97,Two year,Bank transfer,Fiber optic,No,No,Yes,No,8,38.7,3,2,True,24,False,0
2174,44,Female,10,37.83,385.94,One year,Credit card,No,No,No,Yes,Yes,6,111.2,1,2,False,12,False,0
2175,33,Female,34,81.42,2642.85,Month-to-month,Bank transfer,DSL,No,No,Yes,Yes,5,21.0,2,1,False,1,False,1
2176,40,Male,20,55.47,1055.03,One year,Credit card,No,No,No,Yes,Yes,9,19.0,1,1,False,12,False,0
2177,19,Male,3,42.1,129.81,Two year,Credit card,No,No,Yes,No,No,12,89.1,2,3,False,24,False,0
2178,43,Female,43,93.3,4120.07,One year,Electronic check,DSL,No,No,Yes,Yes,7,83.7,1,4,False,12,False,0
2179,30,Female,51,96.1,4730.83,Month-to-month,Electronic check,Fiber optic,No,No,Yes,Yes,6,17.2,3,2,False,1,False,1
2180,28,Female,15,90.88,1379.19,One year,Electronic check,DSL,Yes,Yes,Yes,No,7,118.3,3,3,False,12,False,1
2181,47,Female,5,89.34,439.31,One year,Bank transfer,DSL,Yes,No,Yes,Yes,6,128.6,3,4,False,12,False,1
2182,65,Female,70,97.33,6305.555,One year,Bank transfer,Fiber optic,No,No,No,No,7,76.8,2,2,False,12,True,1
2183,58,Female,51,96.86,5156.31,Two year,Credit card,Fiber optic,Yes,Yes,No,No,7,38.3,2,2,False,24,False,0
2184,21,Male,6,140.67,880.65,Month-to-month,Credit card,Fiber optic,No,No,Yes,Yes,3,38.8,2,3,False,1,False,1
2185,30,Female,2,64.65,131.56,One year,Electronic check,No,No,Yes,Yes,No,7,76.7,2,4,False,12,False,0
2186,59,Female,13,92.33,1259.64,Month-to-month,Electronic check,DSL,No,No,Yes,Yes,9,115.3,6,2,False,1,False,1
2187,30,Male,27,122.37,3197.25,Month-to-month,Bank transfer,Fiber optic,Yes,Yes,No,No,8,59.0,1,0,False,1,False,0
2188,41,Male,4,111.88,462.21,One year,Bank transfer,Fiber optic,No,No,No,No,10,56.6,1,1,True,12,False,1
2189,53,Male,17,91.07,1557.64,Two year,Credit card,DSL,No,No,Yes,Yes,6,126.6,5,1,False,24,False,0
2190,30,Male,13,123.53,1554.76,Month-to-month,Electronic check,Fiber optic,Yes,No,No,No,10,70.9,2,3,False,1,False,0
2191,46,Female,53,132.33,6305.555,Two year,Credit card,Fiber optic,No,Yes,Yes,Yes,5,55.4,4,1,False,24,False,0
2192,24,Male,13,33.55,457.61,Month-to-month,Electronic check,No,No,No,Yes,Yes,9,106.9,4,1,False,1,False,1
2193,35,Male,18,151.0,2642.51,Month-to-month,Credit card,Fiber optic,Yes,Yes,Yes,Yes,11,15.0,2,1,False,1,False,1
2194,49,Female,71,105.79,6305.555,Month-to-month,Bank transfer,Fiber optic,Yes,Yes,Yes,No,14,79.7,2,0,True,1,False,0
2195,21,Male,8,47.68,366.12,One year,Credit card,No,No,Yes,No,No,12,105.2,1,2,True,12,False,0
2196,51,Male,8,87.47,683.19,One year,Bank transfer,DSL,No,No,Yes,Yes,6,91.1,1,3,False,12,False,0
2197,44,Female,38,117.85,4387.01,Month-to-month,Credit card,Fiber optic,No,No,No,No,6,112.2,1,6,True,1,False,0
2198,53,Female,7,143.83,1014.21,Month-to-month,Bank transfer,Fiber optic,No,Yes,Yes,Yes,12,21.5,2,4,True,1,False,0
2199,48,Female,42,81.31,3267.06,One year,Bank transfer,DSL,Yes,Yes,Yes,No,10,94.9,4,2,True,12,False,1
2200,65,Female,2,98.88,205.36,One year,Electronic check,Fiber optic,Yes,No,Yes,No,8,18.7,2,3,True,12,True,1
2201,46,Female,2,94.6,197.9,Month-to-month,Bank transfer,DSL,Yes,No,Yes,No,8,88.6,3,0,False,1,False,1
2202,38,Female,55,41.36,2315.79,Two year,Electronic check,No,No,No,No,No,13,97.8,5,2,False,24,False,1
2203,46,Female,18,111.2,2035.65,One year,Bank transfer,Fiber optic,Yes,Yes,Yes,Yes,8,123.9,0,2,False,12,False,0
2204,53,Male,30,87.76,2580.2,Month-to-month,Electronic check,DSL,Yes,No,Yes,Yes,8,36.3,2,2,False,1,False,1
2205,45,Male,6,71.99,448.91,Month-to-month,Bank transfer,DSL,No,Yes,No,No,9,21.0,2,4,False,1,False,1
2206,45,Female,4,143.61,592.85,One year,Bank transfer,Fiber optic,Yes,No,Yes,Yes,5,97.2,0,1,False,12,False,0
2207,34,Male,43,76.18,3150.71,Month-to-month,Credit card,DSL,Yes,No,Yes,Yes,5,124.1,3,5,False,1,False,1
2208,35,Female,10,119.44,1220.26,One year,Mailed check,Fiber optic,Yes,No,No,No,8,38.7,3,1,False,12,False,1
2209,23,Male,14,59.85,806.53,Month-to-month,Credit card,DSL,No,No,No,No,8,12.2,3,1,False,1,False,1
2210,71,Female,1,76.05,74.05,One year,Bank transfer,DSL,Yes,Yes,No,No,9,103.2,1,5,False,12,True,1
2211,26,Male,11,72.21,819.79,Month-to-month,Electronic check,DSL,Yes,Yes,No,No,9,14.8,5,2,True,1,False,1
2212,34,Female,35,90.81,3170.84,Two year,Bank transfer,DSL,Yes,No,Yes,Yes,9,5.1,2,2,False,24,False,0
2213,34,Male,41,113.5,4631.82,Two year,Mailed check,Fiber optic,No,No,Yes,Yes,8,109.2,2,0,False,24,False,1
2214,58,Female,28,112.09,3061.28,Two year,Credit card,Fiber optic,No,Yes,No,No,3,58.7,0,3,False,24,False,0
2215,40,Male,28,152.52,4320.88,Month-to-month,Mailed check,Fiber optic,Yes,No,Yes,No,7,109.1,3,1,False,1,False,1
2216,63,Male,16,123.96,1912.22,Two year,Bank transfer,Fiber optic,No,No,Yes,Yes,7,44.9,5,5,False,24,False,1
2217,34,Female,18,132.79,2461.24,Month-to-month,Credit card,Fiber optic,Yes,No,Yes,Yes,15,11.2,3,3,True,1,False,1
2218,49,Male,32,86.06,2763.1,One year,Bank transfer,DSL,Yes,No,No,No,7,69.0,1,5,False,12,False,1
2219,32,Male,6,70.19,435.67,Month-to-month,Credit card,DSL,Yes,Yes,No,No,5,10.7,0,1,False,1,False,0
2220,77,Male,6,75.07,450.17,One year,Bank transfer,DSL,Yes,Yes,No,No,5,59.8,3,2,False,12,True,0
2221,27,Male,71,101.12,6305.555,Two year,Bank transfer,Fiber optic,Yes,Yes,No,No,11,88.9,2,2,True,24,False,0
2222,49,Male,1,133.96,127.42,Month-to-month,Credit card,Fiber optic,No,No,Yes,Yes,7,101.0,0,4,True,1,False,0
2223,54,Female,3,132.67,394.49,Month-to-month,Electronic check,Fiber optic,Yes,No,Yes,Yes,13,27.2,2,1,True,1,False,1
2224,51,Female,20,116.65,2437.1,Month-to-month,Credit card,Fiber optic,Yes,No,No,No,7,41.4,3,1,False,1,False,1
2225,42,Male,32,74.67,2469.79,Month-to-month,Credit card,DSL,No,No,Yes,No,6,15.8,1,3,True,1,False,1
2226,43,Female,18,36.21,684.27,Month-to-month,Credit card,No,No,No,No,No,6,31.0,1,3,False,1,False,0
2227,45,Male,10,31.35,302.74,Two year,Mailed check,No,No,No,No,No,8,32.1,4,1,False,24,False,1
2228,42,Female,71,86.69,6305.555,Month-to-month,Bank transfer,DSL,Yes,No,Yes,No,12,54.5,3,4,True,1,False,1
2229,59,Male,29,109.9,3070.34,One year,Credit card,Fiber optic,No,Yes,Yes,Yes,10,104.7,3,2,True,12,False,0
2230,78,Male,42,88.36,3861.46,Month-to-month,Mailed check,Fiber optic,No,No,No,No,9,100.7,0,2,False,1,True,0
2231,36,Male,1,105.51,103.91,Month-to-month,Electronic check,Fiber optic,Yes,Yes,Yes,Yes,6,80.8,0,0,False,1,False,1
2232,24,Male,6,39.88,248.7,Month-to-month,Bank transfer,No,No,Yes,No,No,11,75.6,0,0,False,1,False,1
2233,43,Female,11,116.16,1239.82,Month-to-month,Electronic check,Fiber optic,Yes,No,Yes,Yes,5,84.8,1,1,False,1,False,1
2234,80,Female,4,93.69,361.99,One year,Electronic check,Fiber optic,No,No,No,No,6,70.0,3,6,False,12,True,1
2235,32,Female,1,124.83,120.82,Month-to-month,Electronic check,Fiber optic,No,Yes,Yes,No,12,103.7,1,1,False,1,False,1
2236,69,Male,6,84.32,520.08,One year,Credit card,DSL,Yes,No,No,No,4,46.0,0,2,False,12,True,0
2237,70,Female,18,72.7,1356.16,Month-to-month,Bank transfer,DSL,Yes,No,No,No,16,129.4,2,0,False,1,True,1
2238,36,Female,28,83.78,2238.02,Two year,Credit card,DSL,Yes,No,No,No,5,19.8,1,3,False,24,False,1
2239,53,Male,35,86.29,2914.01,Two year,Bank transfer,DSL,Yes,Yes,Yes,No,9,62.9,0,4,False,24,False,0
2240,69,Male,1,35.06,33.32,Month-to-month,Credit card,No,No,No,Yes,Yes,5,103.5,1,1,True,1,True,0
2241,39,Male,13,125.76,1563.04,Month-to-month,Credit card,Fiber optic,No,Yes,No,No,9,27.9,1,1,True,1,False,0
2242,41,Female,3,65.37,188.07,Month-to-month,Bank transfer,No,No,No,Yes,Yes,10,116.0,2,0,False,1,False,1
2243,36,Female,13,120.5,1534.34,One year,Electronic check,Fiber optic,No,Yes,Yes,No,9,103.1,1,3,False,12,False,1
2244,29,Male,13,130.62,1649.32,Month-to-month,Electronic check,Fiber optic,Yes,No,No,No,7,23.4,2,3,False,1,False,1
2245,35,Female,16,72.26,1174.9,One year,Bank transfer,DSL,Yes,Yes,No,No,6,13.3,1,2,False,12,False,1
2246,26,Male,53,104.67,5823.51,Month-to-month,Credit card,Fiber optic,Yes,Yes,Yes,No,3,12.2,3,1,False,1,False,0
2247,45,Female,39,80.86,3204.28,Month-to-month,Credit card,DSL,Yes,Yes,Yes,Yes,10,16.9,5,0,True,1,False,1
2248,33,Male,24,45.92,1047.04,Month-to-month,Credit card,No,No,No,No,No,7,37.2,0,2,False,1,False,0
2249,48,Female,51,47.93,2353.97,Month-to-month,Credit card,No,No,Yes,Yes,Yes,6,46.8,1,1,True,1,False,0
2250,21,Female,27,76.54,1985.87,One year,Bank transfer,DSL,No,Yes,No,No,6,80.2,1,4,False,12,False,0
2251,49,Female,41,110.0,4472.83,Month-to-month,Mailed check,DSL,Yes,No,Yes,No,4,86.7,2,4,True,1,False,1
2252,57,Male,19,124.08,2305.21,Two year,Credit card,Fiber optic,No,No,No,No,5,75.8,3,2,False,24,False,0
2253,18,Male,17,82.04,1459.4,One year,Bank transfer,DSL,Yes,Yes,Yes,Yes,3,116.1,1,0,False,12,False,1
2254,50,Male,30,117.23,3400.65,Month-to-month,Bank transfer,Fiber optic,No,No,Yes,Yes,9,60.7,2,2,False,1,False,0
2255,63,Female,1,112.66,114.53,Month-to-month,Electronic check,Fiber optic,Yes,Yes,Yes,Yes,11,12.9,4,3,False,1,False,1
2256,26,Male,28,105.66,2858.85,Month-to-month,Bank transfer,Fiber optic,Yes,No,Yes,Yes,8,42.4,4,3,False,1,False,1
2257,70,Female,65,123.15,6305.555,One year,Credit card,Fiber optic,Yes,Yes,No,No,6,24.8,2,3,False,12,True,1
2258,51,Male,30,125.17,3576.7,Month-to-month,Credit card,Fiber optic,Yes,Yes,Yes,Yes,7,22.6,2,1,False,1,False,1
2259,34,Male,1,87.03,83.1,Month-to-month,Bank transfer,DSL,No,No,Yes,Yes,12,110.7,1,2,True,1,False,1
2260,44,Female,11,135.52,1420.91,Month-to-month,Credit card,Fiber optic,Yes,No,Yes,Yes,13,96.6,5,1,False,1,False,1
2261,53,Female,39,64.24,2419.24,Month-to-month,Electronic check,No,No,No,Yes,Yes,5,32.7,5,2,False,1,False,1
2262,46,Male,71,71.77,4911.18,Two year,Credit card,DSL,Yes,No,No,No,8,128.9,3,0,False,24,False,0
2263,53,Male,11,86.78,953.85,Two year,Bank transfer,DSL,Yes,Yes,No,No,10,34.2,3,2,False,24,False,1
2264,31,Female,44,76.94,3347.39,Month-to-month,Electronic check,DSL,No,No,Yes,No,14,23.8,0,2,False,1,False,1
2265,47,Female,47,108.61,4881.29,One year,Credit card,Fiber optic,No,No,No,No,9,50.9,2,2,True,12,False,1
2266,23,Male,3,95.34,273.95,Two year,Mailed check,DSL,No,Yes,Yes,No,13,26.4,2,2,True,24,False,0
2267,43,Female,44,88.09,3982.39,Month-to-month,Credit card,Fiber optic,Yes,Yes,No,No,5,39.2,4,1,True,1,False,0
2268,31,Male,9,76.62,656.8,One year,Bank transfer,DSL,Yes,No,Yes,No,11,49.8,3,1,False,12,False,1
2269,33,Male,21,106.39,2328.04,Month-to-month,Bank transfer,Fiber optic,Yes,No,No,No,9,21.0,1,2,False,1,False,0
2270,63,Male,18,110.61,1965.26,One year,Bank transfer,Fiber optic,Yes,No,Yes,No,10,65.5,3,6,True,12,False,0
2271,61,Female,26,77.29,1937.93,One year,Electronic check,DSL,Yes,Yes,No,No,5,9.3,0,1,False,12,False,0
2272,54,Male,32,64.96,2153.74,Two year,Credit card,DSL,Yes,No,Yes,Yes,11,102.9,4,3,True,24,False,1
2273,28,Male,13,95.19,1219.46,Month-to-month,Electronic check,DSL,No,No,Yes,Yes,8,47.4,3,4,False,1,False,1
2274,40,Female,52,103.27,5408.2,One year,Electronic check,Fiber optic,No,Yes,No,No,8,34.2,3,0,False,12,False,1
2275,63,Female,39,133.02,5184.37,Month-to-month,Electronic check,Fiber optic,Yes,No,Yes,Yes,9,25.7,1,4,True,1,False,1
2276,47,Female,36,79.53,2891.12,Month-to-month,Credit card,DSL,Yes,No,No,No,4,51.5,0,2,True,1,False,0
2277,79,Male,14,124.61,1688.49,Two year,Electronic check,Fiber optic,No,Yes,No,No,7,48.3,1,3,False,24,True,0
2278,50,Female,1,82.31,81.45,One year,Mailed check,DSL,No,No,Yes,Yes,7,77.7,3,4,True,12,False,1
2279,47,Female,16,117.43,1840.43,Month-to-month,Bank transfer,Fiber optic,No,No,Yes,Yes,7,115.1,2,5,False,1,False,1
2280,40,Male,54,77.36,4292.95,One year,Mailed check,DSL,No,Yes,Yes,No,12,60.7,4,5,False,12,False,0
2281,47,Male,5,31.78,163.4,Month-to-month,Electronic check,No,No,No,No,No,8,100.1,2,2,True,1,False,1
2282,42,Male,71,124.75,6305.555,Month-to-month,Credit card,Fiber optic,No,Yes,No,No,7,98.1,2,4,False,1,False,1
2283,55,Male,39,102.3,4188.54,One year,Mailed check,Fiber optic,No,No,No,No,8,128.1,3,2,True,12,False,1
2284,59,Female,29,71.5,1989.89,One year,Bank transfer,DSL,No,No,No,No,13,71.9,3,3,True,12,False,0
2285,33,Male,27,76.63,2061.59,Month-to-month,Credit card,DSL,Yes,No,Yes,Yes,5,128.4,3,4,False,1,False,1
2286,25,Female,21,111.87,2407.59,One year,Bank transfer,Fiber optic,No,No,No,No,8,60.6,1,2,True,12,False,0
2287,18,Male,30,81.13,2475.52,Month-to-month,Credit card,Fiber optic,No,No,No,No,11,27.1,4,1,False,1,False,1
2288,52,Male,13,98.22,1274.97,Month-to-month,Bank transfer,DSL,No,Yes,Yes,No,13,40.4,0,1,False,1,False,1
2289,28,Female,44,142.9,6035.71,Month-to-month,Bank transfer,Fiber optic,No,No,Yes,Yes,9,47.7,1,5,True,1,False,0
2290,18,Female,28,122.97,3432.41,Two year,Electronic check,Fiber optic,Yes,Yes,Yes,Yes,7,75.6,5,1,False,24,False,0
2291,50,Female,35,89.62,3279.83,Two year,Electronic check,DSL,No,Yes,No,No,5,97.8,1,0,True,24,False,0
2292,80,Male,37,141.58,5206.01,Month-to-month,Credit card,Fiber optic,No,No,Yes,Yes,7,10.8,1,0,False,1,True,1
2293,44,Male,2,57.45,109.48,Month-to-month,Bank transfer,No,No,Yes,Yes,Yes,12,125.7,1,2,False,1,False,1
2294,57,Female,1,102.08,101.07,One year,Bank transfer,DSL,No,Yes,Yes,Yes,9,34.5,2,1,False,12,False,1
2295,46,Female,38,144.4,5469.58,One year,Mailed check,Fiber optic,Yes,Yes,Yes,Yes,8,21.1,3,2,True,12,False,1
2296,43,Male,7,98.97,709.36,Month-to-month,Credit card,Fiber optic,Yes,No,Yes,No,10,88.0,4,2,False,1,False,1
2297,58,Female,20,29.51,574.15,Month-to-month,Electronic check,No,No,No,No,No,12,7.9,3,1,False,1,False,0
2298,40,Female,14,103.97,1467.47,Two year,Mailed check,DSL,Yes,No,Yes,No,16,66.6,2,1,True,24,False,1
2299,49,Male,1,33.56,32.46,One year,Electronic check,No,No,Yes,No,No,8,90.1,0,0,False,12,False,0
2300,49,Female,1,57.39,58.06,Month-to-month,Credit card,DSL,Yes,Yes,No,No,8,16.2,0,5,True,1,False,1
2301,34,Male,42,143.08,6022.56,One year,Credit card,Fiber optic,No,Yes,Yes,Yes,10,104.4,0,5,False,12,False,1
2302,59,Male,22,78.4,1786.8,Month-to-month,Electronic check,DSL,Yes,No,Yes,Yes,13,87.0,3,2,False,1,False,1
2303,42,Male,17,86.89,1471.56,Month-to-month,Bank transfer,DSL,No,No,Yes,No,10,63.2,3,1,False,1,False,1
2304,33,Female,69,118.36,6305.555,Two year,Bank transfer,Fiber optic,No,Yes,Yes,Yes,2,117.6,1,1,False,24,False,0
2305,53,Female,4,117.81,472.7,Month-to-month,Electronic check,Fiber optic,No,Yes,Yes,No,5,47.8,0,4,False,1,False,1
2306,31,Female,7,90.02,633.89,Month-to-month,Credit card,DSL,No,Yes,No,No,6,10.6,1,3,False,1,False,0
2307,45,Female,33,86.95,2752.35,Month-to-month,Credit card,DSL,No,Yes,Yes,Yes,6,101.4,5,1,False,1,False,1
2308,44,Male,35,61.44,2165.51,Two year,Credit card,DSL,No,Yes,No,No,7,129.1,2,2,True,24,False,1
2309,61,Male,12,80.22,981.34,One year,Credit card,DSL,Yes,No,Yes,Yes,6,107.0,4,1,False,12,False,1
2310,52,Female,71,82.53,6170.66,Month-to-month,Credit card,DSL,Yes,Yes,No,No,11,28.9,4,2,True,1,False,1
2311,44,Female,66,51.2,3282.41,One year,Bank transfer,DSL,No,Yes,No,No,6,91.1,1,1,False,12,False,0
2312,57,Female,1,70.73,70.42,Month-to-month,Mailed check,DSL,Yes,No,No,No,6,5.9,4,1,False,1,False,1
2313,65,Female,4,124.71,476.81,Month-to-month,Credit card,Fiber optic,Yes,No,Yes,No,3,13.3,3,2,True,1,True,1
2314,53,Male,41,136.2,5396.64,One year,Bank transfer,Fiber optic,Yes,No,No,No,8,37.9,4,3,True,12,False,0
2315,45,Female,9,89.7,841.63,Month-to-month,Bank transfer,DSL,No,No,Yes,No,6,78.3,6,3,True,1,False,1
2316,25,Male,2,75.51,157.64,Two year,Bank transfer,DSL,No,No,No,No,8,60.3,0,1,False,24,False,1
2317,29,Female,36,121.91,4187.46,One year,Mailed check,Fiber optic,No,No,Yes,No,12,96.9,4,1,False,12,False,1
2318,40,Female,14,90.38,1269.67,Month-to-month,Mailed check,DSL,No,Yes,Yes,Yes,8,56.8,4,3,False,1,False,0
2319,35,Female,16,101.87,1570.84,One year,Bank transfer,Fiber optic,Yes,No,Yes,Yes,4,127.8,1,5,False,12,False,0
2320,42,Male,4,62.65,255.73,Month-to-month,Bank transfer,No,No,Yes,Yes,No,4,11.8,3,6,False,1,False,1
2321,45,Female,25,97.85,2476.42,One year,Credit card,Fiber optic,No,Yes,No,No,7,108.8,1,3,True,12,False,1
2322,52,Male,19,114.76,2184.05,Month-to-month,Credit card,Fiber optic,Yes,Yes,No,No,5,106.6,0,2,False,1,False,1
2323,43,Male,5,101.72,509.6,Month-to-month,Bank transfer,Fiber optic,No,No,Yes,No,10,84.1,1,1,True,1,False,1
2324,52,Female,9,71.37,649.78,One year,Electronic check,DSL,No,No,Yes,Yes,7,35.3,2,0,False,12,False,0
2325,45,Male,21,123.88,2585.96,Two year,Credit card,Fiber optic,No,No,Yes,No,8,113.7,3,3,False,24,False,0
2326,18,Male,62,24.36,1545.35,Month-to-month,Credit card,No,No,Yes,No,No,9,14.7,4,2,False,1,False,0
2327,30,Male,60,30.84,1889.67,Month-to-month,Bank transfer,No,No,No,No,No,8,122.9,0,2,False,1,False,1
2328,42,Female,8,155.91,1227.05,Month-to-month,Bank transfer,Fiber optic,Yes,No,Yes,Yes,11,87.9,1,1,False,1,False,1
2329,26,Male,31,93.22,2953.5,Month-to-month,Electronic check,DSL,No,No,Yes,Yes,8,107.9,2,2,False,1,False,0
2330,53,Male,35,67.78,2335.04,Month-to-month,Electronic check,DSL,No,No,No,No,7,86.8,2,2,False,1,False,1
2331,67,Female,39,79.45,3125.87,One year,Credit card,DSL,No,No,No,No,5,79.0,3,3,False,12,True,1
2332,63,Female,20,126.96,2465.95,Month-to-month,Electronic check,Fiber optic,No,No,Yes,Yes,7,70.8,3,1,False,1,False,1
2333,41,Male,1,81.95,80.44,Two year,Bank transfer,DSL,Yes,Yes,Yes,No,10,82.6,1,1,True,24,False,0
2334,67,Male,34,86.54,2859.5,Month-to-month,Electronic check,DSL,Yes,No,Yes,No,11,107.8,3,2,False,1,True,1
2335,47,Male,2,111.99,234.93,Two year,Credit card,Fiber optic,No,Yes,Yes,Yes,10,55.6,3,1,True,24,False,1
2336,39,Male,2,100.06,202.35,Month-to-month,Credit card,DSL,No,No,Yes,Yes,9,123.4,1,3,True,1,False,1
2337,35,Female,22,94.12,2106.76,Two year,Bank transfer,Fiber optic,Yes,No,Yes,Yes,7,19.8,3,0,False,24,False,0
2338,40,Female,71,82.57,6026.86,Month-to-month,Electronic check,DSL,Yes,No,Yes,Yes,13,88.8,1,3,False,1,False,0
2339,39,Male,6,112.12,641.01,One year,Bank transfer,Fiber optic,No,Yes,No,No,7,18.8,0,2,False,12,False,0
2340,47,Female,24,91.15,2235.4,Month-to-month,Electronic check,DSL,No,Yes,No,No,11,56.3,2,2,False,1,False,0
2341,47,Male,8,133.02,1093.85,Month-to-month,Bank transfer,Fiber optic,Yes,Yes,Yes,Yes,7,13.8,2,1,False,1,False,1
2342,45,Female,54,94.53,5023.24,Month-to-month,Bank transfer,Fiber optic,No,No,Yes,Yes,9,75.8,3,3,True,1,False,1
2343,51,Female,21,117.55,2489.92,Month-to-month,Bank transfer,Fiber optic,No,Yes,No,No,5,120.3,3,0,False,1,False,0
2344,62,Male,5,130.02,619.39,One year,Electronic check,Fiber optic,No,Yes,Yes,Yes,12,120.5,4,3,True,12,False,1
2345,59,Male,7,114.74,780.08,One year,Bank transfer,Fiber optic,Yes,No,Yes,Yes,10,98.4,1,0,False,12,False,0
2346,22,Male,13,55.43,698.41,One year,Bank transfer,DSL,Yes,No,No,No,0,33.3,0,2,False,12,False,1
2347,18,Male,3,105.44,308.61,Month-to-month,Credit card,Fiber optic,Yes,Yes,No,No,9,49.0,3,2,False,1,False,1
2348,59,Female,1,85.94,84.93,Month-to-month,Bank transfer,DSL,Yes,Yes,No,No,5,127.7,2,2,False,1,False,1
2349,24,Female,27,85.45,2242.18,Two year,Credit card,DSL,No,No,Yes,Yes,6,50.2,2,4,False,24,False,0
2350,41,Male,12,87.93,1026.53,One year,Credit card,DSL,Yes,Yes,Yes,Yes,6,81.2,1,1,True,12,False,0
2351,27,Female,31,84.41,2736.1,Month-to-month,Bank transfer,DSL,Yes,No,Yes,Yes,8,17.4,1,1,False,1,False,1
2352,18,Female,2,61.55,120.06,One year,Credit card,No,No,Yes,Yes,Yes,13,126.8,3,1,False,12,False,1
2353,53,Male,22,99.34,2200.09,Two year,Electronic check,DSL,Yes,Yes,Yes,No,3,88.1,2,4,True,24,False,0
2354,56,Male,14,108.01,1533.65,Two year,Bank transfer,DSL,No,Yes,Yes,Yes,6,53.2,2,4,True,24,False,0
2355,36,Female,1,123.14,120.81,Month-to-month,Credit card,Fiber optic,Yes,No,Yes,No,6,50.3,3,1,False,1,False,1
2356,18,Male,18,64.64,1113.31,Two year,Credit card,DSL,No,No,No,No,8,54.4,1,1,True,24,False,0
2357,36,Male,2,20.81,41.51,Month-to-month,Credit card,No,No,No,No,No,6,71.9,4,2,False,1,False,1
2358,50,Female,42,44.61,1965.26,One year,Bank transfer,No,No,No,No,No,5,27.9,4,3,False,12,False,0
2359,22,Female,23,89.29,2009.61,Month-to-month,Credit card,DSL,No,No,Yes,Yes,9,52.9,1,1,True,1,False,1
2360,47,Male,19,76.42,1380.03,One year,Bank transfer,DSL,No,No,Yes,Yes,6,106.8,0,1,True,12,False,0
2361,44,Female,3,82.0,253.3,One year,Credit card,DSL,No,No,Yes,Yes,9,87.6,3,3,False,12,False,1
2362,53,Male,8,118.85,927.16,Month-to-month,Bank transfer,Fiber optic,No,No,No,No,3,29.1,1,2,True,1,False,0
2363,46,Male,16,50.04,828.71,Month-to-month,Electronic check,DSL,No,No,No,No,6,122.9,1,1,True,1,False,0
2364,30,Female,24,118.68,2778.67,One year,Electronic check,Fiber optic,Yes,No,No,No,6,37.6,1,2,True,12,False,1
2365,62,Female,4,127.52,529.03,Month-to-month,Credit card,Fiber optic,Yes,No,No,No,8,94.0,1,2,False,1,False,1
2366,42,Male,1,90.56,94.31,Month-to-month,Bank transfer,Fiber optic,No,Yes,No,No,8,129.5,0,2,False,1,False,0
2367,44,Male,10,75.04,756.46,Month-to-month,Credit card,DSL,No,No,No,No,5,22.4,3,0,False,1,False,1
2368,31,Male,15,76.42,1184.57,One year,Electronic check,DSL,Yes,No,No,No,3,103.5,3,5,False,12,False,0
2369,38,Female,4,126.69,525.36,Two year,Credit card,Fiber optic,No,Yes,Yes,No,7,12.3,1,0,False,24,False,0
2370,31,Male,16,120.25,1895.05,One year,Bank transfer,Fiber optic,No,Yes,Yes,Yes,5,56.0,4,1,False,12,False,1
2371,42,Female,9,68.64,627.55,Month-to-month,Bank transfer,DSL,Yes,Yes,No,No,6,127.7,0,3,True,1,False,1
2372,70,Male,14,126.55,1790.23,Month-to-month,Electronic check,Fiber optic,No,Yes,Yes,Yes,8,83.7,1,4,False,1,True,1
2373,24,Female,10,91.27,906.18,Month-to-month,Electronic check,Fiber optic,Yes,Yes,No,No,7,36.8,0,1,True,1,False,1
2374,20,Male,23,101.88,2403.41,Two year,Electronic check,DSL,Yes,No,Yes,Yes,13,31.4,1,2,False,24,False,1
2375,67,Female,1,46.24,46.11,Month-to-month,Electronic check,No,No,No,Yes,Yes,9,64.6,1,3,False,1,True,1
2376,41,Male,4,102.38,399.99,Month-to-month,Electronic check,Fiber optic,Yes,No,No,No,10,103.5,0,3,False,1,False,1
2377,34,Male,13,89.12,1132.76,One year,Mailed check,Fiber optic,Yes,No,No,No,5,21.3,4,1,True,12,False,0
2378,60,Male,10,58.31,553.98,Two year,Bank transfer,No,No,Yes,Yes,Yes,7,17.9,1,2,True,24,False,1
2379,35,Male,11,116.36,1225.61,Month-to-month,Credit card,Fiber optic,No,Yes,Yes,No,15,21.4,3,3,True,1,False,1
2380,72,Female,39,100.47,3777.75,Month-to-month,Bank transfer,Fiber optic,Yes,Yes,Yes,Yes,12,50.5,0,3,True,1,True,1
2381,55,Female,52,146.03,6305.555,One year,Bank transfer,Fiber optic,No,No,Yes,Yes,6,118.9,0,3,False,12,False,0
2382,37,Female,6,106.55,614.81,One year,Credit card,Fiber optic,No,Yes,No,No,6,113.6,1,1,True,12,False,0
2383,77,Female,43,79.39,3318.09,Month-to-month,Bank transfer,DSL,Yes,Yes,Yes,Yes,7,121.3,1,2,False,1,True,1
2384,35,Female,14,74.55,1041.18,One year,Electronic check,DSL,Yes,Yes,No,No,11,67.1,4,3,False,12,False,1
2385,56,Male,7,82.38,567.15,Month-to-month,Credit card,DSL,No,No,Yes,Yes,10,48.3,2,0,False,1,False,1
2386,49,Female,71,113.74,6305.555,Two year,Bank transfer,Fiber optic,Yes,No,No,No,7,45.6,2,2,False,24,False,0
2387,64,Female,41,98.48,3876.76,Month-to-month,Bank transfer,Fiber optic,Yes,No,No,No,5,76.1,2,1,False,1,False,0
2388,68,Female,71,134.08,6305.555,Month-to-month,Bank transfer,Fiber optic,No,No,Yes,Yes,6,65.3,1,1,False,1,True,0
2389,45,Female,4,109.06,450.42,One year,Credit card,Fiber optic,Yes,No,No,No,5,43.1,0,3,False,12,False,0
2390,33,Male,3,69.24,207.67,One year,Credit card,DSL,No,Yes,Yes,No,9,107.4,0,3,False,12,False,0
2391,51,Male,16,97.37,1499.79,One year,Credit card,DSL,Yes,No,Yes,No,9,18.8,4,3,False,12,False,0
2392,34,Male,24,67.13,1546.09,One year,Bank transfer,DSL,Yes,Yes,Yes,Yes,7,66.5,1,3,False,12,False,1
2393,75,Male,4,66.87,258.36,Month-to-month,Credit card,DSL,Yes,No,Yes,Yes,10,107.4,3,0,True,1,True,1
2394,47,Female,47,132.46,6026.33,Month-to-month,Credit card,Fiber optic,No,No,Yes,Yes,10,64.5,4,0,False,1,False,1
2395,39,Female,18,108.72,2006.73,Month-to-month,Bank transfer,Fiber optic,Yes,No,No,No,8,115.2,1,2,False,1,False,1
2396,47,Male,12,86.8,1090.81,Two year,Electronic check,DSL,Yes,No,Yes,No,8,18.6,5,1,True,24,False,0
2397,24,Male,22,102.04,2302.29,Month-to-month,Electronic check,Fiber optic,Yes,No,No,No,4,64.0,2,1,True,1,False,1
2398,30,Female,24,51.37,1265.95,Month-to-month,Electronic check,No,No,No,Yes,No,12,17.2,1,3,False,1,False,1
2399,63,Female,1,68.69,71.76,Month-to-month,Credit card,DSL,No,No,No,No,10,32.4,4,6,False,1,False,1
2400,35,Male,71,147.97,6305.555,Two year,Credit card,Fiber optic,No,Yes,Yes,Yes,10,20.8,1,1,False,24,False,1
2401,29,Male,10,71.28,684.24,Two year,Bank transfer,DSL,Yes,Yes,No,No,11,43.4,2,4,False,24,False,0
2402,53,Male,1,127.54,132.59,Two year,Credit card,Fiber optic,No,Yes,Yes,Yes,9,99.3,3,4,False,24,False,0
2403,62,Male,45,88.03,3981.69,Month-to-month,Bank transfer,DSL,No,No,Yes,No,7,51.3,2,1,False,1,False,1
2404,55,Female,71,133.9,6305.555,One year,Electronic check,Fiber optic,Yes,Yes,Yes,Yes,2,97.4,2,2,False,12,False,1
2405,59,Female,40,108.09,4193.92,Month-to-month,Bank transfer,Fiber optic,No,Yes,Yes,No,4,28.0,0,1,False,1,False,0
2406,33,Female,45,47.64,2166.73,Month-to-month,Bank transfer,No,No,No,Yes,Yes,6,78.6,1,2,True,1,False,0
2407,23,Male,23,109.53,2553.64,Month-to-month,Bank transfer,Fiber optic,Yes,No,Yes,Yes,10,124.8,0,2,False,1,False,0
2408,67,Female,61,80.09,5011.87,Month-to-month,Credit card,DSL,No,Yes,Yes,Yes,9,109.0,3,2,False,1,True,1
2409,40,Female,1,127.39,129.25,One year,Electronic check,Fiber optic,No,No,Yes,Yes,7,46.4,2,4,True,12,False,1
2410,41,Male,34,128.63,4469.98,Two year,Bank transfer,Fiber optic,Yes,No,Yes,Yes,8,8.0,0,0,False,24,False,0
2411,64,Male,26,138.68,3682.86,Month-to-month,Credit card,Fiber optic,No,No,Yes,Yes,6,23.3,2,3,False,1,False,1
2412,53,Male,1,47.94,45.79,Two year,Mailed check,No,No,No,Yes,Yes,12,50.3,5,2,False,24,False,1
2413,51,Male,18,121.64,2235.8,Month-to-month,Credit card,Fiber optic,Yes,No,Yes,Yes,12,95.8,1,0,False,1,False,0
2414,77,Male,17,134.47,2208.15,Month-to-month,Electronic check,Fiber optic,Yes,No,Yes,No,5,29.7,2,2,True,1,True,1
2415,35,Male,28,67.11,1879.22,Month-to-month,Electronic check,DSL,No,No,No,No,8,120.6,0,4,True,1,False,0
2416,58,Female,1,76.57,74.67,Month-to-month,Electronic check,DSL,No,Yes,Yes,Yes,8,8.3,1,1,True,1,False,1
2417,45,Female,39,27.5,1091.87,Month-to-month,Credit card,No,No,Yes,No,No,12,61.9,1,2,False,1,False,1
2418,49,Female,3,61.6,181.13,One year,Electronic check,No,No,No,Yes,Yes,4,44.0,4,0,False,12,False,0
2419,67,Female,13,92.39,1250.61,One year,Mailed check,DSL,Yes,Yes,Yes,No,9,112.2,4,3,False,12,True,1
2420,52,Female,51,106.23,5172.78,Two year,Bank transfer,Fiber optic,Yes,Yes,Yes,No,8,40.4,1,2,False,24,False,1
2421,53,Female,19,113.14,2143.69,Month-to-month,Credit card,Fiber optic,No,Yes,Yes,Yes,5,120.2,2,3,True,1,False,0
2422,61,Male,11,100.42,1096.61,One year,Credit card,Fiber optic,No,No,No,No,8,111.0,2,1,False,12,False,1
2423,39,Male,1,87.45,84.75,One year,Credit card,Fiber optic,No,Yes,No,No,6,41.9,4,1,True,12,False,0
2424,32,Male,26,85.5,2127.4,Two year,Credit card,DSL,Yes,No,Yes,Yes,11,126.7,1,2,False,24,False,0
2425,29,Female,71,51.7,3620.29,Month-to-month,Credit card,No,No,No,Yes,Yes,10,102.1,1,2,False,1,False,1
2426,18,Female,58,82.19,4590.46,Two year,Bank transfer,DSL,No,Yes,Yes,Yes,4,11.8,1,2,True,24,False,1
2427,75,Male,30,122.77,3567.46,One year,Bank transfer,Fiber optic,No,Yes,No,No,9,54.5,2,1,True,12,True,0
2428,28,Male,2,115.11,238.48,One year,Mailed check,Fiber optic,No,No,No,No,9,62.6,4,2,False,12,False,1
2429,41,Male,6,118.23,725.31,Month-to-month,Credit card,Fiber optic,No,No,No,No,8,97.4,1,2,False,1,False,0
2430,40,Male,4,125.75,484.98,Month-to-month,Bank transfer,Fiber optic,Yes,Yes,Yes,Yes,7,103.3,2,3,True,1,False,1
2431,49,Male,10,127.75,1328.78,Month-to-month,Bank transfer,Fiber optic,No,Yes,No,No,10,121.0,1,3,False,1,False,1
2432,57,Female,6,141.93,884.56,Month-to-month,Electronic check,Fiber optic,Yes,Yes,Yes,Yes,9,129.8,3,1,False,1,False,1
2433,57,Female,6,118.2,691.6,Month-to-month,Electronic check,Fiber optic,No,Yes,No,No,5,21.6,3,3,False,1,False,1
2434,36,Female,23,71.88,1578.5,Two year,Electronic check,DSL,No,No,Yes,No,2,116.2,3,6,False,24,False,0
2435,42,Male,9,58.62,537.78,Month-to-month,Bank transfer,No,No,Yes,Yes,Yes,9,117.8,2,2,False,1,False,1
2436,49,Female,27,67.67,1842.21,Month-to-month,Electronic check,DSL,No,No,No,No,3,80.9,5,2,False,1,False,0
2437,41,Male,70,143.33,6305.555,Month-to-month,Bank transfer,Fiber optic,Yes,No,Yes,No,10,102.0,3,1,False,1,False,1
2438,69,Female,24,66.07,1514.01,Month-to-month,Credit card,DSL,No,Yes,No,No,10,88.1,4,0,False,1,True,1
2439,52,Male,33,118.4,3762.64,Month-to-month,Electronic check,Fiber optic,Yes,Yes,Yes,Yes,11,125.3,1,0,False,1,False,1
2440,56,Male,33,69.95,2331.7,One year,Bank transfer,DSL,Yes,No,No,No,8,15.6,5,2,False,12,False,0
2441,54,Female,9,34.5,315.83,Month-to-month,Bank transfer,No,No,Yes,Yes,No,12,51.7,2,2,False,1,False,1
2442,62,Female,1,57.7,56.01,One year,Bank transfer,DSL,Yes,No,No,No,6,114.8,2,3,True,12,False,1
2443,47,Female,1,83.45,83.01,Month-to-month,Credit card,DSL,Yes,Yes,No,No,8,17.1,0,4,False,1,False,1
2444,25,Female,7,122.81,891.89,Two year,Mailed check,Fiber optic,Yes,Yes,Yes,Yes,11,13.3,2,1,False,24,False,1
2445,50,Female,28,61.67,1681.92,Two year,Credit card,DSL,Yes,No,Yes,Yes,8,17.6,2,1,False,24,False,0
2446,35,Male,56,140.54,6305.555,Month-to-month,Mailed check,Fiber optic,Yes,Yes,Yes,Yes,5,9.0,0,0,False,1,False,0
2447,37,Female,71,67.99,4791.75,Two year,Bank transfer,No,No,No,Yes,No,13,28.0,2,4,False,24,False,0
2448,53,Female,1,97.66,101.16,Month-to-month,Credit card,Fiber optic,No,No,No,No,6,30.1,3,0,True,1,False,0
2449,63,Male,71,86.98,6305.555,Month-to-month,Mailed check,DSL,No,Yes,Yes,Yes,13,36.8,2,4,False,1,False,1
2450,45,Female,9,76.6,706.88,Month-to-month,Electronic check,DSL,Yes,No,Yes,Yes,3,121.8,2,2,True,1,False,0
2451,49,Male,44,59.52,2577.1,Month-to-month,Credit card,DSL,No,No,No,No,8,21.5,5,3,False,1,False,1
2452,70,Female,4,82.23,317.05,Two year,Bank transfer,DSL,No,No,Yes,Yes,5,85.8,3,0,True,24,True,0
2453,48,Female,1,99.83,96.32,Month-to-month,Bank transfer,DSL,Yes,No,Yes,Yes,4,97.7,6,1,False,1,False,1
2454,80,Male,11,26.2,278.53,Month-to-month,Credit card,No,No,Yes,No,No,6,116.8,0,3,False,1,True,0
2455,53,Female,47,106.17,4840.91,Month-to-month,Electronic check,Fiber optic,No,No,Yes,Yes,9,10.6,0,1,False,1,False,1
2456,18,Female,5,103.89,539.32,One year,Electronic check,DSL,Yes,Yes,Yes,No,8,39.6,1,4,False,12,False,1
2457,56,Female,4,63.55,253.93,Two year,Electronic check,DSL,No,Yes,No,No,3,5.9,4,6,False,24,False,1
2458,50,Female,57,123.81,6305.555,One year,Credit card,Fiber optic,No,No,Yes,No,8,118.1,2,3,False,12,False,1
2459,64,Male,66,83.59,5587.35,Month-to-month,Credit card,DSL,No,No,No,No,11,6.6,1,1,False,1,False,0
2460,55,Male,1,55.96,53.63,Month-to-month,Bank transfer,No,No,Yes,Yes,Yes,10,48.7,3,6,False,1,False,1
2461,42,Female,31,98.93,2969.88,Month-to-month,Credit card,DSL,Yes,No,Yes,Yes,7,66.3,3,1,False,1,False,0
2462,26,Female,8,58.03,466.73,Month-to-month,Credit card,No,No,No,Yes,Yes,10,113.9,2,1,False,1,False,1
2463,41,Male,11,118.48,1301.27,Month-to-month,Credit card,Fiber optic,No,No,Yes,No,6,115.9,4,1,True,1,False,1
2464,32,Male,15,63.07,919.79,Month-to-month,Bank transfer,No,No,No,Yes,No,9,31.2,4,1,True,1,False,1
2465,36,Female,13,73.32,909.99,Two year,Bank transfer,DSL,Yes,Yes,No,No,7,128.8,1,3,True,24,False,0
2466,53,Male,17,91.47,1570.83,Month-to-month,Credit card,DSL,No,No,Yes,Yes,7,40.0,4,0,False,1,False,1
2467,70,Male,20,120.77,2508.53,Two year,Credit card,Fiber optic,Yes,Yes,Yes,Yes,9,117.8,1,2,False,24,True,0
2468,50,Male,15,36.23,558.06,Two year,Credit card,No,No,No,Yes,Yes,6,108.0,2,1,True,24,False,1
2469,27,Male,29,102.82,2892.71,Two year,Bank transfer,Fiber optic,Yes,No,Yes,Yes,4,75.9,2,1,False,24,False,1
2470,51,Female,30,121.87,3728.29,Month-to-month,Credit card,Fiber optic,Yes,Yes,Yes,Yes,8,113.1,2,2,True,1,False,1
2471,62,Male,13,87.49,1106.83,Two year,Credit card,DSL,Yes,Yes,No,No,11,94.5,3,2,True,24,False,0
2472,35,Female,3,51.33,158.07,One year,Bank transfer,DSL,Yes,Yes,No,No,8,20.1,0,0,True,12,False,0
2473,42,Female,24,87.27,2148.0,One year,Bank transfer,DSL,No,Yes,Yes,Yes,6,51.1,0,4,False,12,False,0
2474,45,Male,35,111.27,3785.8,Month-to-month,Credit card,Fiber optic,No,No,Yes,Yes,10,17.6,2,3,False,1,False,0
2475,33,Female,24,60.11,1373.36,Month-to-month,Credit card,DSL,No,No,No,No,6,109.2,2,3,False,1,False,1
2476,54,Female,21,95.57,2011.55,Two year,Electronic check,DSL,No,No,Yes,Yes,9,76.2,0,0,False,24,False,1
2477,43,Male,6,97.27,591.27,Month-to-month,Bank transfer,Fiber optic,Yes,Yes,Yes,No,5,5.1,1,1,False,1,False,0
2478,51,Male,24,61.79,1449.38,Month-to-month,Credit card,No,No,Yes,Yes,Yes,6,120.5,1,1,False,1,False,1
2479,31,Male,9,116.07,1036.08,Month-to-month,Electronic check,Fiber optic,Yes,Yes,Yes,Yes,10,82.7,0,2,False,1,False,1
2480,38,Female,60,117.95,6305.555,Two year,Mailed check,Fiber optic,Yes,No,No,No,7,43.3,2,3,False,24,False,1
2481,55,Female,25,39.14,1000.84,Month-to-month,Electronic check,No,No,No,No,No,11,84.9,1,1,False,1,False,1
2482,39,Female,7,91.78,622.86,Two year,Electronic check,DSL,Yes,No,Yes,Yes,8,60.2,0,2,True,24,False,0
2483,70,Female,15,103.88,1494.66,Month-to-month,Mailed check,DSL,Yes,Yes,Yes,No,4,16.4,0,1,True,1,True,0
2484,39,Male,44,131.81,5666.17,Month-to-month,Mailed check,Fiber optic,No,No,Yes,Yes,8,86.5,2,0,False,1,False,0
2485,48,Female,9,102.76,924.64,Month-to-month,Bank transfer,Fiber optic,Yes,Yes,No,No,13,11.4,3,3,True,1,False,1
2486,58,Male,17,138.31,2266.36,One year,Credit card,Fiber optic,No,No,Yes,Yes,5,106.6,3,1,False,12,False,1
2487,23,Male,27,102.1,2681.93,Month-to-month,Electronic check,DSL,No,Yes,Yes,No,6,12.7,1,2,True,1,False,1
2488,18,Male,33,139.19,4591.31,Month-to-month,Credit card,Fiber optic,Yes,No,Yes,Yes,10,80.9,2,2,False,1,False,0
2489,22,Male,4,119.2,487.36,Month-to-month,Mailed check,Fiber optic,No,Yes,Yes,Yes,9,49.3,2,2,True,1,False,1
2490,63,Female,19,72.43,1311.04,Month-to-month,Mailed check,DSL,No,No,No,No,8,48.1,1,2,False,1,False,1
2491,36,Male,58,112.66,6305.555,One year,Credit card,Fiber optic,No,No,No,No,4,41.5,0,2,False,12,False,1
2492,80,Female,71,63.63,4528.2,Month-to-month,Bank transfer,DSL,No,Yes,No,No,7,22.6,1,2,False,1,True,1
2493,36,Male,25,44.67,1123.7,Month-to-month,Credit card,No,No,Yes,No,No,7,64.9,3,1,True,1,False,0
2494,47,Male,71,34.17,2494.81,Month-to-month,Electronic check,No,No,No,No,No,0,70.4,4,3,False,1,False,1
2495,68,Male,20,117.9,2248.82,Month-to-month,Electronic check,Fiber optic,Yes,No,No,No,8,116.5,5,1,False,1,True,1
2496,75,Female,14,27.29,383.53,Two year,Credit card,No,No,Yes,No,No,7,107.0,1,2,True,24,True,0
2497,75,Male,19,94.29,1871.27,Month-to-month,Electronic check,DSL,Yes,No,Yes,No,7,10.8,3,1,True,1,True,0
2498,63,Male,2,104.97,208.32,Month-to-month,Bank transfer,Fiber optic,Yes,Yes,Yes,Yes,8,35.7,0,1,True,1,False,0
2499,60,Male,12,121.87,1522.8,Month-to-month,Bank transfer,Fiber optic,No,No,Yes,Yes,4,124.1,0,5,False,1,False,1
2500,53,Male,14,129.36,1896.42,One year,Mailed check,Fiber optic,No,Yes,Yes,Yes,9,31.6,1,3,False,12,False,1
2501,56,Female,45,70.2,3196.75,One year,Mailed check,DSL,No,Yes,No,No,5,72.6,1,5,False,12,False,0
2502,36,Female,34,89.85,3060.15,Month-to-month,Bank transfer,Fiber optic,Yes,No,No,No,6,17.5,1,2,False,1,False,0
2503,32,Male,22,83.53,1887.82,One year,Mailed check,DSL,No,No,No,No,9,10.7,3,1,True,12,False,1
2504,44,Male,10,90.56,931.8,One year,Bank transfer,DSL,No,No,Yes,Yes,13,109.5,2,4,True,12,False,0
2505,42,Female,4,105.94,429.0,Month-to-month,Credit card,Fiber optic,No,Yes,No,No,10,15.4,6,5,False,1,False,1
2506,38,Female,10,135.73,1289.49,Month-to-month,Credit card,Fiber optic,No,No,Yes,Yes,9,15.2,1,1,False,1,False,1
2507,55,Female,27,146.32,4011.01,Month-to-month,Credit card,Fiber optic,No,No,Yes,Yes,8,95.6,2,2,False,1,False,1
2508,59,Male,7,120.55,876.0,One year,Credit card,Fiber optic,Yes,No,No,No,7,63.3,0,1,False,12,False,1
2509,46,Female,13,88.37,1099.17,Two year,Mailed check,DSL,No,No,Yes,Yes,7,26.0,3,3,False,24,False,1
2510,67,Male,11,96.38,1038.85,Month-to-month,Credit card,Fiber optic,No,Yes,No,No,8,58.9,2,4,False,1,True,0
2511,27,Female,34,83.83,2951.96,One year,Bank transfer,DSL,Yes,Yes,No,No,10,79.0,2,5,False,12,False,0
2512,42,Female,51,130.95,6305.555,Month-to-month,Bank transfer,Fiber optic,No,No,Yes,Yes,8,76.5,0,3,False,1,False,0
2513,34,Male,28,132.16,3557.7,Two year,Mailed check,Fiber optic,Yes,No,Yes,Yes,10,79.3,0,1,False,24,False,0
2514,18,Female,10,38.25,386.2,One year,Bank transfer,No,No,No,No,No,8,85.8,5,2,False,12,False,1
2515,43,Male,13,109.05,1434.39,One year,Electronic check,Fiber optic,Yes,No,Yes,Yes,9,41.0,2,2,False,12,False,1
2516,43,Female,3,122.25,352.43,Month-to-month,Mailed check,Fiber optic,No,No,No,No,9,6.2,3,3,True,1,False,1
2517,67,Male,4,107.65,416.47,Month-to-month,Bank transfer,Fiber optic,Yes,No,Yes,Yes,10,7.2,0,3,True,1,True,1
2518,54,Female,4,97.31,392.48,One year,Electronic check,DSL,No,Yes,Yes,No,8,107.6,2,3,False,12,False,1
2519,29,Female,3,90.53,269.23,Month-to-month,Electronic check,DSL,Yes,Yes,Yes,Yes,15,84.2,2,0,True,1,False,1
2520,72,Male,4,136.02,529.44,Month-to-month,Bank transfer,Fiber optic,No,No,Yes,No,6,32.0,0,4,False,1,True,1
2521,63,Male,5,96.75,489.9,Month-to-month,Credit card,DSL,Yes,Yes,Yes,Yes,7,75.6,3,3,True,1,False,1
2522,53,Male,2,122.85,236.12,Month-to-month,Mailed check,Fiber optic,No,No,Yes,No,10,20.9,2,1,False,1,False,1
2523,41,Male,24,56.86,1311.86,One year,Credit card,DSL,No,No,No,No,6,27.0,3,1,False,12,False,0
2524,30,Female,71,67.19,4600.82,Month-to-month,Electronic check,DSL,No,No,No,No,7,97.0,0,1,True,1,False,0
2525,39,Female,50,144.67,6305.555,Month-to-month,Bank transfer,Fiber optic,No,Yes,Yes,Yes,3,116.5,0,1,False,1,False,1
2526,61,Female,1,61.81,64.48,Month-to-month,Credit card,No,No,No,Yes,Yes,7,98.2,1,2,False,1,False,1
2527,73,Female,13,128.56,1591.16,Two year,Electronic check,Fiber optic,No,No,Yes,Yes,12,29.7,3,0,True,24,True,1
2528,68,Female,47,85.63,3985.08,Two year,Bank transfer,DSL,Yes,No,Yes,Yes,4,65.1,3,3,False,24,True,0
2529,37,Female,3,97.18,282.07,Month-to-month,Electronic check,DSL,No,Yes,Yes,Yes,11,56.8,1,1,True,1,False,1
2530,28,Male,45,58.45,2668.71,One year,Bank transfer,No,No,Yes,Yes,Yes,9,118.3,4,0,False,12,False,1
2531,47,Female,21,147.79,3087.28,Month-to-month,Electronic check,Fiber optic,No,Yes,Yes,Yes,6,35.6,4,2,False,1,False,1
2532,18,Female,64,53.97,3485.09,Month-to-month,Credit card,No,No,No,No,No,7,26.6,0,1,False,1,False,0
2533,49,Male,50,76.16,3937.55,One year,Bank transfer,DSL,Yes,No,No,No,5,124.4,5,1,False,12,False,1
2534,42,Female,27,38.57,1048.57,Month-to-month,Electronic check,No,No,Yes,No,No,6,12.5,0,1,True,1,False,1
2535,38,Female,25,123.19,3090.8,Month-to-month,Mailed check,Fiber optic,Yes,No,Yes,Yes,6,6.9,1,2,False,1,False,1
2536,21,Female,5,43.99,212.11,One year,Credit card,No,No,Yes,No,No,7,33.7,1,4,False,12,False,0
2537,52,Male,2,83.76,166.89,Two year,Electronic check,DSL,No,Yes,Yes,Yes,8,90.5,2,2,True,24,False,0
2538,37,Male,12,136.79,1662.44,Two year,Mailed check,Fiber optic,No,Yes,Yes,Yes,13,37.0,1,1,True,24,False,0
2539,27,Female,4,117.08,477.99,One year,Credit card,Fiber optic,Yes,Yes,Yes,Yes,9,108.0,4,2,False,12,False,1
2540,18,Male,2,111.77,214.2,Month-to-month,Electronic check,Fiber optic,Yes,Yes,Yes,Yes,5,32.6,1,3,False,1,False,1
2541,44,Female,8,112.3,915.01,Month-to-month,Electronic check,Fiber optic,No,No,Yes,Yes,10,91.0,1,1,False,1,False,1
2542,71,Female,47,131.69,6001.16,Two year,Credit card,Fiber optic,No,Yes,Yes,Yes,11,92.2,1,1,False,24,True,0
2543,69,Female,1,31.07,31.57,Month-to-month,Bank transfer,No,No,Yes,No,No,14,90.6,2,2,False,1,True,1
2544,38,Male,8,114.07,892.45,One year,Electronic check,Fiber optic,No,Yes,No,No,2,26.9,1,2,False,12,False,0
2545,35,Female,13,92.97,1219.59,Month-to-month,Bank transfer,Fiber optic,No,No,No,No,11,121.7,2,2,True,1,False,1
2546,52,Female,17,139.37,2287.61,Month-to-month,Mailed check,Fiber optic,Yes,Yes,Yes,No,14,103.6,2,2,False,1,False,1
2547,30,Female,4,107.81,451.09,Month-to-month,Credit card,Fiber optic,Yes,No,Yes,Yes,9,97.7,0,3,True,1,False,0
2548,49,Female,71,80.25,5893.97,Two year,Bank transfer,DSL,Yes,No,Yes,Yes,7,11.5,0,1,True,24,False,1
2549,56,Female,20,77.07,1503.58,Month-to-month,Bank transfer,DSL,Yes,No,Yes,Yes,9,112.2,2,1,False,1,False,1
2550,63,Male,17,120.94,2124.16,One year,Bank transfer,Fiber optic,Yes,Yes,Yes,Yes,15,37.5,3,1,False,12,False,1
2551,43,Female,1,94.71,99.04,Two year,Electronic check,DSL,No,No,Yes,Yes,10,42.4,2,4,False,24,False,1
2552,41,Male,15,139.87,2107.06,Two year,Bank transfer,Fiber optic,No,Yes,Yes,Yes,8,108.3,2,5,False,24,False,1
2553,31,Female,43,139.79,5920.17,Month-to-month,Bank transfer,Fiber optic,No,Yes,Yes,No,4,25.4,1,1,False,1,False,0
2554,32,Male,5,108.78,526.99,Month-to-month,Credit card,Fiber optic,No,No,No,No,5,93.8,3,0,True,1,False,1
2555,41,Female,10,37.52,379.62,Two year,Bank transfer,No,No,Yes,No,No,11,42.9,4,3,False,24,False,0
2556,50,Female,1,115.01,112.13,Month-to-month,Bank transfer,Fiber optic,Yes,No,No,No,13,113.2,3,2,True,1,False,1
2557,58,Male,71,71.93,5379.29,Month-to-month,Bank transfer,DSL,Yes,No,Yes,Yes,8,33.4,2,3,False,1,False,0
2558,32,Male,1,101.5,99.19,Month-to-month,Bank transfer,DSL,Yes,No,Yes,Yes,7,72.9,1,4,False,1,False,1
2559,67,Female,54,46.62,2418.33,Month-to-month,Credit card,No,No,Yes,Yes,No,13,85.9,3,1,False,1,True,1
2560,40,Male,9,59.06,557.52,Month-to-month,Bank transfer,No,No,No,Yes,No,8,62.8,0,3,False,1,False,0
2561,44,Male,21,114.25,2372.4,One year,Credit card,Fiber optic,Yes,Yes,Yes,Yes,6,128.7,5,2,True,12,False,1
2562,33,Female,27,93.74,2570.49,One year,Electronic check,DSL,No,Yes,Yes,Yes,13,61.6,2,1,True,12,False,1
2563,18,Female,3,72.86,213.46,Month-to-month,Bank transfer,DSL,No,Yes,Yes,Yes,9,112.5,0,2,True,1,False,1
2564,58,Female,14,120.77,1648.53,Two year,Bank transfer,Fiber optic,No,No,No,No,9,56.6,1,5,True,24,False,1
2565,56,Female,9,119.97,1072.21,Month-to-month,Electronic check,Fiber optic,Yes,Yes,Yes,Yes,7,50.0,4,1,False,1,False,1
2566,40,Female,1,98.12,101.53,Month-to-month,Electronic check,Fiber optic,No,No,No,No,10,18.7,3,3,False,1,False,1
2567,46,Male,42,133.59,5646.44,Two year,Electronic check,Fiber optic,Yes,Yes,Yes,Yes,9,28.0,4,0,True,24,False,1
2568,52,Female,1,119.68,119.97,Month-to-month,Bank transfer,Fiber optic,No,No,Yes,No,10,102.7,3,2,False,1,False,1
2569,21,Male,25,93.01,2298.6,One year,Credit card,DSL,No,Yes,Yes,Yes,8,30.4,0,4,False,12,False,0
2570,37,Female,9,75.5,662.33,One year,Electronic check,DSL,No,Yes,Yes,No,2,49.0,0,4,True,12,False,0
2571,56,Female,5,114.69,588.42,One year,Credit card,Fiber optic,Yes,Yes,No,No,6,16.1,5,2,False,12,False,1
2572,26,Male,26,111.81,2766.24,Month-to-month,Bank transfer,Fiber optic,No,No,Yes,Yes,7,105.7,3,2,False,1,False,1
2573,49,Female,20,78.04,1629.1,Month-to-month,Bank transfer,DSL,No,No,Yes,Yes,9,91.7,1,3,False,1,False,0
2574,24,Male,9,61.49,568.34,Month-to-month,Credit card,DSL,Yes,No,No,No,10,13.6,2,0,True,1,False,1
2575,51,Male,17,123.79,2066.46,Month-to-month,Bank transfer,Fiber optic,Yes,No,Yes,Yes,5,58.8,2,3,False,1,False,0
2576,44,Male,6,67.75,420.23,Month-to-month,Electronic check,DSL,Yes,No,No,No,8,86.0,5,5,False,1,False,1
2577,20,Female,47,130.72,6045.44,Two year,Bank transfer,Fiber optic,Yes,Yes,Yes,No,10,68.5,5,2,False,24,False,1
2578,62,Female,9,113.84,1005.88,Month-to-month,Credit card,Fiber optic,Yes,No,Yes,Yes,7,107.2,0,2,True,1,False,1
2579,33,Female,6,56.86,334.59,Two year,Bank transfer,DSL,Yes,Yes,No,No,8,118.6,2,4,False,24,False,0
2580,32,Female,33,94.85,3099.23,Month-to-month,Bank transfer,Fiber optic,Yes,Yes,No,No,8,19.9,3,3,False,1,False,0
2581,48,Female,1,99.17,102.41,One year,Mailed check,DSL,Yes,Yes,Yes,Yes,7,121.6,1,3,True,12,False,0
2582,62,Female,7,68.76,469.76,Two year,Bank transfer,DSL,No,No,No,No,8,100.1,1,2,False,24,False,1
2583,29,Male,11,71.25,793.09,Two year,Bank transfer,DSL,No,No,No,No,10,39.3,4,3,False,24,False,0
2584,45,Female,51,87.76,4325.91,Month-to-month,Bank transfer,Fiber optic,No,No,No,No,9,126.9,1,2,False,1,False,0
2585,51,Female,71,113.62,6305.555,Two year,Bank transfer,Fiber optic,No,No,No,No,4,74.2,3,2,False,24,False,0
2586,55,Female,30,77.41,2257.92,Month-to-month,Electronic check,DSL,No,No,Yes,Yes,8,111.2,2,2,True,1,False,1
2587,47,Female,16,116.26,1922.0,Month-to-month,Bank transfer,Fiber optic,No,Yes,No,No,6,37.7,3,1,True,1,False,0
2588,39,Male,24,68.76,1606.48,One year,Credit card,DSL,No,No,No,No,9,115.9,4,2,False,12,False,1
2589,32,Male,12,93.25,1113.11,Two year,Credit card,Fiber optic,No,No,No,No,7,27.2,2,5,True,24,False,0
2590,46,Male,8,123.01,960.47,Two year,Electronic check,Fiber optic,Yes,No,Yes,Yes,6,81.4,1,0,False,24,False,0
2591,28,Male,71,136.68,6305.555,Month-to-month,Bank transfer,Fiber optic,No,No,Yes,Yes,6,54.6,6,5,False,1,False,1
2592,18,Male,2,59.68,121.3,One year,Bank transfer,DSL,Yes,Yes,No,No,7,19.2,2,1,False,12,False,0
2593,51,Female,10,96.14,924.64,Two year,Bank transfer,DSL,Yes,Yes,Yes,No,16,6.2,0,3,False,24,False,0
2594,58,Male,55,99.87,5658.55,Month-to-month,Bank transfer,Fiber optic,No,No,No,No,7,31.4,1,1,False,1,False,0
2595,18,Male,30,95.03,2964.62,One year,Bank transfer,DSL,No,Yes,Yes,Yes,6,31.8,1,2,False,12,False,1
2596,29,Female,1,26.42,25.27,Month-to-month,Credit card,No,No,No,No,No,9,13.3,5,3,True,1,False,1
2597,54,Female,1,58.22,55.88,Month-to-month,Credit card,DSL,No,No,No,No,9,108.5,3,3,False,1,False,1
2598,75,Male,17,96.08,1561.47,One year,Bank transfer,Fiber optic,No,Yes,No,No,9,38.5,1,0,False,12,True,0
2599,45,Female,15,117.84,1725.12,Month-to-month,Bank transfer,Fiber optic,Yes,No,Yes,Yes,10,116.9,2,1,True,1,False,0
2600,34,Female,14,95.34,1393.21,Month-to-month,Bank transfer,Fiber optic,Yes,No,No,No,9,25.2,1,1,False,1,False,0
2601,42,Male,8,108.65,842.21,Month-to-month,Credit card,Fiber optic,No,No,Yes,No,8,119.1,1,3,False,1,False,0
2602,65,Female,71,110.74,6305.555,One year,Credit card,Fiber optic,Yes,Yes,Yes,Yes,2,64.9,2,3,False,12,True,0
2603,35,Male,7,62.07,425.92,Month-to-month,Electronic check,DSL,Yes,Yes,No,No,5,50.7,2,0,False,1,False,0
2604,33,Male,16,105.31,1731.25,Month-to-month,Electronic check,Fiber optic,Yes,Yes,Yes,Yes,16,83.3,1,1,False,1,False,1
2605,37,Female,12,103.4,1252.29,One year,Credit card,DSL,Yes,No,Yes,Yes,9,6.0,1,3,False,12,False,0
2606,30,Male,4,117.27,456.04,Month-to-month,Bank transfer,Fiber optic,Yes,Yes,No,No,6,49.5,2,2,True,1,False,1
2607,46,Male,5,136.23,705.85,Two year,Bank transfer,Fiber optic,No,Yes,Yes,No,6,73.1,2,3,True,24,False,0
2608,69,Female,60,66.17,3789.2,Month-to-month,Electronic check,DSL,No,No,No,No,4,99.0,3,2,False,1,True,1
2609,49,Female,46,114.38,5004.13,Month-to-month,Credit card,Fiber optic,No,No,Yes,Yes,14,51.6,2,2,False,1,False,1
2610,41,Female,5,67.77,336.65,Month-to-month,Bank transfer,DSL,Yes,Yes,Yes,Yes,5,7.1,2,1,False,1,False,1
2611,40,Female,50,93.6,4642.29,Month-to-month,Electronic check,Fiber optic,Yes,No,No,No,14,75.6,3,3,False,1,False,1
2612,21,Male,5,141.51,718.77,Two year,Bank transfer,Fiber optic,No,No,Yes,Yes,7,93.7,3,4,False,24,False,1
2613,58,Female,23,90.94,1993.6,Month-to-month,Electronic check,DSL,No,Yes,Yes,Yes,6,56.7,1,2,True,1,False,1
2614,43,Female,2,77.82,158.48,One year,Credit card,DSL,Yes,No,No,No,5,28.4,1,1,False,12,False,1
2615,42,Male,50,113.04,5677.48,Month-to-month,Mailed check,Fiber optic,Yes,Yes,Yes,Yes,8,109.2,2,1,False,1,False,0
2616,80,Male,1,92.72,91.12,One year,Bank transfer,DSL,Yes,Yes,Yes,Yes,7,98.7,1,4,False,12,True,0
2617,49,Male,19,67.07,1271.3,Two year,Bank transfer,DSL,No,No,No,No,3,35.4,3,4,False,24,False,1
2618,33,Male,36,126.43,4353.96,Month-to-month,Credit card,Fiber optic,Yes,Yes,No,No,2,24.9,2,4,False,1,False,0
2619,38,Female,2,96.56,192.05,One year,Credit card,Fiber optic,Yes,Yes,No,No,6,100.1,0,3,True,12,False,1
2620,62,Female,12,79.35,956.64,Two year,Electronic check,DSL,No,No,Yes,Yes,7,74.9,1,2,True,24,False,0
2621,46,Male,1,90.46,91.76,One year,Credit card,DSL,No,No,Yes,No,7,30.8,3,2,False,12,False,1
2622,23,Male,27,133.09,3416.9,Month-to-month,Credit card,Fiber optic,No,No,Yes,Yes,3,64.3,0,5,False,1,False,0
2623,58,Male,8,73.64,604.87,Month-to-month,Bank transfer,DSL,No,No,Yes,Yes,7,25.0,1,3,False,1,False,0
2624,34,Male,19,141.94,2643.11,Month-to-month,Electronic check,Fiber optic,No,No,Yes,No,7,92.7,1,0,False,1,False,1
2625,73,Female,64,96.07,6061.52,Two year,Bank transfer,Fiber optic,Yes,No,No,No,8,35.9,1,3,True,24,True,0
2626,61,Male,8,75.81,621.61,One year,Bank transfer,DSL,No,No,Yes,Yes,10,80.6,1,1,False,12,False,1
2627,38,Female,1,98.73,103.5,Two year,Bank transfer,Fiber optic,No,Yes,No,No,14,54.7,4,2,True,24,False,1
2628,64,Male,27,122.35,3318.17,Month-to-month,Credit card,Fiber optic,Yes,No,No,No,4,34.5,2,2,True,1,False,0
2629,46,Female,37,131.94,4689.59,Month-to-month,Bank transfer,Fiber optic,No,Yes,Yes,Yes,9,70.4,3,2,False,1,False,1
2630,57,Female,71,113.95,6305.555,Month-to-month,Electronic check,Fiber optic,No,No,Yes,No,8,29.1,2,0,False,1,False,1
2631,52,Female,4,111.1,466.62,Month-to-month,Electronic check,Fiber optic,No,No,No,No,10,90.5,0,1,False,1,False,1
2632,32,Female,11,103.28,1079.59,Month-to-month,Electronic check,Fiber optic,Yes,No,Yes,No,10,115.0,2,3,False,1,False,1
2633,35,Male,44,59.66,2507.3,Month-to-month,Electronic check,DSL,Yes,No,No,No,3,87.0,2,4,True,1,False,1
2634,60,Female,39,87.82,3405.88,Two year,Bank transfer,DSL,Yes,No,Yes,Yes,9,115.4,2,0,True,24,False,0
2635,39,Male,23,93.28,2041.15,Month-to-month,Credit card,DSL,Yes,No,Yes,Yes,8,89.2,2,3,False,1,False,1
2636,38,Female,7,47.09,323.99,Month-to-month,Bank transfer,No,No,Yes,No,No,10,84.7,2,2,True,1,False,0
2637,30,Female,8,49.52,384.82,Two year,Bank transfer,No,No,No,Yes,Yes,9,12.7,3,3,False,24,False,0
2638,51,Male,3,52.88,160.2,Two year,Bank transfer,DSL,Yes,Yes,No,No,5,28.3,1,2,False,24,False,0
2639,75,Male,61,124.85,6305.555,Month-to-month,Bank transfer,Fiber optic,Yes,No,No,No,10,61.2,0,0,False,1,True,0
2640,28,Female,4,86.4,338.61,Two year,Credit card,DSL,Yes,Yes,Yes,No,5,25.0,4,0,False,24,False,0
2641,45,Female,20,28.69,598.89,Month-to-month,Bank transfer,No,No,Yes,No,No,5,42.7,2,4,False,1,False,1
2642,66,Male,21,78.77,1679.24,Month-to-month,Credit card,DSL,Yes,No,No,No,8,29.9,1,0,False,1,True,1
2643,43,Female,11,108.49,1226.55,Two year,Bank transfer,Fiber optic,No,No,No,No,7,84.3,2,0,False,24,False,0
2644,51,Male,10,81.89,821.81,One year,Electronic check,DSL,Yes,Yes,Yes,Yes,7,123.6,2,1,True,12,False,1
2645,29,Male,26,96.17,2402.51,Two year,Credit card,DSL,No,Yes,Yes,No,7,111.6,3,2,False,24,False,0
2646,51,Male,11,64.18,701.98,Two year,Credit card,DSL,No,No,Yes,No,15,12.2,1,4,False,24,False,0
2647,42,Female,7,123.16,837.27,Month-to-month,Credit card,Fiber optic,No,Yes,Yes,Yes,11,102.1,3,2,False,1,False,1
2648,59,Female,12,96.12,1126.12,One year,Credit card,Fiber optic,Yes,Yes,Yes,Yes,10,25.9,2,2,False,12,False,1
2649,62,Male,39,64.19,2588.93,Month-to-month,Credit card,DSL,Yes,No,No,No,9,46.2,4,1,True,1,False,0
2650,80,Male,71,59.86,4479.88,Month-to-month,Bank transfer,DSL,No,Yes,No,No,6,96.8,3,3,False,1,True,1
2651,53,Male,24,114.7,2676.77,Month-to-month,Bank transfer,Fiber optic,Yes,Yes,Yes,Yes,6,58.4,1,0,False,1,False,1
2652,49,Male,36,29.84,1068.14,Month-to-month,Electronic check,No,No,No,No,No,9,104.3,0,2,True,1,False,1
2653,47,Female,18,88.86,1674.51,Two year,Electronic check,Fiber optic,Yes,Yes,No,No,7,117.4,2,4,False,24,False,1
2654,39,Male,23,131.43,3056.79,Two year,Bank transfer,Fiber optic,Yes,No,Yes,No,8,28.2,3,6,False,24,False,1
2655,50,Female,71,96.93,6305.555,One year,Bank transfer,DSL,Yes,No,Yes,Yes,11,26.7,6,2,True,12,False,1
2656,40,Male,13,120.69,1575.24,Month-to-month,Credit card,Fiber optic,No,No,No,No,8,37.7,3,2,False,1,False,1
2657,47,Female,1,114.93,114.79,One year,Bank transfer,Fiber optic,No,No,Yes,Yes,4,53.6,1,0,True,12,False,0
2658,64,Female,71,88.85,6305.555,One year,Electronic check,DSL,No,Yes,Yes,No,7,39.0,2,1,False,12,False,1
2659,29,Female,37,108.71,3949.53,Two year,Bank transfer,Fiber optic,Yes,No,No,No,10,128.8,1,2,False,24,False,0
2660,62,Female,12,99.8,1214.68,Month-to-month,Credit card,DSL,No,Yes,Yes,No,9,115.0,2,1,False,1,False,1
2661,64,Female,71,75.34,5434.47,Month-to-month,Credit card,DSL,No,No,Yes,Yes,6,9.0,2,4,False,1,False,1
2662,43,Male,10,64.82,662.89,Two year,Bank transfer,DSL,Yes,Yes,No,No,3,28.1,2,2,False,24,False,1
2663,18,Male,11,82.03,869.61,Two year,Mailed check,DSL,No,No,Yes,No,12,70.9,1,2,False,24,False,0
2664,35,Female,22,70.99,1589.11,Month-to-month,Bank transfer,DSL,No,Yes,No,No,4,58.7,4,3,True,1,False,1
2665,64,Male,7,118.66,842.12,Month-to-month,Mailed check,Fiber optic,No,Yes,Yes,Yes,10,26.4,1,3,False,1,False,0
2666,44,Male,28,103.83,3024.52,Two year,Electronic check,Fiber optic,No,Yes,Yes,No,10,108.3,1,4,False,24,False,0
2667,30,Male,3,46.12,136.64,One year,Credit card,No,No,No,No,No,7,13.5,3,5,False,12,False,0
2668,37,Male,2,81.04,167.82,One year,Electronic check,DSL,Yes,Yes,Yes,Yes,11,108.0,2,2,False,12,False,0
2669,57,Male,18,59.41,1019.65,Month-to-month,Bank transfer,DSL,Yes,Yes,No,No,11,71.3,3,4,True,1,False,0
2670,53,Male,19,32.72,608.14,Month-to-month,Bank transfer,No,No,Yes,No,No,8,96.1,1,1,False,1,False,1
2671,41,Male,2,119.72,229.71,Month-to-month,Credit card,Fiber optic,Yes,No,Yes,Yes,6,110.7,1,3,False,1,False,0
2672,39,Female,71,133.82,6305.555,One year,Credit card,Fiber optic,No,No,Yes,Yes,8,118.2,3,1,True,12,False,1
2673,39,Male,20,113.58,2234.69,Month-to-month,Credit card,Fiber optic,Yes,No,Yes,Yes,4,94.8,4,3,False,1,False,1
2674,31,Male,3,126.39,383.69,Month-to-month,Electronic check,Fiber optic,Yes,No,No,No,7,23.2,1,3,False,1,False,1
2675,69,Male,8,86.03,658.24,Month-to-month,Electronic check,DSL,No,No,Yes,Yes,8,59.1,4,2,False,1,True,1
2676,40,Female,38,29.21,1077.77,Month-to-month,Credit card,No,No,No,No,No,14,13.5,4,2,False,1,False,1
2677,63,Female,17,77.86,1353.57,Month-to-month,Credit card,DSL,Yes,No,Yes,Yes,11,40.2,0,4,False,1,False,1
2678,67,Male,5,71.59,364.66,Month-to-month,Electronic check,DSL,No,No,Yes,No,7,91.9,0,1,True,1,True,1
2679,59,Female,2,102.72,207.02,Two year,Bank transfer,Fiber optic,No,No,No,No,15,105.1,2,1,False,24,False,1
2680,38,Female,13,80.29,1065.12,Month-to-month,Bank transfer,Fiber optic,Yes,Yes,No,No,7,99.5,1,1,True,1,False,1
2681,51,Male,9,44.12,405.88,Month-to-month,Credit card,No,No,Yes,No,No,9,28.7,2,0,False,1,False,0
2682,44,Female,25,90.93,2207.09,Month-to-month,Electronic check,DSL,Yes,No,No,No,11,125.0,2,2,False,1,False,1
2683,31,Male,62,100.2,6231.98,Two year,Electronic check,Fiber optic,Yes,No,Yes,No,4,110.1,2,4,True,24,False,1
2684,49,Female,6,126.98,778.4,Month-to-month,Credit card,Fiber optic,Yes,No,Yes,Yes,10,111.3,0,3,True,1,False,0
2685,27,Male,46,80.51,3765.97,Month-to-month,Credit card,DSL,Yes,Yes,Yes,Yes,8,44.1,1,2,False,1,False,1
2686,62,Female,60,96.27,5758.36,Month-to-month,Credit card,Fiber optic,No,No,No,No,10,14.9,2,0,False,1,False,0
2687,38,Male,55,108.92,5948.19,One year,Mailed check,Fiber optic,No,No,No,No,6,95.1,3,1,False,12,False,1
2688,48,Male,71,109.62,6305.555,One year,Electronic check,Fiber optic,Yes,Yes,Yes,No,6,43.8,2,3,False,12,False,1
2689,49,Female,44,48.27,2099.62,Month-to-month,Credit card,No,No,No,No,No,9,68.2,1,0,False,1,False,1
2690,41,Male,21,99.91,2132.1,Month-to-month,Electronic check,Fiber optic,Yes,No,No,No,8,14.9,1,1,False,1,False,1
2691,53,Male,12,101.47,1205.08,Month-to-month,Electronic check,Fiber optic,No,No,No,No,5,37.2,1,1,False,1,False,0
2692,37,Female,16,125.95,2029.89,One year,Bank transfer,Fiber optic,Yes,No,No,No,8,109.0,3,0,False,12,False,1
2693,58,Male,49,116.11,5942.18,One year,Bank transfer,Fiber optic,Yes,No,No,No,10,63.5,1,1,True,12,False,1
2694,24,Male,8,52.99,404.72,Month-to-month,Mailed check,No,No,Yes,Yes,No,13,59.3,3,1,True,1,False,1
2695,46,Female,4,107.59,441.32,One year,Electronic check,DSL,No,Yes,Yes,Yes,13,70.7,0,4,False,12,False,1
2696,74,Male,3,121.62,373.17,Month-to-month,Electronic check,Fiber optic,No,No,Yes,Yes,7,25.8,2,2,False,1,True,1
2697,29,Female,42,96.63,4060.33,One year,Mailed check,DSL,Yes,No,Yes,Yes,13,42.4,2,2,False,12,False,1
2698,34,Male,34,108.33,3552.97,One year,Electronic check,Fiber optic,Yes,Yes,Yes,Yes,10,45.9,1,2,True,12,False,1
2699,52,Female,16,127.42,2009.5,Two year,Electronic check,Fiber optic,No,No,Yes,No,11,80.2,0,3,False,24,False,1
2700,47,Female,7,42.64,292.8,Month-to-month,Bank transfer,No,No,No,Yes,Yes,4,123.5,1,3,False,1,False,1
2701,50,Male,27,39.72,1095.21,Month-to-month,Credit card,No,No,No,Yes,Yes,15,110.4,3,5,False,1,False,1
2702,52,Female,1,111.22,111.25,Month-to-month,Credit card,Fiber optic,No,No,Yes,Yes,12,58.9,3,2,False,1,False,1
2703,54,Male,20,116.3,2291.39,Month-to-month,Bank transfer,Fiber optic,No,Yes,Yes,Yes,7,114.6,1,4,False,1,False,0
2704,61,Male,12,97.61,1187.93,Month-to-month,Electronic check,Fiber optic,No,Yes,Yes,No,8,81.9,1,3,True,1,False,0
2705,51,Female,71,97.77,6305.555,Month-to-month,Credit card,DSL,No,Yes,Yes,No,6,8.6,3,2,False,1,False,1
2706,41,Male,17,92.71,1598.35,Month-to-month,Mailed check,DSL,Yes,No,Yes,Yes,12,68.5,2,3,False,1,False,1
2707,55,Male,19,99.09,1972.2,Two year,Credit card,Fiber optic,Yes,Yes,No,No,11,32.8,2,1,False,24,False,1
2708,73,Female,29,112.27,3160.25,One year,Credit card,Fiber optic,No,Yes,Yes,Yes,10,87.7,4,3,False,12,True,1
2709,43,Male,15,96.37,1387.36,Month-to-month,Electronic check,DSL,Yes,Yes,Yes,Yes,4,51.7,2,2,True,1,False,1
2710,30,Male,6,81.9,512.47,Month-to-month,Bank transfer,DSL,No,No,Yes,Yes,8,108.3,1,1,False,1,False,1
2711,61,Female,18,78.27,1388.99,Month-to-month,Credit card,DSL,No,No,Yes,Yes,5,48.7,2,0,True,1,False,1
2712,43,Male,69,65.26,4577.72,Month-to-month,Bank transfer,DSL,Yes,Yes,Yes,Yes,5,51.7,0,1,False,1,False,0
2713,18,Male,12,64.97,767.81,Month-to-month,Credit card,DSL,No,Yes,Yes,Yes,6,67.4,2,1,True,1,False,1
2714,57,Female,27,82.3,2295.26,Month-to-month,Electronic check,DSL,Yes,Yes,No,No,8,111.8,0,2,False,1,False,1
2715,36,Male,71,82.01,5898.65,Two year,Credit card,DSL,No,No,Yes,No,8,14.1,0,4,False,24,False,0
2716,43,Male,42,112.05,4617.92,One year,Bank transfer,Fiber optic,No,No,No,No,3,72.1,1,2,True,12,False,0
2717,49,Female,25,78.54,2025.91,Month-to-month,Bank transfer,DSL,No,No,No,No,10,82.8,3,1,False,1,False,1
2718,47,Male,31,43.0,1300.9,Two year,Credit card,No,No,No,Yes,Yes,12,40.8,1,0,False,24,False,0
2719,55,Male,66,104.3,6305.555,Month-to-month,Electronic check,Fiber optic,Yes,Yes,Yes,Yes,6,60.4,1,2,False,1,False,0
2720,38,Female,71,92.49,6305.555,Month-to-month,Credit card,DSL,No,No,Yes,Yes,7,75.7,3,1,False,1,False,1
2721,52,Female,71,73.13,5237.58,Month-to-month,Bank transfer,DSL,Yes,Yes,Yes,Yes,5,28.0,1,0,False,1,False,0
2722,41,Male,23,143.51,3342.41,One year,Mailed check,Fiber optic,Yes,No,Yes,No,10,45.9,0,2,False,12,False,0
2723,56,Male,11,95.44,1066.01,Month-to-month,Bank transfer,DSL,Yes,No,Yes,Yes,3,36.0,1,3,True,1,False,1
2724,54,Female,3,54.07,161.68,Month-to-month,Credit card,No,No,Yes,No,No,5,98.4,3,0,True,1,False,1
2725,30,Male,11,83.13,881.91,Two year,Credit card,Fiber optic,Yes,No,No,No,7,90.0,2,1,True,24,False,0
2726,61,Male,68,94.38,6305.555,Month-to-month,Electronic check,Fiber optic,Yes,No,No,No,12,58.0,1,2,False,1,False,0
2727,36,Male,52,48.07,2595.91,One year,Bank transfer,No,No,No,Yes,Yes,5,6.9,2,2,True,12,False,1
2728,57,Female,17,114.29,2023.88,Two year,Electronic check,Fiber optic,No,Yes,Yes,Yes,7,102.1,2,5,True,24,False,0
2729,50,Male,18,30.42,525.58,Month-to-month,Bank transfer,No,No,Yes,No,No,9,71.8,5,0,False,1,False,1
2730,72,Male,8,53.65,438.57,Two year,Electronic check,No,No,No,No,No,8,83.6,1,1,False,24,True,1
2731,41,Female,14,53.48,726.89,One year,Bank transfer,No,No,No,Yes,Yes,5,78.6,1,3,False,12,False,0
2732,39,Female,30,107.14,3086.41,Two year,Bank transfer,Fiber optic,No,No,No,No,9,124.0,4,2,True,24,False,1
2733,44,Female,12,66.97,769.17,Month-to-month,Credit card,DSL,No,No,No,No,5,100.8,3,0,False,1,False,1
2734,40,Male,4,71.28,270.99,Two year,Bank transfer,DSL,No,No,Yes,Yes,8,45.8,2,2,False,24,False,0
2735,56,Male,18,66.46,1246.78,Month-to-month,Bank transfer,DSL,No,Yes,No,No,8,117.1,3,2,False,1,False,0
2736,20,Female,6,38.46,233.18,One year,Bank transfer,No,No,No,No,No,7,19.0,2,2,True,12,False,0
2737,29,Male,71,100.28,6305.555,Month-to-month,Mailed check,DSL,No,Yes,Yes,No,10,7.9,2,4,False,1,False,0
2738,28,Male,11,78.15,886.42,Month-to-month,Electronic check,DSL,No,No,No,No,7,21.1,2,2,True,1,False,0
2739,59,Male,57,102.28,6040.85,Month-to-month,Bank transfer,Fiber optic,Yes,Yes,No,No,1,16.4,1,4,False,1,False,1
2740,70,Male,6,73.79,420.81,Month-to-month,Electronic check,DSL,No,No,No,No,9,108.2,1,3,False,1,True,1
2741,43,Female,5,117.12,600.51,Month-to-month,Mailed check,Fiber optic,Yes,Yes,Yes,Yes,6,78.0,4,0,False,1,False,1
2742,42,Female,23,58.7,1335.11,Month-to-month,Bank transfer,No,No,No,Yes,Yes,8,14.2,1,3,False,1,False,1
2743,46,Male,36,103.54,3663.28,Month-to-month,Electronic check,Fiber optic,Yes,Yes,No,No,5,116.7,1,4,False,1,False,1
2744,62,Female,20,115.41,2364.66,Month-to-month,Bank transfer,Fiber optic,Yes,No,No,No,7,20.1,4,2,False,1,False,1
2745,31,Male,6,121.57,724.33,Month-to-month,Credit card,Fiber optic,No,No,Yes,No,4,117.9,1,3,True,1,False,1
2746,48,Male,1,96.9,101.61,Month-to-month,Bank transfer,Fiber optic,No,No,Yes,No,7,32.1,0,0,False,1,False,1
2747,59,Female,23,68.2,1622.39,Two year,Bank transfer,DSL,Yes,No,No,No,9,7.2,2,1,False,24,False,1
2748,52,Female,3,132.87,386.32,One year,Credit card,Fiber optic,Yes,No,Yes,No,8,37.8,2,0,False,12,False,1
2749,47,Male,10,103.5,1036.38,Month-to-month,Electronic check,DSL,No,Yes,Yes,Yes,8,20.0,1,2,False,1,False,1
2750,60,Male,27,96.47,2657.88,Month-to-month,Mailed check,Fiber optic,No,Yes,Yes,Yes,10,118.8,5,2,True,1,False,1
2751,18,Male,2,117.73,231.53,One year,Electronic check,Fiber optic,No,Yes,No,No,5,73.3,1,4,False,12,False,0
2752,55,Male,3,79.85,231.59,Month-to-month,Bank transfer,DSL,No,No,Yes,Yes,5,39.2,1,5,True,1,False,1
2753,35,Female,1,124.97,124.23,Month-to-month,Credit card,Fiber optic,Yes,No,Yes,Yes,7,36.9,2,2,False,1,False,1
2754,18,Female,71,136.52,6305.555,Month-to-month,Bank transfer,Fiber optic,No,No,Yes,Yes,10,49.9,3,1,False,1,False,1
2755,52,Male,11,79.43,850.63,Two year,Credit card,DSL,No,Yes,Yes,No,14,50.5,1,3,False,24,False,1
2756,65,Male,56,103.28,5911.04,Month-to-month,Bank transfer,DSL,Yes,Yes,Yes,No,5,89.0,2,3,False,1,True,0
2757,42,Female,8,134.27,1063.99,One year,Electronic check,Fiber optic,Yes,No,Yes,Yes,9,123.2,4,6,False,12,False,1
2758,59,Male,33,102.86,3373.63,Month-to-month,Bank transfer,Fiber optic,Yes,Yes,Yes,No,14,57.7,2,1,False,1,False,1
2759,69,Female,5,112.83,571.43,One year,Electronic check,Fiber optic,Yes,No,No,No,5,125.7,4,4,False,12,True,1
2760,64,Male,16,109.18,1726.14,Month-to-month,Bank transfer,Fiber optic,Yes,No,Yes,Yes,8,31.4,0,4,False,1,False,1
2761,69,Female,41,122.08,4978.06,Month-to-month,Credit card,Fiber optic,No,No,Yes,No,10,73.0,0,3,False,1,True,1
2762,56,Male,40,22.19,910.14,Month-to-month,Bank transfer,No,No,Yes,No,No,10,83.9,3,2,False,1,False,1
2763,46,Male,37,87.56,3247.5,Two year,Bank transfer,DSL,No,No,Yes,Yes,1,116.9,3,1,True,24,False,0
2764,20,Male,41,26.62,1128.08,Month-to-month,Credit card,No,No,No,No,No,3,16.7,1,2,True,1,False,0
2765,41,Female,5,131.04,665.68,Month-to-month,Mailed check,Fiber optic,Yes,Yes,Yes,No,6,87.5,1,3,True,1,False,1
2766,32,Female,15,119.96,1792.78,One year,Bank transfer,Fiber optic,Yes,Yes,Yes,Yes,7,24.7,2,2,True,12,False,0
2767,77,Male,15,128.58,2008.03,One year,Credit card,Fiber optic,No,Yes,No,No,5,98.1,0,3,False,12,True,1
2768,42,Male,53,85.89,4514.15,Month-to-month,Bank transfer,DSL,Yes,No,Yes,No,11,66.2,0,2,False,1,False,0
2769,46,Male,8,116.58,975.2,Month-to-month,Bank transfer,Fiber optic,No,No,No,No,11,97.3,4,3,False,1,False,1
2770,53,Male,64,87.65,5825.08,Month-to-month,Bank transfer,DSL,Yes,Yes,Yes,No,7,9.4,2,3,False,1,False,1
2771,45,Female,14,86.81,1192.38,Month-to-month,Credit card,DSL,No,No,Yes,Yes,10,106.7,2,3,False,1,False,0
2772,70,Female,26,121.82,3016.08,Two year,Electronic check,Fiber optic,No,No,Yes,Yes,7,116.4,1,2,True,24,True,1
2773,35,Female,7,71.01,486.27,Month-to-month,Bank transfer,DSL,Yes,No,No,No,7,31.9,4,1,False,1,False,1
2774,47,Male,12,76.77,917.7,Two year,Electronic check,DSL,No,No,No,No,10,52.7,1,3,False,24,False,1
2775,33,Male,29,26.87,810.22,Month-to-month,Bank transfer,No,No,No,No,No,9,54.4,4,0,False,1,False,1
2776,25,Female,17,30.87,509.09,Month-to-month,Bank transfer,No,No,No,No,No,9,97.0,2,2,True,1,False,1
2777,35,Male,64,111.17,6305.555,Month-to-month,Bank transfer,Fiber optic,Yes,No,Yes,No,10,68.8,3,2,False,1,False,1
2778,44,Female,32,105.63,3542.74,One year,Credit card,Fiber optic,Yes,Yes,No,No,7,93.6,2,0,True,12,False,0
2779,38,Female,19,41.4,784.66,Month-to-month,Credit card,No,No,No,Yes,Yes,9,20.8,0,3,True,1,False,1
2780,34,Female,52,146.23,6305.555,One year,Electronic check,Fiber optic,No,Yes,Yes,No,11,106.7,1,4,True,12,False,1
2781,23,Female,26,65.65,1751.04,One year,Mailed check,No,No,No,Yes,Yes,6,70.4,3,1,True,12,False,0
2782,43,Male,25,71.62,1763.39,Month-to-month,Electronic check,DSL,Yes,No,No,No,11,13.0,2,4,False,1,False,1
2783,22,Female,6,120.05,708.05,Month-to-month,Electronic check,Fiber optic,No,No,Yes,Yes,5,20.2,4,3,False,1,False,1
2784,56,Male,12,57.46,661.95,Month-to-month,Mailed check,DSL,No,No,No,No,4,115.7,2,3,False,1,False,1
2785,46,Female,27,99.19,2805.67,One year,Credit card,Fiber optic,No,No,Yes,Yes,5,107.8,2,2,True,12,False,0
2786,23,Female,53,108.56,5980.38,Month-to-month,Mailed check,Fiber optic,Yes,No,No,No,6,116.2,3,2,False,1,False,1
2787,40,Female,9,121.68,1072.7,One year,Credit card,Fiber optic,No,No,No,No,3,38.5,1,4,True,12,False,1
2788,33,Female,5,129.2,617.84,Month-to-month,Electronic check,Fiber optic,Yes,Yes,Yes,No,7,42.4,4,1,True,1,False,1
2789,49,Male,21,41.41,868.36,One year,Bank transfer,No,No,Yes,Yes,Yes,10,79.7,2,1,True,12,False,0
2790,65,Male,1,44.54,43.09,One year,Credit card,No,No,Yes,Yes,Yes,8,67.6,4,2,False,12,True,1
2791,18,Male,30,94.3,2826.95,Month-to-month,Mailed check,DSL,Yes,Yes,Yes,Yes,7,104.7,2,2,False,1,False,1
2792,46,Male,29,108.8,3242.14,Two year,Mailed check,Fiber optic,Yes,No,Yes,Yes,10,32.1,0,1,False,24,False,0
2793,42,Female,10,81.43,804.02,One year,Credit card,DSL,Yes,Yes,No,No,6,59.7,4,1,False,12,False,0
2794,55,Male,53,122.58,6305.555,Month-to-month,Credit card,Fiber optic,Yes,No,Yes,Yes,9,50.1,1,3,True,1,False,0
2795,48,Male,16,84.94,1365.72,One year,Electronic check,DSL,Yes,No,Yes,No,11,48.4,1,4,False,12,False,1
2796,33,Female,24,112.24,2667.31,One year,Bank transfer,DSL,Yes,No,Yes,No,8,73.5,1,2,False,12,False,1
2797,40,Male,5,86.38,452.11,Month-to-month,Bank transfer,DSL,No,No,Yes,Yes,6,67.6,4,2,False,1,False,0
2798,33,Male,12,112.92,1333.52,Month-to-month,Bank transfer,Fiber optic,No,No,Yes,Yes,11,115.8,5,1,False,1,False,1
2799,61,Male,47,117.55,5267.33,Month-to-month,Bank transfer,Fiber optic,Yes,No,No,No,16,80.3,3,3,False,1,False,1
2800,45,Male,5,89.52,463.09,Two year,Electronic check,DSL,Yes,No,No,No,9,69.2,0,0,False,24,False,0
2801,73,Female,11,111.99,1284.97,One year,Credit card,Fiber optic,Yes,Yes,No,No,9,58.1,2,3,False,12,True,1
2802,44,Female,9,46.57,418.53,Month-to-month,Credit card,No,No,Yes,Yes,Yes,11,10.6,2,1,True,1,False,1
2803,34,Male,3,104.67,300.88,Month-to-month,Bank transfer,Fiber optic,Yes,Yes,No,No,10,40.8,0,3,True,1,False,1
2804,22,Female,8,119.25,914.77,Month-to-month,Credit card,Fiber optic,No,No,No,No,12,26.4,1,4,False,1,False,1
2805,18,Male,6,115.96,700.5,Month-to-month,Mailed check,Fiber optic,Yes,No,No,No,4,80.9,0,0,True,1,False,1
2806,21,Male,61,76.76,4503.88,Month-to-month,Credit card,DSL,No,No,No,No,13,96.4,2,4,True,1,False,1
2807,49,Male,32,81.25,2521.0,Month-to-month,Bank transfer,DSL,Yes,No,Yes,Yes,6,40.7,2,2,False,1,False,0
2808,52,Female,9,35.98,332.92,Two year,Credit card,No,No,No,Yes,Yes,9,69.3,1,2,False,24,False,0
2809,21,Female,34,82.77,2735.91,Two year,Bank transfer,DSL,No,No,Yes,Yes,6,83.4,0,1,True,24,False,0
2810,58,Female,1,48.57,48.01,Month-to-month,Electronic check,No,No,No,Yes,Yes,9,104.9,3,2,True,1,False,1
2811,37,Female,17,87.27,1464.63,Month-to-month,Credit card,DSL,No,No,Yes,Yes,5,76.9,4,3,True,1,False,1
2812,47,Female,6,69.15,412.42,Two year,Bank transfer,DSL,No,Yes,No,No,9,56.0,2,5,True,24,False,1
2813,69,Female,2,61.02,121.07,Month-to-month,Electronic check,DSL,No,No,No,No,10,41.9,1,1,False,1,True,1
2814,58,Male,51,102.7,5249.18,One year,Credit card,Fiber optic,No,No,Yes,Yes,10,28.3,5,1,False,12,False,1
2815,40,Female,5,130.52,654.61,Two year,Credit card,Fiber optic,Yes,Yes,Yes,Yes,5,82.2,1,4,False,24,False,0
2816,31,Male,41,85.82,3421.6,One year,Electronic check,DSL,Yes,Yes,No,No,4,128.7,1,1,True,12,False,1
2817,18,Male,12,119.53,1384.09,Month-to-month,Credit card,Fiber optic,No,Yes,Yes,Yes,6,108.0,2,1,False,1,False,1
2818,34,Female,1,46.2,44.75,Two year,Bank transfer,No,No,No,No,No,6,72.1,4,4,False,24,False,1
2819,41,Male,31,129.18,3886.17,Two year,Bank transfer,Fiber optic,No,No,Yes,Yes,9,110.5,4,2,True,24,False,0
2820,30,Male,21,74.43,1613.2,One year,Credit card,DSL,Yes,Yes,No,No,5,89.5,0,1,False,12,False,0
2821,43,Male,10,74.6,778.09,Month-to-month,Bank transfer,DSL,No,No,No,No,7,50.4,2,5,False,1,False,1
2822,46,Female,7,135.58,971.74,One year,Bank transfer,Fiber optic,No,No,Yes,No,7,109.8,4,3,True,12,False,1
2823,41,Female,1,92.77,88.52,Month-to-month,Credit card,Fiber optic,No,No,No,No,7,8.2,0,0,False,1,False,1
2824,35,Male,68,48.13,3305.38,Month-to-month,Mailed check,No,No,Yes,Yes,Yes,3,70.8,5,0,False,1,False,1
2825,47,Female,16,117.33,1929.98,Month-to-month,Electronic check,Fiber optic,Yes,Yes,Yes,No,8,18.1,1,1,False,1,False,1
2826,51,Male,2,88.18,176.74,Two year,Credit card,DSL,No,No,No,No,6,21.1,3,2,False,24,False,1
2827,28,Female,48,119.15,5479.0,Two year,Bank transfer,Fiber optic,No,Yes,No,No,14,94.2,1,1,False,24,False,0
2828,66,Male,7,100.49,704.28,One year,Bank transfer,Fiber optic,Yes,Yes,No,No,8,101.7,1,1,True,12,True,0
2829,43,Male,5,85.96,435.7,Month-to-month,Electronic check,DSL,Yes,No,Yes,No,9,113.7,3,1,True,1,False,1
2830,45,Female,7,67.99,479.24,Month-to-month,Mailed check,No,No,No,Yes,Yes,10,46.2,1,2,False,1,False,1
2831,55,Female,19,103.38,2007.75,Two year,Bank transfer,Fiber optic,No,Yes,Yes,Yes,8,33.3,2,3,False,24,False,1
2832,48,Female,1,118.88,116.11,One year,Electronic check,Fiber optic,Yes,No,Yes,No,6,46.8,2,3,False,12,False,0
2833,59,Female,15,83.64,1279.39,Two year,Electronic check,DSL,No,Yes,No,No,8,107.6,2,5,False,24,False,1
2834,49,Female,54,89.58,4756.55,Month-to-month,Credit card,DSL,Yes,No,Yes,Yes,5,127.8,2,1,True,1,False,0
2835,35,Male,5,127.97,653.48,One year,Bank transfer,Fiber optic,Yes,Yes,Yes,Yes,7,22.4,3,4,True,12,False,1
2836,50,Male,9,83.4,749.73,Two year,Electronic check,Fiber optic,Yes,No,No,No,11,92.8,3,0,False,24,False,0
2837,27,Male,12,96.46,1190.27,Month-to-month,Credit card,DSL,No,No,Yes,Yes,7,64.2,0,2,True,1,False,1
2838,46,Female,21,85.56,1797.21,Month-to-month,Credit card,DSL,Yes,No,Yes,Yes,9,76.5,1,1,True,1,False,1
2839,44,Female,60,105.15,6175.05,Month-to-month,Bank transfer,Fiber optic,No,No,No,No,14,114.4,2,3,True,1,False,1
2840,41,Male,12,107.53,1353.56,Two year,Credit card,Fiber optic,Yes,No,No,No,9,118.1,1,2,False,24,False,1
2841,43,Male,1,83.74,81.58,One year,Bank transfer,DSL,No,Yes,Yes,No,10,10.5,1,0,True,12,False,0
2842,18,Male,10,92.2,913.02,One year,Bank transfer,Fiber optic,Yes,Yes,No,No,9,88.9,3,0,False,12,False,1
2843,36,Male,5,65.96,338.88,Month-to-month,Bank transfer,DSL,Yes,Yes,No,No,8,15.1,4,0,True,1,False,1
2844,46,Female,25,116.63,2920.95,One year,Mailed check,Fiber optic,Yes,Yes,Yes,Yes,8,35.4,2,1,False,12,False,0
2845,47,Male,1,116.93,119.07,One year,Bank transfer,Fiber optic,Yes,Yes,No,No,7,50.6,0,3,True,12,False,1
2846,29,Female,8,54.92,438.83,Month-to-month,Credit card,DSL,No,No,No,No,5,40.9,2,3,False,1,False,1
2847,63,Male,18,111.43,2027.91,Two year,Credit card,Fiber optic,Yes,Yes,Yes,No,8,19.3,2,2,True,24,False,0
2848,32,Female,7,95.04,666.09,Month-to-month,Credit card,DSL,Yes,Yes,Yes,Yes,4,111.9,2,3,True,1,False,1
2849,59,Female,19,86.84,1731.09,Month-to-month,Electronic check,DSL,No,Yes,Yes,No,11,8.8,1,2,False,1,False,1
2850,51,Female,2,120.09,233.15,Month-to-month,Bank transfer,Fiber optic,Yes,No,Yes,Yes,7,97.5,2,2,False,1,False,1
2851,35,Female,68,128.78,6305.555,Month-to-month,Mailed check,Fiber optic,No,No,Yes,Yes,9,14.1,0,1,True,1,False,1
2852,71,Male,8,106.35,847.78,One year,Credit card,Fiber optic,No,Yes,Yes,Yes,11,66.4,2,3,False,12,True,1
2853,27,Male,61,96.02,5579.11,Month-to-month,Credit card,DSL,Yes,No,Yes,No,4,32.2,3,0,False,1,False,1
2854,58,Male,9,101.78,959.8,Two year,Credit card,Fiber optic,Yes,No,No,No,7,72.5,3,0,True,24,False,0
2855,60,Female,36,80.83,3017.39,Month-to-month,Credit card,DSL,No,No,No,No,12,68.9,2,1,False,1,False,1
2856,34,Male,6,64.04,367.86,Month-to-month,Bank transfer,DSL,Yes,Yes,No,No,13,22.3,4,2,False,1,False,1
2857,65,Male,26,121.66,3126.31,One year,Credit card,Fiber optic,No,Yes,Yes,Yes,5,105.0,1,2,True,12,True,0
2858,41,Male,9,109.9,1025.05,One year,Credit card,Fiber optic,No,No,Yes,Yes,2,41.3,1,3,False,12,False,1
2859,49,Female,17,32.77,557.46,Month-to-month,Credit card,No,No,No,No,No,8,32.5,2,1,False,1,False,1
2860,48,Female,26,100.0,2710.22,Two year,Bank transfer,Fiber optic,No,No,Yes,Yes,8,79.6,1,3,False,24,False,0
2861,42,Female,21,77.94,1652.49,One year,Electronic check,DSL,Yes,Yes,Yes,No,4,29.1,4,2,True,12,False,1
2862,57,Male,20,36.23,747.04,Month-to-month,Credit card,No,No,Yes,No,No,2,44.5,1,1,True,1,False,0
2863,56,Male,1,72.04,71.68,Month-to-month,Bank transfer,DSL,No,No,Yes,Yes,10,8.1,6,4,False,1,False,1
2864,18,Male,6,105.77,608.77,Month-to-month,Electronic check,DSL,No,No,Yes,Yes,7,31.8,2,1,False,1,False,1
2865,64,Female,20,121.99,2373.19,Two year,Bank transfer,Fiber optic,Yes,Yes,No,No,9,108.0,1,2,True,24,False,0
2866,20,Male,1,40.66,39.18,Month-to-month,Bank transfer,No,No,Yes,No,No,9,112.9,3,1,True,1,False,1
2867,60,Female,6,133.98,828.14,Month-to-month,Electronic check,Fiber optic,Yes,No,Yes,Yes,9,55.0,2,0,False,1,False,1
2868,61,Female,6,93.98,587.77,Month-to-month,Credit card,Fiber optic,Yes,Yes,No,No,9,116.6,3,0,False,1,False,1
2869,28,Female,6,119.33,696.69,Month-to-month,Credit card,Fiber optic,No,No,Yes,Yes,7,57.3,2,1,False,1,False,1
2870,38,Female,18,111.04,1963.08,One year,Credit card,Fiber optic,No,Yes,No,No,6,104.1,1,0,False,12,False,0
2871,28,Male,20,130.8,2678.71,One year,Mailed check,Fiber optic,No,Yes,Yes,Yes,11,22.6,1,3,False,12,False,0
2872,41,Male,57,78.63,4452.06,Month-to-month,Bank transfer,DSL,Yes,Yes,Yes,Yes,8,51.0,4,2,False,1,False,0
2873,40,Female,11,81.31,922.16,Month-to-month,Credit card,DSL,Yes,Yes,Yes,Yes,10,109.5,1,1,True,1,False,0
2874,56,Male,62,89.77,5464.69,Month-to-month,Mailed check,DSL,No,No,Yes,Yes,12,25.9,2,3,False,1,False,0
2875,64,Female,25,55.72,1396.84,One year,Bank transfer,No,No,Yes,Yes,Yes,10,79.3,3,1,False,12,False,1
2876,65,Male,58,117.44,6305.555,Two year,Bank transfer,Fiber optic,No,No,Yes,Yes,8,57.4,1,0,False,24,True,1
2877,36,Male,43,105.99,4489.17,Month-to-month,Credit card,Fiber optic,Yes,No,No,No,3,55.3,3,2,False,1,False,0
2878,41,Female,27,80.16,2194.89,Month-to-month,Electronic check,DSL,Yes,No,Yes,Yes,3,116.2,3,2,True,1,False,0
2879,19,Female,10,66.71,676.85,Month-to-month,Bank transfer,DSL,Yes,No,No,No,6,46.9,1,1,False,1,False,0
2880,32,Female,6,115.52,682.86,Two year,Bank transfer,Fiber optic,Yes,No,Yes,Yes,8,8.5,5,4,False,24,False,1
2881,59,Female,6,90.81,558.13,Month-to-month,Bank transfer,DSL,Yes,No,Yes,Yes,11,64.4,4,0,False,1,False,0
2882,69,Male,71,117.53,6305.555,Month-to-month,Credit card,Fiber optic,Yes,No,No,No,7,11.7,2,0,False,1,True,1
2883,26,Female,71,99.84,6305.555,Month-to-month,Electronic check,DSL,Yes,Yes,Yes,Yes,10,13.5,1,3,False,1,False,0
2884,36,Male,30,107.14,3179.02,Month-to-month,Bank transfer,Fiber optic,Yes,Yes,Yes,Yes,16,124.3,0,3,False,1,False,1
2885,44,Female,51,100.76,4928.05,One year,Bank transfer,Fiber optic,Yes,Yes,No,No,10,27.9,1,0,True,12,False,0
2886,49,Male,60,110.18,6305.555,Month-to-month,Electronic check,Fiber optic,No,No,Yes,Yes,7,72.7,2,1,True,1,False,0
2887,32,Female,17,98.17,1642.69,Month-to-month,Mailed check,Fiber optic,No,Yes,No,No,6,84.3,2,1,True,1,False,0
2888,51,Male,23,115.48,2684.85,One year,Bank transfer,Fiber optic,Yes,Yes,Yes,Yes,6,49.8,1,2,False,12,False,1
2889,37,Male,13,106.89,1446.25,Month-to-month,Credit card,Fiber optic,No,No,No,No,10,7.5,1,2,False,1,False,1
2890,44,Male,13,32.51,436.79,One year,Bank transfer,No,No,No,Yes,No,10,110.7,2,3,False,12,False,0
2891,53,Female,1,111.87,113.32,Month-to-month,Bank transfer,Fiber optic,Yes,Yes,No,No,10,126.8,3,2,False,1,False,1
2892,45,Female,13,75.14,950.2,One year,Credit card,DSL,Yes,Yes,No,No,7,124.0,1,0,True,12,False,0
2893,38,Female,26,122.82,3198.54,Month-to-month,Electronic check,Fiber optic,Yes,No,Yes,No,11,64.6,2,0,False,1,False,1
2894,43,Female,13,115.39,1481.3,Two year,Bank transfer,Fiber optic,Yes,Yes,Yes,Yes,6,40.7,2,3,True,24,False,0
2895,43,Male,49,113.86,5629.94,Month-to-month,Bank transfer,Fiber optic,Yes,No,Yes,Yes,11,129.0,2,4,False,1,False,1
2896,39,Male,9,85.23,784.81,Month-to-month,Credit card,DSL,No,No,No,No,10,97.7,3,2,False,1,False,1
2897,41,Male,3,72.79,223.31,Two year,Electronic check,DSL,No,Yes,No,No,12,111.7,2,5,False,24,False,0
2898,68,Female,40,61.58,2354.07,Two year,Electronic check,No,No,Yes,Yes,Yes,9,62.4,2,3,True,24,True,0
2899,53,Male,26,44.91,1152.8,Month-to-month,Electronic check,No,No,Yes,No,No,7,58.2,0,2,False,1,False,0
2900,40,Male,6,116.75,692.8,Two year,Electronic check,Fiber optic,Yes,Yes,No,No,10,45.2,3,1,False,24,False,1
2901,55,Female,18,79.22,1381.37,Month-to-month,Bank transfer,DSL,Yes,No,Yes,Yes,12,120.3,3,3,False,1,False,1
2902,39,Female,12,51.7,619.57,One year,Electronic check,DSL,No,Yes,No,No,6,80.0,0,4,False,12,False,0
2903,62,Male,67,109.99,6305.555,Month-to-month,Bank transfer,DSL,No,Yes,Yes,Yes,8,88.7,1,3,False,1,False,1
2904,50,Female,22,101.85,2206.51,Month-to-month,Electronic check,Fiber optic,No,No,No,No,3,69.0,5,2,True,1,False,1
2905,43,Female,4,88.92,358.26,Month-to-month,Bank transfer,DSL,Yes,Yes,Yes,No,7,13.0,6,2,False,1,False,1
2906,51,Female,16,123.48,2044.32,One year,Credit card,Fiber optic,No,Yes,No,No,14,92.6,4,2,True,12,False,0
2907,21,Female,47,79.29,3699.92,Month-to-month,Credit card,DSL,Yes,No,Yes,Yes,6,84.2,4,3,False,1,False,1
2908,28,Male,26,91.52,2389.06,Month-to-month,Credit card,Fiber optic,No,Yes,No,No,11,80.4,1,2,True,1,False,0
2909,27,Male,44,129.77,5878.45,Two year,Bank transfer,Fiber optic,No,Yes,Yes,No,2,98.9,1,2,True,24,False,0
2910,47,Male,6,102.91,613.12,Month-to-month,Electronic check,Fiber optic,No,No,No,No,10,35.9,2,0,False,1,False,1
2911,70,Male,52,98.62,5069.87,Month-to-month,Electronic check,Fiber optic,No,Yes,No,No,8,84.0,2,3,True,1,True,1
2912,78,Male,33,104.84,3517.13,One year,Bank transfer,Fiber optic,Yes,No,No,No,8,84.1,4,1,False,12,True,1
2913,54,Female,31,124.75,3778.64,Month-to-month,Credit card,Fiber optic,Yes,No,No,No,6,126.1,4,3,False,1,False,1
2914,52,Male,10,112.08,1067.95,Month-to-month,Electronic check,Fiber optic,Yes,Yes,Yes,Yes,15,97.6,2,4,False,1,False,1
2915,18,Male,52,90.32,4524.94,Month-to-month,Bank transfer,DSL,No,No,Yes,No,7,123.7,0,3,True,1,False,0
2916,36,Female,24,104.18,2444.19,Month-to-month,Bank transfer,DSL,No,Yes,Yes,No,12,33.1,1,3,False,1,False,0
2917,33,Female,45,138.13,6305.555,Two year,Mailed check,Fiber optic,Yes,No,Yes,Yes,15,84.0,2,2,False,24,False,1
2918,35,Female,10,142.6,1384.72,Month-to-month,Electronic check,Fiber optic,Yes,Yes,Yes,Yes,5,9.8,5,2,True,1,False,1
2919,42,Male,3,61.15,185.66,Month-to-month,Bank transfer,No,No,No,Yes,Yes,7,70.2,1,3,False,1,False,1
2920,37,Female,9,151.16,1334.5,Month-to-month,Electronic check,Fiber optic,Yes,Yes,Yes,Yes,6,92.2,6,2,False,1,False,1
2921,18,Female,14,60.28,806.69,Month-to-month,Bank transfer,DSL,No,No,No,No,10,51.1,0,1,True,1,False,1
2922,56,Female,18,101.82,1893.63,Month-to-month,Electronic check,Fiber optic,Yes,Yes,No,No,8,59.1,2,3,True,1,False,1
2923,28,Male,17,119.41,2117.97,One year,Credit card,Fiber optic,No,Yes,Yes,Yes,6,111.7,2,3,True,12,False,0
2924,48,Female,18,126.44,2199.97,One year,Bank transfer,Fiber optic,Yes,Yes,Yes,Yes,9,77.8,2,2,False,12,False,0
2925,76,Female,44,134.02,5902.63,Two year,Bank transfer,Fiber optic,No,No,Yes,Yes,7,46.9,2,5,False,24,True,1
2926,31,Male,4,95.26,372.96,Month-to-month,Credit card,Fiber optic,Yes,Yes,No,No,5,21.8,4,6,False,1,False,1
2927,18,Female,9,105.28,952.25,Month-to-month,Electronic check,DSL,No,Yes,Yes,Yes,16,41.9,0,1,False,1,False,1
2928,40,Male,52,116.26,6167.91,Two year,Electronic check,Fiber optic,No,No,No,No,5,39.7,3,4,False,24,False,0
2929,61,Male,19,108.17,2154.82,Month-to-month,Bank transfer,Fiber optic,Yes,No,Yes,Yes,11,123.0,0,1,False,1,False,0
2930,74,Female,21,107.2,2217.06,Two year,Mailed check,Fiber optic,Yes,Yes,No,No,12,41.0,2,2,False,24,True,0
2931,26,Male,15,89.8,1313.92,Two year,Electronic check,Fiber optic,No,Yes,No,No,5,66.9,2,0,True,24,False,0
2932,52,Female,19,112.07,2165.17,Two year,Mailed check,Fiber optic,Yes,Yes,No,No,8,65.5,2,1,False,24,False,0
2933,38,Female,5,81.98,423.96,Month-to-month,Bank transfer,Fiber optic,No,Yes,No,No,7,104.6,1,2,False,1,False,1
2934,43,Female,18,90.96,1559.98,Month-to-month,Bank transfer,Fiber optic,No,Yes,No,No,9,113.3,5,5,False,1,False,1
2935,80,Female,71,111.75,6305.555,One year,Electronic check,Fiber optic,Yes,No,Yes,Yes,6,40.9,1,4,False,12,True,1
2936,22,Male,20,70.57,1422.87,One year,Bank transfer,DSL,Yes,No,No,No,7,109.8,1,1,False,12,False,0
2937,48,Female,1,122.83,118.29,Month-to-month,Credit card,Fiber optic,Yes,No,Yes,No,7,100.1,0,1,True,1,False,0
2938,52,Female,38,133.62,5143.13,One year,Credit card,Fiber optic,No,Yes,Yes,No,13,8.1,1,3,False,12,False,0
2939,61,Female,12,87.5,1056.92,Month-to-month,Bank transfer,DSL,Yes,Yes,Yes,Yes,9,60.4,1,1,False,1,False,1
2940,46,Male,4,115.61,476.38,Month-to-month,Bank transfer,Fiber optic,Yes,No,Yes,Yes,6,96.4,4,0,False,1,False,0
2941,49,Male,47,64.21,3107.57,Two year,Electronic check,DSL,No,No,No,No,9,59.8,4,2,False,24,False,1
2942,39,Female,5,83.65,432.15,Month-to-month,Bank transfer,DSL,Yes,No,Yes,No,10,12.6,3,2,True,1,False,1
2943,49,Male,60,118.49,6305.555,Month-to-month,Bank transfer,Fiber optic,No,No,Yes,Yes,11,105.4,4,2,False,1,False,0
2944,39,Male,13,108.46,1422.7,Month-to-month,Bank transfer,DSL,Yes,Yes,Yes,Yes,6,33.7,1,0,True,1,False,0
2945,54,Female,32,113.46,3501.75,Month-to-month,Credit card,Fiber optic,Yes,Yes,No,No,14,118.5,3,1,True,1,False,1
2946,39,Female,19,105.79,2093.35,Month-to-month,Bank transfer,Fiber optic,No,No,Yes,Yes,5,120.6,3,2,False,1,False,1
2947,50,Female,7,79.9,587.07,Month-to-month,Mailed check,DSL,Yes,No,Yes,No,3,83.5,1,1,True,1,False,0
2948,44,Female,26,70.45,1747.16,Month-to-month,Electronic check,No,No,No,Yes,Yes,6,48.0,1,2,True,1,False,1
2949,61,Female,71,53.03,3857.11,Two year,Bank transfer,DSL,Yes,No,No,No,4,116.0,2,3,False,24,False,0
2950,44,Male,35,153.0,5287.64,Two year,Bank transfer,Fiber optic,Yes,Yes,Yes,Yes,12,94.3,1,0,True,24,False,1
2951,18,Female,22,101.18,2182.28,Month-to-month,Mailed check,Fiber optic,Yes,Yes,Yes,No,10,72.2,3,2,False,1,False,1
2952,63,Female,71,109.46,6305.555,Month-to-month,Credit card,Fiber optic,No,No,No,No,10,119.4,4,2,True,1,False,1
2953,31,Female,7,45.79,314.16,Month-to-month,Credit card,No,No,Yes,Yes,No,7,108.8,0,2,False,1,False,1
2954,35,Female,1,96.13,92.76,One year,Bank transfer,Fiber optic,No,No,No,No,8,68.3,2,1,True,12,False,0
2955,36,Female,1,50.77,49.46,One year,Electronic check,No,No,No,Yes,No,4,65.1,0,0,True,12,False,0
2956,65,Male,29,69.12,2011.97,Two year,Bank transfer,DSL,Yes,Yes,No,No,9,128.7,4,0,False,24,True,0
2957,18,Female,42,97.54,3995.98,Month-to-month,Electronic check,Fiber optic,No,Yes,No,No,9,100.5,0,2,True,1,False,0
2958,80,Male,24,128.9,3047.04,One year,Bank transfer,Fiber optic,No,No,Yes,Yes,16,27.5,2,3,False,12,True,1
2959,60,Female,56,47.69,2690.62,Month-to-month,Electronic check,No,No,Yes,Yes,No,9,26.1,1,3,False,1,False,0
2960,48,Female,28,40.12,1144.94,Two year,Bank transfer,No,No,Yes,No,No,6,59.0,1,2,False,24,False,0
2961,44,Female,11,51.47,541.83,One year,Mailed check,No,No,Yes,Yes,No,9,21.2,0,3,False,12,False,0
2962,49,Male,4,125.91,499.18,Month-to-month,Bank transfer,Fiber optic,Yes,Yes,Yes,Yes,7,90.3,1,1,True,1,False,0
2963,52,Female,62,81.64,5170.24,One year,Credit card,DSL,No,Yes,No,No,10,76.7,2,1,True,12,False,0
2964,54,Female,2,101.33,199.17,Two year,Electronic check,DSL,No,No,Yes,Yes,12,51.6,1,2,True,24,False,1
2965,53,Female,18,51.71,954.74,Month-to-month,Credit card,DSL,Yes,No,No,No,9,29.0,3,2,True,1,False,1
2966,46,Female,9,87.49,775.0,Month-to-month,Credit card,DSL,Yes,No,Yes,No,6,84.1,4,3,True,1,False,1
2967,42,Female,7,66.55,477.93,Month-to-month,Mailed check,DSL,No,No,No,No,9,76.1,1,3,False,1,False,1
2968,42,Female,24,83.48,2094.84,Month-to-month,Bank transfer,DSL,No,Yes,Yes,Yes,11,76.4,3,2,False,1,False,1
2969,42,Female,6,50.5,303.13,Month-to-month,Credit card,DSL,Yes,Yes,No,No,12,34.0,1,6,False,1,False,1
2970,62,Male,59,31.73,1868.84,Two year,Credit card,No,No,No,No,No,8,64.0,4,2,False,24,False,0
2971,53,Female,12,72.53,869.01,One year,Credit card,DSL,Yes,No,Yes,No,5,101.1,2,5,False,12,False,0
2972,18,Female,27,101.79,2872.65,One year,Bank transfer,DSL,No,No,Yes,Yes,6,91.1,1,1,True,12,False,0
2973,54,Female,31,133.19,3988.21,One year,Bank transfer,Fiber optic,Yes,Yes,Yes,Yes,11,104.4,0,4,False,12,False,1
2974,47,Male,27,134.48,3718.21,Two year,Bank transfer,Fiber optic,No,Yes,Yes,No,5,17.1,0,0,False,24,False,0
2975,44,Male,56,89.75,5121.36,Two year,Bank transfer,DSL,No,No,Yes,Yes,7,22.8,4,3,False,24,False,1
2976,39,Female,6,86.6,526.48,One year,Bank transfer,DSL,Yes,No,Yes,Yes,10,89.6,4,2,False,12,False,1
2977,61,Male,2,77.73,159.18,Month-to-month,Bank transfer,DSL,Yes,No,No,No,2,85.4,0,1,True,1,False,1
2978,59,Female,1,89.25,87.64,Month-to-month,Bank transfer,DSL,Yes,No,Yes,Yes,7,33.9,1,1,False,1,False,1
2979,33,Female,50,85.35,4450.16,Month-to-month,Credit card,DSL,Yes,No,Yes,Yes,10,23.7,0,1,True,1,False,1
2980,51,Male,71,90.14,6305.555,Month-to-month,Electronic check,Fiber optic,No,No,No,No,8,86.1,1,3,False,1,False,1
2981,30,Female,8,118.46,922.14,Month-to-month,Credit card,Fiber optic,Yes,No,No,No,10,128.3,1,0,False,1,False,1
2982,24,Male,28,101.43,2844.12,One year,Electronic check,Fiber optic,No,No,No,No,7,51.3,6,1,True,12,False,1
2983,35,Male,1,99.5,97.65,One year,Bank transfer,Fiber optic,No,Yes,No,No,10,88.2,2,4,True,12,False,1
2984,57,Male,5,82.42,424.08,Month-to-month,Bank transfer,DSL,No,No,Yes,Yes,12,27.9,2,3,True,1,False,1
2985,59,Female,28,132.79,3866.95,Two year,Credit card,Fiber optic,No,Yes,Yes,Yes,8,52.2,2,3,False,24,False,1
2986,52,Female,1,110.4,110.79,Month-to-month,Bank transfer,Fiber optic,No,No,No,No,9,48.5,2,1,False,1,False,1
2987,55,Female,15,86.56,1275.11,One year,Mailed check,Fiber optic,Yes,Yes,No,No,9,98.3,1,2,False,12,False,0
2988,52,Female,26,51.99,1371.4,One year,Bank transfer,No,No,Yes,Yes,No,7,43.6,1,4,False,12,False,1
2989,35,Female,34,112.62,3692.16,One year,Electronic check,DSL,Yes,Yes,Yes,No,9,17.1,1,4,False,12,False,0
2990,51,Female,14,52.82,740.13,Month-to-month,Credit card,No,No,Yes,Yes,Yes,8,40.2,2,1,True,1,False,0
2991,57,Female,23,48.7,1149.07,One year,Credit card,No,No,Yes,Yes,Yes,7,40.6,2,3,False,12,False,1
2992,56,Male,18,82.14,1443.45,Month-to-month,Electronic check,DSL,No,Yes,Yes,Yes,5,36.9,1,1,True,1,False,1
2993,62,Female,1,95.81,94.77,One year,Bank transfer,DSL,Yes,Yes,Yes,Yes,8,80.5,1,3,False,12,False,0
2994,55,Female,32,95.74,3110.96,Month-to-month,Bank transfer,DSL,No,No,Yes,No,7,120.4,3,1,False,1,False,1
2995,50,Female,4,108.88,455.54,One year,Credit card,Fiber optic,Yes,Yes,Yes,Yes,6,98.5,3,2,False,12,False,0
2996,61,Male,1,78.78,75.47,Month-to-month,Bank transfer,DSL,No,No,Yes,Yes,11,57.3,1,0,False,1,False,1
2997,44,Male,14,82.37,1113.46,One year,Bank transfer,DSL,Yes,No,Yes,Yes,14,113.1,1,1,False,12,False,1
2998,31,Male,48,54.2,2504.81,Month-to-month,Credit card,No,No,No,Yes,Yes,4,98.6,2,0,False,1,False,0
2999,42,Female,3,75.17,219.21,Two year,Electronic check,DSL,Yes,Yes,Yes,Yes,11,78.6,2,0,True,24,False,1
3000,33,Male,1,75.58,72.26,Two year,Electronic check,DSL,No,No,Yes,Yes,4,24.0,1,1,True,24,False,1
3001,34,Male,2,112.48,221.86,Month-to-month,Mailed check,Fiber optic,Yes,No,No,No,9,48.8,1,2,True,1,False,1
3002,42,Female,10,29.76,291.07,Month-to-month,Credit card,No,No,Yes,No,No,4,37.1,1,3,False,1,False,1
3003,33,Female,20,85.03,1649.26,One year,Credit card,DSL,No,No,No,No,10,21.9,4,3,False,12,False,1
3004,40,Female,5,81.1,395.66,Month-to-month,Credit card,DSL,No,No,No,No,8,22.7,5,3,True,1,False,1
3005,18,Male,38,109.75,4230.35,Month-to-month,Electronic check,Fiber optic,Yes,No,Yes,Yes,8,53.9,4,2,True,1,False,1
3006,48,Female,33,97.01,3261.82,Month-to-month,Mailed check,Fiber optic,Yes,No,No,No,3,128.9,2,4,False,1,False,0
3007,45,Female,28,47.19,1377.94,One year,Bank transfer,No,No,Yes,Yes,No,11,79.5,1,3,False,12,False,0
3008,32,Female,16,73.91,1148.3,Month-to-month,Bank transfer,DSL,Yes,Yes,Yes,No,2,34.9,2,3,False,1,False,0
3009,54,Female,10,116.69,1120.34,Month-to-month,Bank transfer,Fiber optic,No,Yes,No,No,5,42.8,4,3,False,1,False,1
3010,59,Female,11,124.52,1309.26,One year,Bank transfer,Fiber optic,No,No,Yes,Yes,6,71.0,2,2,False,12,False,1
3011,20,Female,16,57.98,927.04,Month-to-month,Electronic check,No,No,No,Yes,Yes,13,58.5,1,0,False,1,False,0
3012,33,Male,1,131.0,132.91,Month-to-month,Credit card,Fiber optic,Yes,Yes,Yes,Yes,7,8.7,3,1,False,1,False,1
3013,33,Female,27,134.53,3537.75,Two year,Electronic check,Fiber optic,No,Yes,Yes,Yes,9,36.9,0,2,True,24,False,0
3014,30,Male,10,74.42,756.53,One year,Electronic check,DSL,No,Yes,Yes,No,10,77.6,2,5,False,12,False,1
3015,57,Male,6,75.51,438.9,Month-to-month,Bank transfer,DSL,Yes,No,No,No,5,48.6,4,3,False,1,False,1
3016,42,Female,7,119.51,813.35,Month-to-month,Bank transfer,Fiber optic,No,Yes,Yes,Yes,12,49.4,4,1,True,1,False,0
3017,41,Male,4,78.72,320.05,One year,Credit card,DSL,Yes,Yes,No,No,9,116.7,1,3,True,12,False,1
3018,18,Male,55,81.86,4706.91,Month-to-month,Credit card,Fiber optic,Yes,No,No,No,7,16.2,5,4,False,1,False,1
3019,54,Male,4,103.83,432.06,Two year,Credit card,DSL,No,Yes,Yes,Yes,10,79.1,2,2,False,24,False,0
3020,26,Female,51,113.07,5493.82,One year,Credit card,Fiber optic,Yes,Yes,Yes,No,6,123.1,2,2,False,12,False,0
3021,45,Male,20,91.72,1922.7,Two year,Bank transfer,DSL,No,No,Yes,Yes,12,122.7,2,5,False,24,False,0
3022,49,Male,48,92.04,4358.05,Two year,Credit card,Fiber optic,Yes,No,No,No,7,17.7,5,0,False,24,False,0
3023,65,Male,15,118.35,1784.88,Month-to-month,Credit card,Fiber optic,No,No,Yes,Yes,7,20.7,0,4,True,1,True,0
3024,25,Male,63,58.43,3624.15,One year,Electronic check,DSL,No,Yes,No,No,16,68.1,2,1,False,12,False,1
3025,18,Female,5,68.15,351.8,Two year,Electronic check,DSL,No,No,No,No,6,127.0,4,5,False,24,False,0
3026,47,Female,19,126.68,2448.41,One year,Bank transfer,Fiber optic,No,No,No,No,6,84.4,3,1,False,12,False,1
3027,72,Male,3,71.59,222.87,Month-to-month,Credit card,DSL,Yes,No,Yes,Yes,7,100.2,1,6,True,1,True,1
3028,63,Female,14,93.34,1269.14,Month-to-month,Credit card,DSL,No,Yes,Yes,No,10,63.6,4,1,False,1,False,1
3029,48,Female,20,97.75,1982.45,Month-to-month,Electronic check,DSL,Yes,No,Yes,Yes,9,109.6,1,2,False,1,False,1
3030,37,Male,22,124.29,2743.03,One year,Bank transfer,Fiber optic,Yes,No,Yes,Yes,13,17.1,1,1,False,12,False,1
3031,57,Female,10,85.91,866.73,One year,Mailed check,DSL,Yes,Yes,No,No,7,64.4,1,1,True,12,False,0
3032,30,Female,1,46.69,46.06,Two year,Bank transfer,No,No,Yes,Yes,No,7,101.3,4,3,False,24,False,1
3033,52,Male,25,45.94,1091.81,One year,Credit card,No,No,No,Yes,Yes,6,75.7,0,0,False,12,False,0
3034,52,Male,16,44.91,733.27,Two year,Bank transfer,No,No,Yes,Yes,Yes,8,128.8,1,1,False,24,False,0
3035,60,Female,3,84.18,257.95,Month-to-month,Credit card,DSL,No,No,No,No,7,15.1,2,1,False,1,False,1
3036,80,Female,65,25.82,1740.41,Month-to-month,Bank transfer,No,No,No,No,No,8,53.3,1,3,True,1,True,1
3037,50,Female,71,115.75,6305.555,Two year,Credit card,Fiber optic,Yes,No,No,No,8,24.5,3,4,False,24,False,1
3038,37,Female,46,122.78,5477.94,One year,Bank transfer,Fiber optic,No,No,No,No,9,22.3,1,3,False,12,False,0
3039,44,Male,44,119.01,5010.28,One year,Bank transfer,Fiber optic,No,No,No,No,4,110.9,2,1,True,12,False,0
3040,18,Male,2,87.58,180.15,Month-to-month,Credit card,DSL,Yes,No,Yes,Yes,7,101.9,2,1,False,1,False,1
3041,34,Male,71,69.98,5229.37,One year,Electronic check,No,No,Yes,Yes,Yes,12,53.3,3,0,False,12,False,0
3042,38,Male,12,83.11,964.53,Two year,Credit card,Fiber optic,No,No,No,No,8,77.7,1,1,False,24,False,0
3043,37,Male,4,28.16,108.24,Month-to-month,Credit card,No,No,No,No,No,10,29.8,1,1,False,1,False,1
3044,47,Female,40,69.42,2873.65,One year,Bank transfer,DSL,Yes,No,Yes,No,13,51.4,3,4,False,12,False,0
3045,32,Female,6,65.46,411.52,Month-to-month,Credit card,No,No,Yes,Yes,No,10,110.5,3,1,False,1,False,1
3046,61,Male,17,101.79,1714.48,Month-to-month,Electronic check,DSL,No,No,Yes,No,7,46.7,3,1,False,1,False,0
3047,45,Male,3,91.68,286.18,One year,Bank transfer,DSL,No,Yes,Yes,No,5,47.3,5,1,False,12,False,1
3048,44,Male,15,141.66,2182.57,Month-to-month,Electronic check,Fiber optic,No,No,Yes,Yes,9,30.4,2,4,False,1,False,1
3049,40,Female,19,127.7,2375.23,Month-to-month,Credit card,Fiber optic,Yes,Yes,Yes,No,6,27.5,2,1,False,1,False,0
3050,47,Female,14,92.55,1251.26,One year,Electronic check,Fiber optic,No,No,No,No,9,108.6,4,1,False,12,False,1
3051,57,Female,1,95.24,92.34,One year,Bank transfer,Fiber optic,No,No,Yes,Yes,8,60.9,0,4,False,12,False,0
3052,31,Male,15,90.66,1363.45,Month-to-month,Bank transfer,DSL,Yes,No,Yes,Yes,12,22.7,0,1,False,1,False,0
3053,35,Male,15,99.44,1476.29,Two year,Credit card,Fiber optic,Yes,No,Yes,Yes,9,101.9,4,2,True,24,False,0
3054,40,Male,7,98.49,721.05,Month-to-month,Credit card,DSL,Yes,No,Yes,No,9,36.6,1,6,False,1,False,1
3055,24,Male,61,126.53,6305.555,Two year,Mailed check,Fiber optic,Yes,No,Yes,Yes,6,52.6,1,0,False,24,False,0
3056,32,Male,12,85.23,981.56,One year,Mailed check,DSL,Yes,No,Yes,Yes,13,13.5,5,2,True,12,False,0
3057,37,Female,47,86.01,3888.65,Month-to-month,Credit card,DSL,Yes,Yes,Yes,Yes,12,61.9,4,5,False,1,False,1
3058,58,Male,2,33.34,69.39,Month-to-month,Bank transfer,No,No,No,No,No,13,91.1,2,1,False,1,False,1
3059,48,Female,9,60.03,541.25,Month-to-month,Electronic check,DSL,Yes,Yes,No,No,5,39.4,2,1,False,1,False,1
3060,47,Female,4,112.63,470.59,Month-to-month,Bank transfer,Fiber optic,No,Yes,Yes,No,5,79.4,3,1,True,1,False,1
3061,57,Female,12,63.62,797.81,One year,Bank transfer,DSL,No,Yes,Yes,Yes,10,97.2,0,0,False,12,False,0
3062,42,Female,2,111.37,233.05,Month-to-month,Credit card,DSL,No,No,Yes,No,6,101.6,3,0,False,1,False,1
3063,50,Female,13,123.99,1679.81,Month-to-month,Mailed check,Fiber optic,No,No,Yes,Yes,5,93.5,1,3,False,1,False,1
3064,43,Male,10,118.16,1227.43,One year,Bank transfer,Fiber optic,No,No,No,No,7,72.4,1,1,False,12,False,0
3065,48,Male,6,129.02,783.47,Month-to-month,Electronic check,Fiber optic,No,No,Yes,Yes,8,14.2,2,3,False,1,False,1
3066,36,Male,24,37.1,930.62,One year,Electronic check,No,No,No,No,No,9,48.7,1,2,True,12,False,1
3067,18,Female,71,125.49,6305.555,Month-to-month,Electronic check,Fiber optic,No,No,No,No,11,69.4,3,4,False,1,False,1
3068,42,Female,5,60.58,308.39,One year,Credit card,No,No,No,Yes,No,2,28.4,2,0,False,12,False,0
3069,66,Female,29,94.89,2860.29,One year,Electronic check,Fiber optic,No,Yes,Yes,No,15,78.2,2,3,True,12,True,1
3070,58,Female,32,120.86,3986.89,One year,Electronic check,Fiber optic,Yes,No,Yes,Yes,14,69.5,1,3,False,12,False,1
3071,59,Female,16,98.98,1564.89,Month-to-month,Electronic check,Fiber optic,Yes,No,Yes,Yes,4,114.3,2,0,False,1,False,1
3072,63,Female,54,138.4,6305.555,Month-to-month,Bank transfer,Fiber optic,Yes,No,Yes,Yes,9,53.3,2,2,False,1,False,1
3073,46,Male,71,130.5,6305.555,Month-to-month,Electronic check,Fiber optic,No,No,Yes,Yes,8,97.6,3,3,True,1,False,1
3074,47,Female,10,73.72,770.42,Month-to-month,Bank transfer,DSL,No,Yes,No,No,5,44.7,2,3,False,1,False,0
3075,35,Female,25,81.76,1959.33,Month-to-month,Electronic check,DSL,Yes,No,Yes,Yes,9,71.9,2,2,False,1,False,0
3076,40,Male,26,75.89,2026.5,One year,Credit card,DSL,Yes,Yes,Yes,No,6,80.6,1,2,False,12,False,0
3077,54,Female,12,88.18,1046.13,One year,Electronic check,DSL,No,No,Yes,Yes,9,99.9,2,5,False,12,False,1
3078,63,Male,9,58.85,527.87,Two year,Bank transfer,DSL,Yes,Yes,No,No,10,116.1,2,2,True,24,False,1
3079,42,Male,65,120.19,6305.555,Month-to-month,Credit card,Fiber optic,Yes,No,No,No,8,83.8,1,3,False,1,False,1
3080,38,Male,37,69.14,2460.62,Month-to-month,Bank transfer,DSL,No,No,No,No,7,110.8,3,2,False,1,False,1
3081,45,Female,2,149.15,293.86,Two year,Bank transfer,Fiber optic,No,Yes,Yes,No,6,35.4,3,3,True,24,False,0
3082,54,Male,3,90.19,276.34,Month-to-month,Bank transfer,Fiber optic,No,No,No,No,15,46.4,0,2,True,1,False,1
3083,23,Male,61,92.1,5487.78,One year,Bank transfer,DSL,Yes,Yes,Yes,Yes,7,115.4,1,2,True,12,False,0
3084,18,Female,2,95.59,194.93,Two year,Electronic check,DSL,No,Yes,Yes,Yes,9,90.6,0,2,False,24,False,1
3085,36,Male,27,80.28,2275.21,Two year,Credit card,DSL,No,Yes,Yes,Yes,11,29.6,0,2,True,24,False,0
3086,26,Female,6,115.08,685.28,Month-to-month,Mailed check,Fiber optic,Yes,No,Yes,Yes,10,121.2,2,3,False,1,False,1
3087,37,Female,1,138.23,144.25,One year,Mailed check,Fiber optic,No,No,Yes,Yes,9,26.4,4,3,False,12,False,1
3088,42,Male,1,88.44,84.72,Month-to-month,Electronic check,Fiber optic,No,No,No,No,5,51.7,4,2,False,1,False,1
3089,38,Female,11,85.92,927.49,One year,Bank transfer,DSL,Yes,No,No,No,4,17.4,1,3,True,12,False,0
3090,66,Female,1,136.19,137.54,Two year,Credit card,Fiber optic,No,No,Yes,No,5,84.7,2,3,False,24,True,1
3091,49,Male,21,92.17,1880.37,Month-to-month,Electronic check,Fiber optic,Yes,Yes,No,No,6,44.8,0,1,False,1,False,1
3092,49,Male,25,97.97,2418.2,Two year,Credit card,DSL,Yes,Yes,Yes,Yes,7,108.3,1,4,False,24,False,1
3093,54,Male,11,134.17,1468.69,One year,Bank transfer,Fiber optic,No,No,Yes,Yes,8,129.9,2,1,False,12,False,1
3094,27,Male,32,126.81,4128.59,Month-to-month,Bank transfer,Fiber optic,No,No,Yes,No,14,28.4,2,1,False,1,False,1
3095,60,Female,16,61.29,952.98,One year,Mailed check,DSL,Yes,No,No,No,7,6.9,3,0,True,12,False,0
3096,43,Male,13,123.01,1575.58,Month-to-month,Bank transfer,Fiber optic,No,Yes,Yes,No,11,12.0,4,0,True,1,False,1
3097,55,Male,12,71.31,894.63,Month-to-month,Electronic check,DSL,No,No,Yes,No,8,5.6,4,3,True,1,False,1
3098,28,Male,13,86.53,1098.59,Two year,Bank transfer,DSL,No,No,Yes,No,5,9.1,2,2,True,24,False,0
3099,21,Female,71,72.01,5306.71,Month-to-month,Mailed check,DSL,Yes,No,No,No,7,52.7,0,1,False,1,False,0
3100,57,Female,27,84.03,2352.98,Month-to-month,Bank transfer,DSL,No,No,No,No,16,113.3,3,3,True,1,False,1
3101,50,Female,9,80.65,738.28,Two year,Electronic check,DSL,No,Yes,Yes,Yes,9,124.8,2,1,True,24,False,0
3102,31,Female,31,119.47,3810.45,Two year,Bank transfer,Fiber optic,No,Yes,No,No,14,124.8,3,1,True,24,False,0
3103,31,Female,9,37.63,355.06,Two year,Electronic check,No,No,No,No,No,10,85.4,2,1,True,24,False,1
3104,61,Male,3,120.08,354.18,Month-to-month,Electronic check,Fiber optic,Yes,No,No,No,7,104.8,0,3,False,1,False,0
3105,27,Female,15,109.29,1599.7,Month-to-month,Credit card,Fiber optic,Yes,Yes,Yes,No,9,119.9,3,2,False,1,False,0
3106,69,Female,33,53.5,1756.73,Month-to-month,Bank transfer,No,No,Yes,Yes,Yes,10,115.8,3,3,False,1,True,1
3107,31,Female,11,76.42,852.25,Month-to-month,Credit card,DSL,No,No,Yes,Yes,7,111.5,4,1,False,1,False,1
3108,54,Male,48,103.02,4750.71,Two year,Credit card,DSL,No,No,Yes,Yes,13,62.9,0,3,False,24,False,0
3109,40,Male,11,115.52,1213.84,One year,Bank transfer,Fiber optic,Yes,Yes,No,No,8,6.4,4,0,False,12,False,0
3110,54,Female,10,110.34,1063.41,Month-to-month,Bank transfer,Fiber optic,No,Yes,Yes,Yes,8,17.9,2,1,False,1,False,1
3111,36,Male,71,87.14,6065.12,Month-to-month,Mailed check,DSL,Yes,No,No,No,15,121.7,1,3,False,1,False,1
3112,42,Female,15,127.25,1820.81,Two year,Mailed check,Fiber optic,Yes,No,No,No,5,11.2,3,2,False,24,False,1
3113,45,Male,39,56.64,2229.35,Two year,Electronic check,DSL,No,No,No,No,7,54.7,1,1,False,24,False,0
3114,29,Male,39,132.14,5194.89,Month-to-month,Bank transfer,Fiber optic,Yes,No,Yes,Yes,12,119.2,4,1,False,1,False,1
3115,56,Female,62,131.27,6305.555,One year,Credit card,Fiber optic,Yes,No,Yes,Yes,6,9.8,3,2,False,12,False,0
3116,37,Male,2,146.81,282.78,Month-to-month,Bank transfer,Fiber optic,No,Yes,Yes,Yes,10,122.4,1,1,False,1,False,1
3117,41,Female,7,60.91,445.41,One year,Bank transfer,No,No,No,Yes,Yes,12,61.4,3,1,False,12,False,0
3118,30,Female,35,105.5,3768.36,One year,Electronic check,Fiber optic,No,Yes,No,No,6,11.3,3,2,True,12,False,0
3119,18,Female,19,83.01,1514.33,One year,Credit card,DSL,No,Yes,No,No,6,50.2,2,4,False,12,False,1
3120,42,Male,19,113.02,2163.83,Month-to-month,Electronic check,Fiber optic,Yes,No,Yes,Yes,8,77.8,1,3,True,1,False,1
3121,80,Male,4,85.46,326.11,Month-to-month,Credit card,DSL,No,Yes,Yes,Yes,11,42.0,6,3,False,1,True,1
3122,56,Female,7,36.7,254.45,Month-to-month,Bank transfer,No,No,No,No,No,1,59.2,4,2,False,1,False,1
3123,44,Female,17,91.23,1598.7,Two year,Bank transfer,Fiber optic,No,Yes,No,No,8,129.1,3,2,True,24,False,0
3124,41,Male,7,122.26,858.5,Two year,Bank transfer,Fiber optic,No,No,Yes,No,8,35.8,2,2,True,24,False,1
3125,45,Female,5,110.18,528.64,Two year,Bank transfer,Fiber optic,Yes,No,No,No,6,64.0,3,3,False,24,False,1
3126,53,Male,2,115.4,238.8,Two year,Credit card,Fiber optic,Yes,No,Yes,Yes,8,89.8,2,1,False,24,False,0
3127,27,Male,4,76.47,292.86,One year,Bank transfer,DSL,No,Yes,Yes,No,13,127.5,5,2,False,12,False,0
3128,61,Male,35,140.75,4919.93,Month-to-month,Credit card,Fiber optic,No,No,Yes,No,12,14.2,3,0,False,1,False,1
3129,55,Female,30,114.02,3425.33,One year,Bank transfer,Fiber optic,Yes,No,No,No,8,20.6,0,2,False,12,False,0
3130,55,Female,1,42.94,44.11,Month-to-month,Credit card,No,No,No,Yes,No,10,118.4,1,4,True,1,False,1
3131,51,Male,5,69.97,366.84,Month-to-month,Bank transfer,DSL,Yes,Yes,No,No,12,98.4,4,1,True,1,False,1
3132,45,Female,19,94.96,1786.0,Month-to-month,Credit card,Fiber optic,No,No,Yes,Yes,10,20.8,0,2,True,1,False,0
3133,55,Female,9,106.45,971.54,Month-to-month,Credit card,Fiber optic,Yes,Yes,Yes,Yes,11,112.5,6,2,False,1,False,1
3134,53,Male,41,49.44,2031.16,One year,Electronic check,No,No,Yes,Yes,No,13,64.7,2,3,True,12,False,1
3135,39,Male,36,75.36,2598.94,Month-to-month,Electronic check,DSL,No,Yes,No,No,3,93.9,1,4,False,1,False,0
3136,36,Female,53,135.11,6305.555,Month-to-month,Credit card,Fiber optic,Yes,Yes,Yes,Yes,6,24.6,0,5,False,1,False,1
3137,46,Male,19,89.63,1706.84,One year,Credit card,Fiber optic,Yes,Yes,No,No,7,119.7,3,2,False,12,False,0
3138,68,Female,10,98.58,996.31,One year,Bank transfer,Fiber optic,No,No,Yes,No,6,111.9,1,3,True,12,True,1
3139,26,Male,22,79.13,1712.74,One year,Credit card,DSL,No,Yes,Yes,Yes,6,127.8,2,4,False,12,False,0
3140,22,Male,2,126.09,262.64,Month-to-month,Credit card,Fiber optic,Yes,No,Yes,Yes,8,95.9,1,0,False,1,False,1
3141,47,Female,1,46.92,47.8,Month-to-month,Bank transfer,No,No,No,Yes,Yes,14,117.0,5,0,True,1,False,1
3142,45,Female,1,109.48,107.91,One year,Bank transfer,Fiber optic,No,No,No,No,12,14.0,0,2,False,12,False,1
3143,47,Female,12,131.55,1578.1,One year,Bank transfer,Fiber optic,Yes,No,Yes,Yes,8,60.5,3,3,False,12,False,0
3144,48,Female,6,118.28,695.89,Month-to-month,Electronic check,Fiber optic,No,No,Yes,Yes,14,32.7,2,0,True,1,False,1
3145,41,Female,4,88.71,359.77,Two year,Electronic check,Fiber optic,Yes,Yes,No,No,7,33.4,3,1,False,24,False,1
3146,67,Male,22,50.87,1153.7,Month-to-month,Bank transfer,No,No,No,Yes,Yes,12,13.8,2,1,True,1,True,0
3147,20,Male,71,111.28,6305.555,Month-to-month,Electronic check,Fiber optic,No,No,Yes,No,8,13.0,2,4,True,1,False,1
3148,32,Female,4,89.91,371.09,Month-to-month,Credit card,DSL,No,No,Yes,Yes,13,10.0,0,0,False,1,False,1
3149,43,Male,18,73.01,1370.28,Month-to-month,Credit card,DSL,Yes,No,Yes,No,13,12.8,3,0,True,1,False,1
3150,20,Female,3,83.65,248.32,Two year,Credit card,DSL,No,Yes,Yes,Yes,9,75.0,1,4,False,24,False,1
3151,42,Male,65,86.49,5470.67,Month-to-month,Mailed check,Fiber optic,Yes,Yes,No,No,11,77.9,4,2,False,1,False,1
3152,69,Male,8,138.87,1160.23,Month-to-month,Credit card,Fiber optic,Yes,No,Yes,Yes,9,84.1,0,1,False,1,True,1
3153,45,Female,50,38.5,1839.29,Month-to-month,Bank transfer,No,No,No,No,No,3,113.3,0,5,False,1,False,1
3154,48,Female,7,62.98,440.13,Month-to-month,Credit card,No,No,Yes,Yes,No,8,117.5,3,2,False,1,False,1
3155,26,Female,39,86.17,3454.47,Month-to-month,Mailed check,DSL,Yes,No,No,No,7,105.6,4,2,True,1,False,0
3156,35,Male,5,96.9,462.5,Month-to-month,Bank transfer,Fiber optic,No,No,No,No,13,23.7,2,1,False,1,False,1
3157,39,Female,8,99.49,807.1,Month-to-month,Credit card,Fiber optic,Yes,Yes,Yes,No,5,42.9,3,2,True,1,False,0
3158,40,Female,5,75.03,387.87,One year,Electronic check,DSL,No,Yes,No,No,9,11.5,3,2,False,12,False,1
3159,64,Female,7,118.03,809.52,One year,Credit card,Fiber optic,No,Yes,No,No,5,95.8,3,2,False,12,False,0
3160,53,Female,43,89.63,3780.99,One year,Electronic check,DSL,No,No,Yes,Yes,5,112.1,5,3,False,12,False,0
3161,28,Female,24,91.55,2094.77,One year,Bank transfer,DSL,Yes,No,Yes,Yes,8,14.3,0,0,True,12,False,1
3162,48,Female,12,87.15,1051.13,Month-to-month,Bank transfer,DSL,No,No,No,No,6,65.0,1,2,False,1,False,1
3163,52,Male,71,125.89,6305.555,Two year,Bank transfer,Fiber optic,No,No,Yes,Yes,3,67.1,1,2,False,24,False,0
3164,62,Male,15,113.02,1610.91,Month-to-month,Electronic check,Fiber optic,No,No,Yes,No,5,120.5,3,2,False,1,False,1
3165,68,Male,71,97.17,6305.555,Month-to-month,Electronic check,Fiber optic,No,No,No,No,3,82.2,2,1,True,1,True,1
3166,29,Male,5,129.89,645.21,One year,Mailed check,Fiber optic,No,No,Yes,Yes,3,95.8,3,0,False,12,False,1
3167,32,Female,56,80.26,4605.45,One year,Bank transfer,DSL,No,No,Yes,No,10,27.3,2,2,False,12,False,1
3168,26,Female,1,95.24,96.91,Month-to-month,Credit card,DSL,Yes,No,Yes,No,3,79.4,6,2,False,1,False,1
3169,41,Male,18,81.33,1436.47,Month-to-month,Credit card,DSL,No,No,Yes,No,9,18.1,2,2,True,1,False,0
3170,51,Male,13,64.83,827.7,Month-to-month,Credit card,DSL,Yes,No,No,No,10,122.5,4,2,False,1,False,1
3171,59,Male,17,56.72,979.44,Two year,Bank transfer,No,No,Yes,Yes,Yes,4,125.7,4,0,True,24,False,0
3172,43,Female,19,132.12,2562.33,Month-to-month,Bank transfer,Fiber optic,Yes,No,Yes,Yes,5,82.1,2,0,False,1,False,1
3173,40,Female,11,100.46,1129.69,One year,Credit card,DSL,Yes,No,Yes,Yes,12,32.8,3,3,False,12,False,0
3174,47,Female,71,97.99,6305.555,Month-to-month,Mailed check,DSL,No,No,Yes,No,11,100.4,1,6,False,1,False,0
3175,32,Male,71,117.29,6305.555,Month-to-month,Mailed check,Fiber optic,Yes,Yes,Yes,Yes,8,48.6,2,1,False,1,False,1
3176,76,Male,71,116.48,6305.555,Month-to-month,Bank transfer,Fiber optic,Yes,Yes,No,No,10,87.5,4,1,False,1,True,1
3177,20,Male,71,95.88,6305.555,Month-to-month,Credit card,Fiber optic,No,No,No,No,8,53.2,1,3,True,1,False,1
3178,47,Male,37,90.96,3509.99,Month-to-month,Credit card,DSL,Yes,Yes,No,No,7,98.5,1,2,False,1,False,0
3179,75,Male,71,97.92,6305.555,One year,Credit card,Fiber optic,Yes,No,No,No,10,44.0,2,2,False,12,True,1
3180,45,Female,53,67.08,3665.08,Month-to-month,Credit card,DSL,No,Yes,No,No,5,115.8,2,3,True,1,False,1
3181,42,Female,12,100.5,1265.32,One year,Bank transfer,Fiber optic,Yes,Yes,Yes,Yes,7,109.9,4,2,False,12,False,0
3182,39,Female,36,80.98,3017.43,Month-to-month,Credit card,DSL,Yes,No,Yes,No,5,67.2,2,0,True,1,False,0
3183,42,Female,58,65.49,3917.99,Two year,Bank transfer,DSL,No,Yes,No,No,16,99.4,2,2,False,24,False,1
3184,65,Female,29,90.77,2506.63,Two year,Mailed check,Fiber optic,Yes,Yes,No,No,6,127.0,2,0,False,24,True,1
3185,18,Male,13,83.15,1120.45,Month-to-month,Bank transfer,DSL,No,Yes,Yes,No,7,70.1,3,1,False,1,False,1
3186,68,Female,1,115.91,116.89,Two year,Electronic check,Fiber optic,Yes,No,Yes,Yes,10,86.3,3,1,False,24,True,1
3187,23,Male,39,91.7,3631.37,Month-to-month,Bank transfer,DSL,Yes,Yes,Yes,Yes,8,77.7,3,3,False,1,False,1
3188,41,Female,71,85.58,6098.26,One year,Credit card,DSL,Yes,Yes,No,No,5,127.7,1,1,True,12,False,0
3189,38,Male,10,27.7,289.3,Month-to-month,Credit card,No,No,Yes,No,No,16,36.0,2,2,False,1,False,1
3190,53,Male,3,87.14,262.02,Month-to-month,Credit card,DSL,No,No,Yes,Yes,6,77.8,3,3,False,1,False,0
3191,21,Male,9,84.66,770.9,Month-to-month,Credit card,DSL,No,No,No,No,4,66.0,3,2,False,1,False,1
3192,51,Male,20,103.33,2006.44,Month-to-month,Mailed check,DSL,Yes,No,Yes,Yes,9,94.9,5,2,False,1,False,0
3193,75,Male,9,22.38,202.59,One year,Electronic check,No,No,Yes,No,No,6,99.2,1,1,False,12,True,0
3194,24,Male,22,109.28,2337.0,One year,Electronic check,Fiber optic,No,No,Yes,Yes,10,30.7,3,1,False,12,False,0
3195,47,Female,71,59.85,4143.1,Month-to-month,Electronic check,No,No,No,Yes,Yes,6,53.3,0,1,False,1,False,0
3196,35,Male,26,106.11,2763.01,Two year,Mailed check,Fiber optic,No,No,No,No,9,52.6,1,1,False,24,False,1
3197,51,Male,10,98.22,1016.19,Two year,Electronic check,Fiber optic,No,No,Yes,Yes,5,8.6,3,3,True,24,False,0
3198,45,Female,65,128.76,6305.555,Two year,Electronic check,Fiber optic,Yes,No,No,No,3,10.9,2,0,False,24,False,0
3199,35,Male,20,124.18,2592.13,Two year,Bank transfer,Fiber optic,No,No,Yes,No,4,36.8,1,4,False,24,False,0
3200,52,Female,3,136.01,425.83,Month-to-month,Credit card,Fiber optic,No,No,Yes,Yes,6,60.9,3,4,True,1,False,1
3201,72,Female,16,115.73,1938.46,Month-to-month,Bank transfer,Fiber optic,Yes,Yes,Yes,Yes,9,78.2,2,1,True,1,True,0
3202,42,Male,25,149.61,3823.19,Month-to-month,Bank transfer,Fiber optic,No,Yes,Yes,No,12,11.7,4,2,False,1,False,0
3203,55,Male,43,107.71,4451.61,Two year,Bank transfer,Fiber optic,Yes,Yes,No,No,12,31.1,1,5,False,24,False,0
3204,25,Female,66,76.65,5118.52,Month-to-month,Mailed check,DSL,Yes,No,No,No,16,96.5,5,1,False,1,False,1
3205,30,Male,9,132.03,1201.21,Month-to-month,Bank transfer,Fiber optic,No,Yes,No,No,9,51.4,1,2,False,1,False,1
3206,52,Female,4,116.22,446.62,Month-to-month,Credit card,Fiber optic,No,Yes,No,No,8,41.5,3,1,True,1,False,1
3207,67,Male,1,87.68,89.46,Month-to-month,Bank transfer,Fiber optic,No,Yes,No,No,8,96.7,4,2,False,1,True,1
3208,50,Female,32,53.15,1686.17,Month-to-month,Electronic check,No,No,Yes,Yes,No,10,59.1,2,3,False,1,False,1
3209,40,Male,38,90.14,3278.11,One year,Electronic check,Fiber optic,Yes,Yes,No,No,7,90.6,1,0,True,12,False,0
3210,44,Male,12,79.28,992.75,Month-to-month,Credit card,DSL,No,No,Yes,No,10,103.6,2,1,True,1,False,1
3211,26,Female,12,106.19,1235.01,One year,Bank transfer,Fiber optic,Yes,Yes,Yes,Yes,2,55.5,1,3,False,12,False,1
3212,54,Female,71,140.67,6305.555,Two year,Credit card,Fiber optic,No,No,Yes,Yes,9,24.2,1,3,False,24,False,1
3213,58,Female,59,53.81,3080.41,One year,Electronic check,No,No,Yes,Yes,No,12,66.1,3,1,True,12,False,1
3214,38,Female,6,136.93,843.29,Month-to-month,Bank transfer,Fiber optic,No,Yes,Yes,Yes,7,16.5,2,2,True,1,False,1
3215,37,Male,36,86.33,3192.17,Two year,Electronic check,DSL,Yes,No,Yes,Yes,4,53.6,4,1,False,24,False,1
3216,48,Female,23,78.81,1737.54,One year,Bank transfer,DSL,Yes,No,No,No,6,88.5,2,2,False,12,False,1
3217,38,Female,4,58.52,234.38,Month-to-month,Credit card,DSL,Yes,No,No,No,9,78.0,2,0,True,1,False,1
3218,44,Male,10,62.57,637.6,One year,Bank transfer,DSL,Yes,Yes,No,No,4,74.5,1,1,False,12,False,1
3219,76,Male,4,106.69,434.57,One year,Mailed check,Fiber optic,No,Yes,No,No,2,127.3,2,1,True,12,True,1
3220,41,Female,8,79.81,649.39,Month-to-month,Bank transfer,DSL,Yes,No,No,No,5,120.8,2,1,False,1,False,1
3221,39,Male,22,56.09,1224.64,Month-to-month,Mailed check,DSL,No,No,No,No,6,65.9,0,4,False,1,False,1
3222,35,Female,11,144.18,1571.57,One year,Bank transfer,Fiber optic,Yes,No,Yes,No,6,47.1,3,1,False,12,False,1
3223,56,Male,12,98.86,1236.07,One year,Mailed check,Fiber optic,No,Yes,No,No,8,20.2,0,2,True,12,False,0
3224,42,Female,18,101.55,1910.76,Month-to-month,Electronic check,DSL,No,No,Yes,Yes,10,123.2,4,3,False,1,False,1
3225,35,Male,2,121.99,236.08,One year,Bank transfer,Fiber optic,Yes,No,Yes,Yes,7,122.0,1,6,False,12,False,1
3226,64,Female,32,84.81,2848.39,Month-to-month,Bank transfer,DSL,No,Yes,Yes,No,6,71.8,2,3,False,1,False,1
3227,66,Female,12,136.1,1574.01,One year,Bank transfer,Fiber optic,No,No,Yes,No,8,81.4,1,1,True,12,True,0
3228,35,Male,15,105.91,1634.15,Month-to-month,Mailed check,Fiber optic,No,Yes,No,No,11,17.7,3,0,True,1,False,1
3229,18,Male,71,54.04,3736.91,Month-to-month,Credit card,No,No,Yes,Yes,No,11,58.3,2,0,False,1,False,0
3230,60,Female,10,86.93,880.08,Two year,Credit card,DSL,Yes,Yes,Yes,No,10,29.0,2,0,False,24,False,0
3231,34,Female,25,80.73,2029.17,One year,Electronic check,DSL,Yes,Yes,No,No,8,64.9,1,5,True,12,False,1
3232,56,Male,11,111.64,1289.28,Month-to-month,Credit card,Fiber optic,Yes,No,No,No,6,44.9,0,1,False,1,False,0
3233,18,Male,53,90.78,4820.1,Month-to-month,Bank transfer,DSL,Yes,No,Yes,Yes,9,94.1,2,1,True,1,False,1
3234,58,Male,45,106.42,4852.93,One year,Credit card,Fiber optic,Yes,Yes,Yes,Yes,8,128.5,1,1,True,12,False,0
3235,26,Male,6,104.39,640.15,Two year,Electronic check,DSL,No,No,Yes,Yes,4,73.5,2,1,False,24,False,1
3236,55,Male,28,119.23,3413.73,One year,Bank transfer,Fiber optic,Yes,Yes,Yes,Yes,13,30.8,2,3,False,12,False,0
3237,45,Male,1,40.7,41.26,Month-to-month,Mailed check,No,No,Yes,No,No,10,57.3,2,3,True,1,False,0
3238,30,Male,71,56.44,4179.35,Two year,Bank transfer,No,No,No,Yes,Yes,5,64.4,1,2,True,24,False,0
3239,38,Male,10,132.23,1353.0,One year,Electronic check,Fiber optic,Yes,Yes,Yes,No,10,85.5,1,2,False,12,False,1
3240,55,Male,42,61.71,2557.66,Month-to-month,Mailed check,DSL,No,No,No,No,10,75.1,2,1,True,1,False,0
3241,46,Female,9,104.2,902.28,One year,Bank transfer,Fiber optic,No,Yes,Yes,Yes,13,117.1,2,4,False,12,False,0
3242,53,Male,24,93.75,2340.7,Month-to-month,Electronic check,Fiber optic,No,Yes,No,No,7,23.0,3,3,False,1,False,1
3243,74,Male,71,45.52,3116.77,One year,Credit card,No,No,No,Yes,Yes,4,59.4,6,0,True,12,True,0
3244,21,Female,50,45.43,2204.19,Month-to-month,Bank transfer,No,No,No,Yes,Yes,6,30.6,6,1,False,1,False,1
3245,69,Female,4,56.45,226.93,Month-to-month,Electronic check,No,No,No,Yes,Yes,8,82.3,1,1,False,1,True,1
3246,46,Female,19,61.62,1204.45,Month-to-month,Credit card,No,No,Yes,Yes,No,7,90.2,3,3,False,1,False,1
3247,31,Female,10,98.72,958.93,Month-to-month,Bank transfer,Fiber optic,No,No,No,No,10,35.2,5,4,False,1,False,1
3248,25,Female,13,108.9,1434.78,Month-to-month,Mailed check,Fiber optic,Yes,Yes,Yes,No,7,124.0,2,4,False,1,False,1
3249,42,Female,9,40.71,361.92,One year,Credit card,No,No,Yes,No,No,6,107.2,1,2,True,12,False,1
3250,58,Male,9,116.1,993.01,Month-to-month,Electronic check,Fiber optic,No,Yes,No,No,5,82.9,0,0,False,1,False,1
3251,43,Female,18,103.83,1909.15,One year,Mailed check,Fiber optic,No,No,No,No,3,121.7,2,1,False,12,False,0
3252,67,Female,5,69.21,350.38,One year,Electronic check,No,No,Yes,Yes,Yes,4,24.8,2,3,False,12,True,1
3253,23,Female,18,116.65,2006.37,One year,Credit card,Fiber optic,No,No,Yes,Yes,11,107.9,1,0,True,12,False,1
3254,44,Male,7,75.35,546.94,Month-to-month,Electronic check,DSL,No,Yes,Yes,Yes,7,9.4,4,4,False,1,False,1
3255,26,Female,8,85.54,661.76,Month-to-month,Credit card,DSL,No,No,No,No,5,68.1,0,2,True,1,False,0
3256,50,Male,32,64.24,2118.24,Month-to-month,Bank transfer,DSL,No,Yes,No,No,12,45.7,4,0,True,1,False,0
3257,58,Female,1,135.88,134.55,Two year,Credit card,Fiber optic,Yes,Yes,Yes,Yes,11,88.9,2,4,False,24,False,1
3258,38,Female,11,139.56,1491.89,Month-to-month,Bank transfer,Fiber optic,Yes,No,Yes,Yes,14,83.8,4,1,True,1,False,1
3259,18,Male,12,107.74,1303.93,One year,Mailed check,Fiber optic,Yes,No,No,No,15,115.6,5,0,False,12,False,0
3260,47,Male,15,115.73,1727.46,One year,Credit card,Fiber optic,No,No,No,No,2,79.8,1,1,True,12,False,0
3261,51,Female,26,35.16,950.77,Month-to-month,Bank transfer,No,No,Yes,No,No,9,48.3,0,1,False,1,False,1
3262,51,Male,11,51.72,577.12,One year,Bank transfer,DSL,Yes,Yes,No,No,6,63.9,1,1,False,12,False,0
3263,63,Male,5,33.53,173.02,Month-to-month,Electronic check,No,No,No,No,No,8,81.6,1,2,False,1,False,1
3264,28,Female,51,64.44,3135.96,Two year,Bank transfer,DSL,Yes,No,No,No,8,31.7,3,2,True,24,False,1
3265,55,Female,71,118.2,6305.555,Month-to-month,Credit card,Fiber optic,No,No,No,No,5,110.7,3,1,False,1,False,1
3266,62,Female,1,113.22,111.24,Month-to-month,Bank transfer,Fiber optic,Yes,No,Yes,Yes,8,43.1,1,0,False,1,False,1
3267,18,Male,18,132.41,2302.3,Month-to-month,Credit card,Fiber optic,No,No,No,No,8,13.6,2,3,False,1,False,0
3268,49,Female,10,110.53,1157.72,Two year,Bank transfer,Fiber optic,Yes,Yes,Yes,Yes,8,65.8,1,3,True,24,False,0
3269,37,Female,7,102.84,733.55,Two year,Electronic check,DSL,No,Yes,Yes,No,12,26.5,1,1,False,24,False,0
3270,43,Male,9,64.48,569.24,Month-to-month,Electronic check,DSL,No,Yes,No,No,6,63.7,3,2,False,1,False,1
3271,50,Male,24,56.76,1352.88,Month-to-month,Bank transfer,DSL,Yes,Yes,No,No,9,113.1,2,1,False,1,False,1
3272,37,Female,5,125.43,628.16,Month-to-month,Credit card,Fiber optic,No,No,No,No,9,119.3,2,0,False,1,False,1
3273,34,Male,58,94.42,5210.87,One year,Credit card,Fiber optic,Yes,No,No,No,9,53.4,1,6,False,12,False,1
3274,45,Female,15,137.41,2117.69,Month-to-month,Bank transfer,Fiber optic,No,No,Yes,Yes,6,90.6,2,2,False,1,False,0
3275,28,Male,9,126.97,1177.87,One year,Credit card,Fiber optic,Yes,Yes,Yes,No,6,30.5,1,1,True,12,False,0
3276,28,Female,34,45.78,1591.73,Month-to-month,Bank transfer,No,No,No,No,No,10,28.3,1,5,True,1,False,0
3277,55,Male,1,93.11,91.96,One year,Bank transfer,Fiber optic,Yes,Yes,Yes,No,6,125.3,2,2,True,12,False,1
3278,27,Male,13,85.92,1072.23,Month-to-month,Bank transfer,DSL,No,No,Yes,Yes,2,102.1,3,2,False,1,False,1
3279,54,Male,10,115.65,1099.25,One year,Credit card,Fiber optic,No,Yes,Yes,No,12,23.5,2,0,True,12,False,0
3280,51,Male,9,144.02,1287.94,One year,Mailed check,Fiber optic,Yes,No,Yes,Yes,7,122.0,3,1,False,12,False,0
3281,19,Female,9,111.97,1053.05,Month-to-month,Electronic check,Fiber optic,Yes,No,No,No,9,114.8,1,4,False,1,False,0
3282,34,Male,1,113.54,113.15,One year,Electronic check,Fiber optic,Yes,Yes,No,No,5,16.8,0,3,True,12,False,1
3283,62,Female,3,116.97,364.88,One year,Electronic check,Fiber optic,No,Yes,No,No,10,75.7,1,3,False,12,False,0
3284,30,Male,3,60.43,183.01,Month-to-month,Mailed check,No,No,Yes,Yes,No,6,100.1,0,0,True,1,False,1
3285,38,Male,71,27.97,2038.29,Month-to-month,Electronic check,No,No,Yes,No,No,6,16.7,1,0,True,1,False,1
3286,51,Female,1,44.55,45.89,One year,Electronic check,No,No,No,No,No,7,19.6,3,3,False,12,False,1
3287,56,Male,4,108.46,424.65,Two year,Electronic check,Fiber optic,No,Yes,Yes,Yes,5,42.0,0,0,False,24,False,1
3288,41,Male,71,44.2,3191.84,Two year,Electronic check,No,No,Yes,Yes,Yes,11,15.6,2,4,False,24,False,1
3289,36,Female,23,60.5,1334.59,One year,Bank transfer,DSL,Yes,No,No,No,13,90.3,3,0,True,12,False,1
3290,66,Male,14,133.18,1949.37,Month-to-month,Mailed check,Fiber optic,No,No,Yes,Yes,7,89.4,0,3,False,1,True,1
3291,71,Female,1,91.9,96.44,Month-to-month,Credit card,DSL,Yes,No,No,No,6,16.9,3,2,False,1,True,1
3292,59,Male,26,108.13,2831.14,Month-to-month,Electronic check,Fiber optic,No,Yes,Yes,No,7,25.2,2,5,False,1,False,1
3293,46,Male,3,85.48,267.25,Month-to-month,Electronic check,DSL,Yes,No,Yes,Yes,16,128.7,2,1,False,1,False,1
3294,32,Male,26,76.64,2059.46,Month-to-month,Credit card,DSL,Yes,No,Yes,Yes,7,24.0,4,1,False,1,False,1
3295,32,Female,71,74.43,5372.72,Month-to-month,Electronic check,DSL,Yes,No,Yes,Yes,6,127.6,2,4,False,1,False,0
3296,52,Male,18,118.5,2158.7,Two year,Bank transfer,Fiber optic,Yes,Yes,No,No,6,77.9,2,3,False,24,False,0
3297,51,Male,5,105.7,540.61,Two year,Credit card,Fiber optic,Yes,Yes,Yes,Yes,3,99.8,3,3,False,24,False,1
3298,66,Male,23,87.5,1978.59,Two year,Bank transfer,DSL,No,Yes,No,No,3,115.6,0,2,True,24,True,0
3299,54,Male,17,100.7,1679.31,Month-to-month,Bank transfer,Fiber optic,Yes,Yes,Yes,Yes,10,5.0,3,2,False,1,False,0
3300,22,Male,18,51.07,949.48,Two year,Bank transfer,No,No,Yes,Yes,Yes,6,20.2,5,3,False,24,False,0
3301,60,Male,15,84.17,1223.25,Month-to-month,Credit card,Fiber optic,Yes,No,No,No,7,36.5,2,1,True,1,False,0
3302,30,Male,26,100.05,2532.72,Month-to-month,Electronic check,Fiber optic,Yes,No,No,No,2,112.0,1,2,True,1,False,1
3303,39,Male,20,118.7,2395.91,One year,Credit card,Fiber optic,Yes,No,No,No,8,12.8,4,1,True,12,False,0
3304,48,Male,71,55.97,3988.49,Month-to-month,Electronic check,No,No,Yes,Yes,No,9,120.9,2,3,False,1,False,1
3305,74,Female,41,129.99,5133.01,Two year,Bank transfer,Fiber optic,No,No,Yes,No,9,63.4,1,0,False,24,True,0
3306,80,Male,7,134.15,984.49,Month-to-month,Electronic check,Fiber optic,Yes,Yes,Yes,No,9,93.5,1,0,False,1,True,1
3307,54,Female,31,38.57,1192.47,Month-to-month,Electronic check,No,No,No,No,No,6,129.2,6,1,True,1,False,1
3308,42,Female,5,95.94,503.63,Month-to-month,Mailed check,DSL,No,Yes,Yes,No,8,72.7,1,3,True,1,False,1
3309,53,Female,36,63.66,2280.61,Two year,Electronic check,DSL,Yes,Yes,No,No,7,69.6,1,3,False,24,False,0
3310,58,Male,3,111.23,343.21,Month-to-month,Electronic check,Fiber optic,Yes,No,No,No,9,81.5,2,3,True,1,False,1
3311,40,Female,15,66.03,1010.64,One year,Bank transfer,DSL,No,No,No,No,10,82.8,1,5,False,12,False,0
3312,71,Female,37,136.34,4956.9,One year,Bank transfer,Fiber optic,No,No,Yes,No,10,84.6,2,2,True,12,True,1
3313,48,Female,7,75.53,506.68,One year,Bank transfer,DSL,Yes,No,No,No,7,109.3,3,2,False,12,False,0
3314,52,Male,43,137.36,5700.76,Month-to-month,Bank transfer,Fiber optic,Yes,No,Yes,Yes,8,64.6,2,3,False,1,False,1
3315,54,Female,24,38.94,891.41,Month-to-month,Bank transfer,No,No,No,Yes,Yes,10,73.1,1,4,False,1,False,1
3316,51,Male,12,83.33,1015.67,One year,Electronic check,DSL,No,Yes,Yes,No,11,57.0,1,2,False,12,False,0
3317,57,Female,13,65.55,815.13,Two year,Electronic check,DSL,No,Yes,Yes,No,13,39.5,1,2,False,24,False,0
3318,35,Female,62,75.86,4607.41,Two year,Credit card,DSL,Yes,No,Yes,Yes,6,27.8,4,2,True,24,False,1
3319,36,Male,5,118.98,571.97,Month-to-month,Electronic check,Fiber optic,No,No,Yes,No,5,122.9,1,3,False,1,False,1
3320,28,Male,28,127.64,3603.78,Month-to-month,Bank transfer,Fiber optic,Yes,Yes,Yes,Yes,7,114.6,1,1,False,1,False,1
3321,51,Female,29,113.65,3362.27,Month-to-month,Credit card,Fiber optic,Yes,No,Yes,No,9,89.8,1,0,False,1,False,0
3322,56,Female,61,81.2,4926.22,One year,Bank transfer,DSL,Yes,Yes,No,No,8,36.6,1,1,False,12,False,0
3323,51,Female,29,114.42,3470.12,Month-to-month,Credit card,Fiber optic,No,Yes,No,No,7,8.2,3,5,False,1,False,1
3324,70,Male,21,94.2,1932.5,One year,Credit card,DSL,No,Yes,Yes,Yes,6,36.8,3,0,False,12,True,1
3325,44,Male,55,119.27,6305.555,Two year,Bank transfer,Fiber optic,Yes,No,Yes,Yes,7,10.0,4,2,True,24,False,1
3326,55,Female,42,67.36,2853.2,Month-to-month,Bank transfer,DSL,Yes,Yes,No,No,5,91.6,2,0,False,1,False,1
3327,28,Female,30,112.34,3491.67,Month-to-month,Electronic check,Fiber optic,Yes,No,Yes,Yes,2,124.9,3,3,True,1,False,0
3328,39,Male,1,80.13,77.08,Two year,Electronic check,DSL,No,No,No,No,12,78.1,3,1,False,24,False,1
3329,55,Male,11,73.41,846.57,Month-to-month,Bank transfer,DSL,Yes,Yes,No,No,8,35.3,2,1,False,1,False,1
3330,57,Female,23,76.32,1800.13,Month-to-month,Electronic check,DSL,Yes,No,Yes,Yes,14,12.2,2,3,False,1,False,1
3331,40,Male,17,141.17,2422.6,Month-to-month,Electronic check,Fiber optic,No,Yes,Yes,Yes,7,27.1,2,2,True,1,False,0
3332,43,Female,9,128.96,1103.17,Month-to-month,Credit card,Fiber optic,Yes,No,Yes,Yes,13,42.3,2,3,False,1,False,1
3333,22,Male,3,48.97,139.63,One year,Credit card,No,No,Yes,Yes,Yes,10,45.7,1,1,True,12,False,0
3334,39,Female,19,70.19,1289.45,Month-to-month,Credit card,DSL,No,Yes,No,No,9,49.8,0,0,False,1,False,1
3335,58,Female,8,63.58,503.92,Month-to-month,Bank transfer,DSL,No,Yes,No,No,7,94.3,1,3,False,1,False,0
3336,53,Female,6,84.52,496.77,One year,Electronic check,DSL,No,No,No,No,9,69.1,0,2,False,12,False,1
3337,52,Male,12,84.42,1048.47,Month-to-month,Electronic check,DSL,Yes,No,Yes,Yes,3,55.3,5,4,False,1,False,1
3338,45,Female,36,71.3,2631.33,Month-to-month,Credit card,DSL,Yes,No,No,No,11,13.7,4,3,True,1,False,0
3339,45,Female,16,67.82,1127.65,One year,Bank transfer,DSL,No,Yes,No,No,3,114.3,2,1,False,12,False,0
3340,35,Male,5,97.27,480.22,Two year,Mailed check,Fiber optic,Yes,Yes,No,No,11,46.5,1,1,False,24,False,0
3341,55,Female,2,121.8,250.59,Month-to-month,Electronic check,Fiber optic,Yes,No,Yes,Yes,7,129.2,5,2,False,1,False,1
3342,51,Female,16,144.88,2397.53,Month-to-month,Electronic check,Fiber optic,No,No,Yes,No,7,41.7,3,2,False,1,False,1
3343,52,Female,37,63.46,2464.74,One year,Electronic check,DSL,Yes,No,Yes,Yes,9,25.8,0,1,False,12,False,1
3344,37,Male,25,139.21,3576.64,One year,Bank transfer,Fiber optic,No,No,Yes,Yes,8,108.2,5,3,False,12,False,1
3345,18,Male,6,105.65,656.64,Month-to-month,Bank transfer,Fiber optic,Yes,Yes,Yes,No,14,98.3,3,4,False,1,False,1
3346,61,Male,13,97.24,1239.33,Month-to-month,Credit card,DSL,Yes,No,Yes,Yes,7,46.6,3,0,False,1,False,1
3347,37,Male,46,105.19,4920.91,Month-to-month,Credit card,Fiber optic,No,No,Yes,Yes,14,65.2,3,2,False,1,False,1
3348,32,Female,4,42.03,170.84,One year,Bank transfer,No,No,No,No,No,6,123.8,5,2,True,12,False,0
3349,55,Male,18,44.97,816.21,Month-to-month,Electronic check,No,No,No,No,No,8,88.5,1,2,False,1,False,0
3350,39,Male,10,105.35,1102.32,Two year,Credit card,Fiber optic,No,No,Yes,No,6,112.4,3,3,True,24,False,1
3351,60,Male,3,126.29,375.74,One year,Credit card,Fiber optic,No,Yes,Yes,No,8,81.2,0,1,True,12,False,0
3352,54,Female,1,131.27,136.1,One year,Credit card,Fiber optic,No,No,Yes,Yes,5,118.2,3,1,False,12,False,1
3353,55,Female,19,66.77,1212.3,Two year,Credit card,DSL,No,Yes,No,No,6,46.9,1,0,False,24,False,1
3354,24,Female,1,102.18,101.26,Month-to-month,Mailed check,Fiber optic,No,No,Yes,Yes,7,64.9,3,1,False,1,False,1
3355,63,Male,2,124.38,238.14,Month-to-month,Credit card,Fiber optic,No,Yes,Yes,Yes,5,48.4,1,1,False,1,False,0
3356,48,Female,10,106.38,1073.81,Month-to-month,Electronic check,Fiber optic,No,Yes,No,No,9,71.4,4,2,False,1,False,1
3357,39,Female,1,88.77,89.59,Month-to-month,Mailed check,DSL,No,No,Yes,Yes,8,73.0,3,3,False,1,False,0
3358,47,Male,12,87.86,1038.16,Month-to-month,Electronic check,DSL,No,No,Yes,Yes,8,127.3,0,0,True,1,False,1
3359,18,Female,3,124.59,388.95,Month-to-month,Credit card,Fiber optic,Yes,No,Yes,Yes,6,109.0,1,1,False,1,False,1
3360,51,Male,10,105.04,1014.95,Two year,Credit card,Fiber optic,Yes,No,Yes,No,8,57.7,1,6,False,24,False,1
3361,29,Male,37,71.86,2649.32,One year,Bank transfer,DSL,Yes,Yes,Yes,Yes,7,51.4,2,3,True,12,False,0
3362,24,Female,23,134.71,3126.23,Two year,Electronic check,Fiber optic,Yes,Yes,Yes,Yes,10,82.1,1,1,False,24,False,1
3363,22,Male,14,50.16,681.05,Month-to-month,Electronic check,DSL,Yes,No,No,No,10,93.6,1,1,True,1,False,1
3364,61,Male,2,107.85,222.59,One year,Mailed check,Fiber optic,No,Yes,No,No,7,73.4,2,1,False,12,False,1
3365,35,Male,23,128.0,2930.93,Month-to-month,Credit card,Fiber optic,Yes,Yes,Yes,Yes,4,99.6,0,2,False,1,False,1
3366,68,Male,4,78.45,314.53,Month-to-month,Electronic check,DSL,No,No,Yes,Yes,15,65.9,3,2,False,1,True,0
3367,36,Male,1,123.97,122.81,One year,Mailed check,Fiber optic,Yes,No,Yes,Yes,7,25.1,5,1,False,12,False,1
3368,19,Male,26,65.93,1732.36,Month-to-month,Credit card,DSL,Yes,No,No,No,8,71.6,0,0,False,1,False,1
3369,28,Female,58,117.61,6305.555,One year,Electronic check,Fiber optic,Yes,Yes,Yes,No,11,7.7,0,0,False,12,False,1
3370,63,Male,14,107.93,1486.12,Month-to-month,Credit card,DSL,No,No,Yes,Yes,8,13.0,1,5,True,1,False,1
3371,42,Male,1,111.91,109.72,Month-to-month,Bank transfer,Fiber optic,No,No,Yes,Yes,12,43.5,1,2,False,1,False,1
3372,36,Male,50,61.91,3223.0,Month-to-month,Electronic check,DSL,No,Yes,No,No,4,105.1,4,2,False,1,False,1
3373,47,Male,1,128.55,134.97,Two year,Credit card,Fiber optic,Yes,No,Yes,Yes,9,25.1,2,2,True,24,False,1
3374,52,Female,48,113.95,5320.72,Month-to-month,Electronic check,Fiber optic,No,No,No,No,6,61.8,3,2,False,1,False,1
3375,61,Female,11,109.13,1166.46,One year,Credit card,DSL,No,No,Yes,Yes,9,99.2,5,1,False,12,False,1
3376,66,Male,10,85.98,829.53,Month-to-month,Credit card,DSL,Yes,No,No,No,11,44.0,4,3,False,1,True,1
3377,39,Female,18,69.65,1227.72,Month-to-month,Bank transfer,DSL,No,No,No,No,9,44.9,3,4,False,1,False,0
3378,25,Male,71,55.49,3993.83,One year,Electronic check,DSL,No,Yes,No,No,13,126.9,1,3,True,12,False,1
3379,38,Male,54,103.45,5309.69,Month-to-month,Bank transfer,Fiber optic,No,No,No,No,9,125.6,2,3,True,1,False,0
3380,48,Male,15,95.89,1401.1,Month-to-month,Credit card,Fiber optic,No,No,No,No,8,96.5,1,2,False,1,False,0
3381,30,Male,28,87.31,2532.33,Month-to-month,Bank transfer,DSL,No,No,No,No,6,117.8,3,1,True,1,False,0
3382,30,Female,20,116.97,2251.4,Two year,Electronic check,Fiber optic,Yes,Yes,Yes,Yes,8,53.3,1,1,True,24,False,0
3383,50,Female,28,49.53,1433.71,Month-to-month,Electronic check,No,No,No,No,No,8,27.0,1,2,False,1,False,1
3384,44,Male,42,33.48,1414.6,Month-to-month,Electronic check,No,No,Yes,No,No,6,90.0,1,3,False,1,False,1
3385,45,Male,1,96.78,94.51,Month-to-month,Electronic check,DSL,No,No,Yes,Yes,5,103.5,2,5,False,1,False,1
3386,33,Female,9,96.31,862.98,Month-to-month,Mailed check,DSL,Yes,No,Yes,No,7,117.3,3,1,False,1,False,0
3387,41,Female,71,119.17,6305.555,Month-to-month,Bank transfer,Fiber optic,No,No,Yes,Yes,14,75.5,0,5,False,1,False,1
3388,31,Male,71,93.32,6305.555,Month-to-month,Credit card,DSL,Yes,No,Yes,No,11,80.0,1,4,True,1,False,1
3389,58,Female,1,59.31,56.83,Month-to-month,Mailed check,DSL,No,Yes,No,No,6,87.0,2,2,True,1,False,1
3390,60,Male,5,64.4,325.58,Month-to-month,Bank transfer,DSL,Yes,No,No,No,4,99.7,4,2,True,1,False,0
3391,18,Female,71,65.51,4704.95,Two year,Electronic check,DSL,Yes,No,No,No,9,128.2,3,1,True,24,False,0
3392,31,Female,16,95.78,1456.03,Month-to-month,Bank transfer,Fiber optic,No,Yes,No,No,11,91.8,1,4,False,1,False,1
3393,22,Female,20,127.4,2657.32,Month-to-month,Credit card,Fiber optic,No,No,Yes,Yes,8,126.4,2,1,True,1,False,1
3394,35,Female,4,79.37,302.55,Month-to-month,Credit card,DSL,No,No,No,No,11,117.3,1,3,False,1,False,0
3395,43,Male,53,112.34,6163.5,Month-to-month,Electronic check,Fiber optic,Yes,Yes,No,No,8,37.6,3,0,False,1,False,1
3396,23,Male,6,140.05,819.72,One year,Credit card,Fiber optic,No,Yes,Yes,Yes,8,111.8,1,3,False,12,False,0
3397,31,Female,5,118.92,623.26,Month-to-month,Bank transfer,Fiber optic,No,Yes,Yes,Yes,9,41.4,1,3,True,1,False,0
3398,29,Male,6,50.13,315.81,Month-to-month,Bank transfer,No,No,Yes,Yes,No,16,99.6,2,1,True,1,False,1
3399,48,Female,60,54.19,3164.69,Month-to-month,Bank transfer,No,No,No,Yes,Yes,9,17.4,1,4,False,1,False,1
3400,46,Female,29,125.79,3557.49,Month-to-month,Credit card,Fiber optic,No,No,Yes,Yes,9,128.5,0,3,False,1,False,1
3401,34,Male,35,108.85,3942.35,Two year,Mailed check,Fiber optic,Yes,No,Yes,Yes,12,49.1,5,0,False,24,False,1
3402,47,Male,11,71.94,762.9,Month-to-month,Mailed check,DSL,Yes,No,No,No,8,63.5,1,2,False,1,False,0
3403,36,Male,57,104.81,5677.48,Month-to-month,Credit card,Fiber optic,No,No,Yes,No,3,33.5,2,3,True,1,False,1
3404,40,Female,37,123.0,4610.12,Month-to-month,Electronic check,Fiber optic,Yes,Yes,No,No,6,23.2,2,3,False,1,False,1
3405,70,Male,33,103.35,3332.76,One year,Credit card,Fiber optic,Yes,No,No,No,10,37.3,2,1,False,12,True,0
3406,65,Male,71,71.43,5075.49,Month-to-month,Bank transfer,DSL,No,No,No,No,7,116.3,1,4,False,1,True,0
3407,25,Male,10,101.73,1011.96,Month-to-month,Credit card,DSL,No,No,Yes,Yes,13,62.5,3,1,True,1,False,1
3408,57,Male,22,84.11,1807.09,Month-to-month,Electronic check,DSL,Yes,Yes,No,No,5,117.5,1,1,True,1,False,1
3409,57,Female,57,136.9,6305.555,Month-to-month,Credit card,Fiber optic,No,Yes,Yes,Yes,8,92.2,1,0,True,1,False,1
3410,27,Female,37,48.6,1835.57,Month-to-month,Credit card,No,No,Yes,No,No,7,9.0,2,2,False,1,False,1
3411,57,Female,19,84.29,1600.38,Month-to-month,Bank transfer,DSL,Yes,No,Yes,Yes,5,100.3,3,3,True,1,False,0
3412,68,Female,1,50.34,51.69,One year,Electronic check,No,No,No,Yes,No,7,45.6,6,1,False,12,True,1
3413,28,Female,25,84.58,2200.52,Two year,Credit card,DSL,No,No,Yes,No,6,40.8,1,2,False,24,False,1
3414,31,Female,17,46.49,768.69,One year,Electronic check,No,No,No,No,No,4,105.4,2,2,True,12,False,1
3415,60,Female,4,126.98,527.98,Month-to-month,Mailed check,Fiber optic,Yes,No,Yes,Yes,7,110.8,4,3,False,1,False,1
3416,49,Male,51,89.13,4753.17,One year,Bank transfer,DSL,Yes,No,Yes,Yes,7,46.8,3,2,False,12,False,0
3417,53,Female,10,57.75,565.81,One year,Electronic check,DSL,No,No,No,No,5,112.6,1,4,True,12,False,1
3418,50,Female,11,94.91,1081.0,Two year,Bank transfer,DSL,Yes,Yes,Yes,Yes,5,14.1,3,2,True,24,False,0
3419,50,Female,26,48.16,1223.7,One year,Electronic check,No,No,No,Yes,Yes,8,45.1,4,2,False,12,False,1
3420,25,Female,16,90.02,1488.87,One year,Electronic check,Fiber optic,No,Yes,No,No,12,82.0,3,4,False,12,False,0
3421,60,Male,2,107.14,223.01,Month-to-month,Credit card,Fiber optic,No,No,Yes,Yes,11,37.8,1,2,False,1,False,1
3422,62,Female,11,61.64,709.76,Month-to-month,Credit card,DSL,Yes,Yes,No,No,7,26.2,4,5,False,1,False,1
3423,41,Female,2,61.57,124.05,Month-to-month,Bank transfer,No,No,No,Yes,Yes,14,124.5,0,1,False,1,False,0
3424,44,Male,5,79.75,400.63,Month-to-month,Electronic check,DSL,No,No,Yes,No,16,84.0,2,3,False,1,False,1
3425,22,Female,1,71.72,68.86,Month-to-month,Electronic check,DSL,No,No,No,No,4,41.7,3,2,False,1,False,1
3426,52,Female,4,56.38,226.41,Month-to-month,Credit card,DSL,Yes,No,No,No,8,49.0,4,0,True,1,False,1
3427,53,Female,9,127.81,1189.31,One year,Bank transfer,Fiber optic,No,No,Yes,Yes,5,9.3,1,1,True,12,False,0
3428,44,Female,18,91.75,1570.43,Two year,Electronic check,DSL,No,Yes,Yes,Yes,8,15.5,2,1,False,24,False,1
3429,61,Female,60,117.12,6305.555,Month-to-month,Bank transfer,Fiber optic,Yes,No,Yes,Yes,8,120.9,1,1,False,1,False,0
3430,39,Female,18,87.77,1591.9,Month-to-month,Bank transfer,DSL,Yes,Yes,Yes,No,10,38.8,4,4,False,1,False,1
3431,53,Female,29,123.75,3639.86,Two year,Credit card,Fiber optic,No,Yes,Yes,No,12,19.9,4,1,False,24,False,1
3432,29,Male,10,111.56,1141.25,Two year,Bank transfer,Fiber optic,Yes,No,No,No,9,65.0,0,3,False,24,False,0
3433,44,Male,33,78.69,2708.03,Month-to-month,Credit card,DSL,Yes,No,Yes,Yes,5,109.0,4,1,False,1,False,0
3434,42,Female,23,65.94,1546.1,Month-to-month,Credit card,DSL,Yes,No,No,No,8,35.3,2,4,True,1,False,0
3435,48,Male,14,110.94,1543.83,Month-to-month,Bank transfer,Fiber optic,Yes,No,Yes,Yes,5,7.4,1,1,True,1,False,1
3436,39,Female,5,71.12,368.36,Month-to-month,Mailed check,DSL,No,No,No,No,11,23.6,2,1,True,1,False,0
3437,43,Male,8,77.13,644.86,Two year,Mailed check,DSL,No,Yes,Yes,Yes,8,108.1,1,1,False,24,False,0
3438,57,Female,23,118.99,2769.94,One year,Credit card,Fiber optic,No,Yes,No,No,8,108.7,2,2,False,12,False,0
3439,38,Male,13,79.18,1056.62,Month-to-month,Credit card,DSL,No,No,No,No,9,126.3,3,1,False,1,False,0
3440,20,Female,52,88.37,4619.34,Two year,Bank transfer,Fiber optic,No,Yes,No,No,6,60.1,2,1,False,24,False,0
3441,71,Male,6,78.89,454.93,One year,Credit card,DSL,Yes,Yes,No,No,9,33.3,1,1,False,12,True,0
3442,65,Male,1,54.2,54.8,Two year,Bank transfer,DSL,No,Yes,No,No,10,117.1,2,0,True,24,True,0
3443,25,Female,21,122.22,2584.53,Two year,Electronic check,Fiber optic,Yes,No,Yes,No,9,70.5,3,0,False,24,False,1
3444,55,Female,52,93.75,4875.15,Month-to-month,Electronic check,DSL,No,No,Yes,Yes,5,120.9,4,1,False,1,False,1
3445,37,Male,10,76.45,769.43,Month-to-month,Bank transfer,DSL,Yes,No,No,No,12,32.6,2,3,False,1,False,1
3446,48,Male,25,122.39,3010.51,Month-to-month,Bank transfer,Fiber optic,Yes,Yes,Yes,Yes,4,60.5,4,2,True,1,False,0
3447,49,Female,6,91.31,564.37,Two year,Bank transfer,DSL,Yes,Yes,Yes,Yes,9,21.5,1,4,False,24,False,0
3448,41,Male,19,131.76,2439.13,Two year,Bank transfer,Fiber optic,No,No,Yes,Yes,10,114.2,0,3,False,24,False,0
3449,33,Female,37,61.4,2256.37,One year,Bank transfer,No,No,Yes,Yes,Yes,8,51.9,1,0,False,12,False,0
3450,34,Male,48,98.2,4814.25,Month-to-month,Credit card,Fiber optic,No,No,Yes,Yes,12,97.5,4,4,False,1,False,1
3451,31,Male,2,66.78,134.39,Month-to-month,Credit card,DSL,Yes,No,Yes,Yes,5,82.3,3,0,False,1,False,0
3452,32,Female,10,81.69,786.72,One year,Mailed check,Fiber optic,No,Yes,No,No,5,37.6,2,0,False,12,False,1
3453,43,Female,24,95.14,2282.32,One year,Credit card,DSL,Yes,No,Yes,No,7,97.1,4,3,False,12,False,0
3454,34,Female,1,96.72,99.11,Month-to-month,Mailed check,DSL,No,No,Yes,No,8,96.8,1,1,False,1,False,1
3455,55,Male,28,117.76,3155.62,Month-to-month,Bank transfer,Fiber optic,Yes,Yes,No,No,5,8.0,1,3,False,1,False,1
3456,67,Male,18,53.91,1004.5,One year,Bank transfer,DSL,Yes,Yes,No,No,4,70.7,1,4,False,12,True,0
3457,36,Male,8,91.49,732.74,Two year,Credit card,DSL,Yes,Yes,Yes,No,7,89.6,3,4,False,24,False,0
3458,48,Female,40,70.41,2824.36,Month-to-month,Credit card,DSL,No,No,Yes,Yes,6,79.4,0,4,False,1,False,1
3459,52,Male,8,37.66,303.21,Month-to-month,Bank transfer,No,No,No,No,No,6,6.7,3,1,False,1,False,1
3460,52,Male,71,87.23,6119.51,One year,Bank transfer,DSL,Yes,No,No,No,4,123.1,4,2,False,12,False,1
3461,46,Female,40,53.98,2133.45,Two year,Bank transfer,DSL,Yes,No,No,No,9,36.9,4,0,False,24,False,0
3462,56,Male,29,110.19,3249.48,Month-to-month,Bank transfer,Fiber optic,Yes,No,No,No,10,81.5,3,4,False,1,False,0
3463,52,Male,1,112.06,110.88,Month-to-month,Bank transfer,Fiber optic,No,Yes,Yes,Yes,7,42.2,3,2,True,1,False,1
3464,26,Female,56,138.23,6305.555,Month-to-month,Credit card,Fiber optic,Yes,Yes,Yes,Yes,7,75.6,1,3,False,1,False,1
3465,58,Female,37,47.04,1811.2,Month-to-month,Bank transfer,No,No,No,Yes,Yes,5,64.8,0,1,True,1,False,0
3466,58,Female,6,83.25,483.32,Month-to-month,Credit card,DSL,Yes,Yes,No,No,6,124.6,4,1,False,1,False,1
3467,33,Female,11,100.2,1068.98,One year,Bank transfer,DSL,No,Yes,Yes,Yes,7,117.1,1,3,False,12,False,0
3468,45,Female,7,88.1,611.21,Month-to-month,Credit card,DSL,No,No,Yes,Yes,13,114.0,1,1,False,1,False,1
3469,55,Female,71,124.62,6305.555,One year,Electronic check,Fiber optic,No,No,Yes,No,6,62.4,1,2,False,12,False,0
3470,41,Female,46,70.89,3385.64,Month-to-month,Mailed check,DSL,Yes,Yes,Yes,Yes,5,72.2,3,1,False,1,False,1
3471,61,Female,63,129.56,6305.555,Month-to-month,Electronic check,Fiber optic,Yes,No,Yes,Yes,8,36.4,3,3,False,1,False,1
3472,80,Female,37,70.08,2669.55,Month-to-month,Credit card,No,No,No,Yes,Yes,5,41.5,0,2,False,1,True,1
3473,33,Male,14,82.2,1107.23,Month-to-month,Mailed check,DSL,No,Yes,No,No,4,22.4,4,4,True,1,False,0
3474,24,Female,5,39.23,197.24,Month-to-month,Credit card,No,No,Yes,No,No,10,44.2,1,2,False,1,False,1
3475,49,Female,5,71.91,362.41,Two year,Electronic check,DSL,No,Yes,No,No,11,82.0,4,3,True,24,False,1
3476,55,Male,3,122.64,384.99,Month-to-month,Mailed check,Fiber optic,No,No,No,No,9,48.8,1,4,False,1,False,1
3477,41,Female,18,94.77,1748.82,Month-to-month,Electronic check,Fiber optic,No,Yes,No,No,13,7.6,0,1,True,1,False,1
3478,66,Male,60,109.67,6305.555,One year,Bank transfer,Fiber optic,Yes,Yes,Yes,Yes,12,89.6,2,3,True,12,True,0
3479,24,Male,71,125.21,6305.555,Two year,Electronic check,Fiber optic,Yes,No,Yes,No,11,108.2,2,3,False,24,False,1
3480,55,Female,8,108.09,886.88,Month-to-month,Credit card,Fiber optic,Yes,Yes,No,No,7,39.9,0,1,False,1,False,1
3481,35,Male,28,52.56,1497.89,Month-to-month,Bank transfer,No,No,No,Yes,Yes,3,107.4,4,1,False,1,False,1
3482,70,Female,21,110.63,2364.86,One year,Electronic check,Fiber optic,No,No,No,No,5,119.9,2,1,False,12,True,0
3483,74,Female,16,78.89,1205.52,Month-to-month,Credit card,DSL,No,Yes,No,No,6,120.9,1,1,False,1,True,1
3484,33,Male,26,43.62,1121.86,One year,Credit card,No,No,Yes,No,No,10,108.6,3,0,False,12,False,1
3485,36,Male,11,66.4,702.27,Month-to-month,Electronic check,No,No,Yes,Yes,Yes,9,49.0,2,2,True,1,False,1
3486,57,Male,69,140.88,6305.555,Two year,Bank transfer,Fiber optic,No,No,Yes,Yes,12,66.3,2,1,False,24,False,0
3487,39,Female,29,126.65,3623.95,Month-to-month,Credit card,Fiber optic,No,Yes,Yes,No,15,78.7,1,2,False,1,False,1
3488,44,Female,33,132.29,4529.81,Two year,Bank transfer,Fiber optic,No,No,No,No,7,70.5,2,3,False,24,False,0
3489,45,Male,6,95.73,563.91,Month-to-month,Credit card,Fiber optic,Yes,No,No,No,9,83.7,3,0,False,1,False,1
3490,18,Female,4,82.02,333.7,Two year,Credit card,DSL,Yes,Yes,Yes,No,14,121.3,4,4,False,24,False,1
3491,44,Female,12,110.14,1256.85,Month-to-month,Electronic check,Fiber optic,No,No,Yes,Yes,7,16.8,1,2,False,1,False,1
3492,34,Male,34,43.22,1498.52,Month-to-month,Mailed check,No,No,No,Yes,Yes,10,73.9,2,3,False,1,False,1
3493,37,Male,67,96.81,6305.555,Month-to-month,Electronic check,DSL,Yes,Yes,Yes,Yes,3,88.2,3,4,False,1,False,0
3494,66,Male,13,110.4,1383.22,Two year,Credit card,Fiber optic,No,Yes,No,No,14,52.4,3,1,True,24,True,1
3495,26,Male,35,141.03,4910.11,Month-to-month,Bank transfer,Fiber optic,No,No,Yes,No,9,20.6,3,3,False,1,False,1
3496,57,Male,15,89.68,1369.85,Month-to-month,Credit card,DSL,No,No,Yes,Yes,11,47.8,3,2,True,1,False,1
3497,40,Male,8,93.38,749.34,Month-to-month,Bank transfer,DSL,Yes,Yes,Yes,Yes,10,95.3,1,2,False,1,False,0
3498,40,Male,32,117.97,3935.62,Two year,Bank transfer,Fiber optic,Yes,Yes,Yes,Yes,6,82.8,1,4,False,24,False,0
3499,56,Male,38,100.7,3715.96,Month-to-month,Credit card,DSL,Yes,No,Yes,No,11,85.0,2,0,False,1,False,0
3500,50,Male,5,64.79,339.02,Month-to-month,Bank transfer,DSL,No,No,No,No,10,41.6,2,2,True,1,False,1
3501,53,Male,8,115.52,923.51,Two year,Bank transfer,Fiber optic,No,No,Yes,Yes,6,80.4,2,2,False,24,False,1
3502,59,Female,16,99.37,1669.38,Two year,Bank transfer,Fiber optic,Yes,No,Yes,Yes,8,106.9,1,1,False,24,False,0
3503,40,Female,4,75.91,301.4,Month-to-month,Bank transfer,DSL,No,No,Yes,Yes,7,79.9,2,4,False,1,False,1
3504,35,Male,63,102.98,6305.555,Two year,Bank transfer,Fiber optic,No,Yes,Yes,Yes,9,48.7,0,2,False,24,False,0
3505,28,Female,21,95.78,2078.99,Month-to-month,Bank transfer,Fiber optic,No,No,No,No,4,110.2,3,3,True,1,False,1
3506,32,Female,3,82.58,248.7,Month-to-month,Credit card,DSL,No,No,Yes,Yes,7,88.9,4,1,False,1,False,0
3507,80,Female,4,130.83,537.07,Two year,Bank transfer,Fiber optic,No,Yes,Yes,No,12,24.0,1,3,True,24,True,1
3508,63,Female,71,124.88,6305.555,One year,Credit card,Fiber optic,Yes,No,Yes,Yes,5,60.6,2,3,False,12,False,0
3509,24,Female,32,74.69,2302.3,Month-to-month,Bank transfer,DSL,No,Yes,No,No,2,70.2,3,4,True,1,False,1
3510,25,Female,31,45.85,1454.67,Month-to-month,Bank transfer,No,No,Yes,Yes,Yes,9,48.5,1,3,True,1,False,1
3511,52,Male,1,133.57,136.6,Month-to-month,Electronic check,Fiber optic,Yes,No,Yes,No,6,8.9,1,4,False,1,False,1
3512,53,Male,54,108.77,5832.71,One year,Bank transfer,DSL,Yes,No,Yes,Yes,10,39.9,1,2,False,12,False,1
3513,53,Female,14,86.58,1170.15,Two year,Bank transfer,DSL,Yes,No,No,No,13,18.7,2,2,False,24,False,0
3514,41,Female,25,104.43,2598.01,Month-to-month,Credit card,Fiber optic,No,No,No,No,6,69.5,1,4,True,1,False,1
3515,43,Male,71,99.6,6305.555,Two year,Bank transfer,DSL,No,No,Yes,Yes,7,39.0,1,1,True,24,False,0
3516,49,Female,2,70.99,147.37,Month-to-month,Electronic check,DSL,No,No,Yes,Yes,9,36.2,2,2,True,1,False,1
3517,46,Female,15,92.47,1368.87,One year,Credit card,DSL,Yes,Yes,Yes,No,11,115.4,1,5,False,12,False,1
3518,18,Female,1,104.91,103.21,Month-to-month,Credit card,Fiber optic,No,Yes,No,No,14,111.9,1,0,True,1,False,0
3519,41,Female,16,89.71,1391.84,One year,Bank transfer,DSL,Yes,No,Yes,Yes,8,124.7,2,0,False,12,False,0
3520,32,Female,6,31.3,185.3,Month-to-month,Electronic check,No,No,Yes,No,No,8,72.7,3,2,True,1,False,1
3521,47,Male,58,109.46,6182.93,Two year,Mailed check,Fiber optic,No,Yes,No,No,3,59.1,1,1,True,24,False,1
3522,80,Male,12,116.71,1377.66,Month-to-month,Mailed check,Fiber optic,Yes,No,Yes,Yes,4,13.1,2,1,False,1,True,1
3523,50,Female,24,116.78,2814.08,Month-to-month,Credit card,Fiber optic,No,Yes,Yes,Yes,11,104.5,5,1,False,1,False,1
3524,40,Male,47,99.71,4718.19,Two year,Bank transfer,Fiber optic,No,No,Yes,Yes,9,106.6,2,2,True,24,False,1
3525,58,Female,71,118.03,6305.555,Month-to-month,Electronic check,Fiber optic,No,No,No,No,12,64.0,0,1,False,1,False,0
3526,52,Female,16,136.7,2292.85,Month-to-month,Mailed check,Fiber optic,Yes,No,Yes,Yes,7,20.9,0,1,False,1,False,1
3527,51,Female,14,81.49,1094.03,Month-to-month,Bank transfer,DSL,Yes,No,Yes,Yes,12,114.9,3,2,False,1,False,1
3528,54,Female,1,112.3,109.33,Two year,Electronic check,Fiber optic,Yes,Yes,Yes,Yes,4,105.1,2,0,False,24,False,0
3529,75,Female,1,115.43,114.39,Month-to-month,Bank transfer,Fiber optic,No,No,Yes,Yes,9,10.7,1,5,True,1,True,1
3530,28,Female,22,124.76,2873.07,Month-to-month,Credit card,Fiber optic,Yes,No,No,No,5,14.6,1,3,True,1,False,0
3531,52,Female,1,85.37,83.5,Month-to-month,Mailed check,DSL,No,Yes,No,No,9,98.9,0,0,False,1,False,1
3532,31,Female,11,91.21,1041.16,Two year,Mailed check,DSL,Yes,No,Yes,No,6,34.0,1,0,True,24,False,0
3533,53,Female,1,111.46,110.41,Month-to-month,Credit card,Fiber optic,Yes,No,No,No,12,62.3,4,1,False,1,False,1
3534,31,Male,22,65.9,1516.3,Month-to-month,Mailed check,DSL,Yes,No,No,No,4,91.1,2,3,False,1,False,0
3535,38,Female,13,29.83,369.81,One year,Bank transfer,No,No,No,No,No,6,19.9,5,2,False,12,False,1
3536,40,Male,3,111.26,325.17,Month-to-month,Electronic check,Fiber optic,No,No,No,No,16,83.5,3,5,False,1,False,1
3537,59,Male,8,75.69,577.61,Month-to-month,Credit card,DSL,Yes,No,No,No,6,114.5,2,4,False,1,False,1
3538,58,Female,20,59.4,1217.9,Two year,Credit card,DSL,Yes,No,No,No,5,66.0,4,4,False,24,False,1
3539,26,Male,25,94.47,2397.63,Month-to-month,Bank transfer,DSL,Yes,No,Yes,Yes,9,7.1,1,2,False,1,False,0
3540,45,Female,14,77.64,1057.83,One year,Bank transfer,DSL,No,No,Yes,Yes,5,109.3,1,1,True,12,False,0
3541,34,Female,39,55.24,2058.51,Two year,Electronic check,No,No,No,Yes,Yes,8,14.2,1,1,False,24,False,0
3542,26,Female,2,47.73,98.25,Month-to-month,Electronic check,No,No,Yes,Yes,Yes,13,97.7,3,4,False,1,False,1
3543,41,Female,2,32.58,66.85,Month-to-month,Credit card,No,No,No,No,No,13,122.2,2,4,False,1,False,1
3544,40,Male,1,95.8,99.82,Two year,Bank transfer,Fiber optic,No,Yes,No,No,11,79.0,2,3,False,24,False,0
3545,80,Male,18,103.34,1798.21,One year,Electronic check,Fiber optic,No,No,No,No,9,65.1,1,1,False,12,True,0
3546,51,Female,29,31.75,927.56,Month-to-month,Credit card,No,No,No,No,No,5,61.5,1,3,True,1,False,1
3547,24,Male,3,52.33,163.56,Month-to-month,Electronic check,No,No,No,Yes,Yes,13,80.0,0,2,True,1,False,1
3548,36,Male,24,20.9,486.83,One year,Bank transfer,No,No,No,No,No,7,34.3,2,3,True,12,False,1
3549,60,Male,15,30.32,459.68,Month-to-month,Credit card,No,No,No,No,No,11,118.1,4,1,False,1,False,1
3550,76,Female,71,122.13,6305.555,Month-to-month,Bank transfer,Fiber optic,Yes,Yes,No,No,7,103.3,5,1,False,1,True,0
3551,21,Male,30,95.38,2730.29,Two year,Mailed check,DSL,Yes,Yes,No,No,12,57.8,3,0,False,24,False,0
3552,18,Male,25,111.96,2878.0,Month-to-month,Mailed check,Fiber optic,No,Yes,No,No,7,94.7,2,2,True,1,False,1
3553,73,Male,20,91.05,1873.72,Two year,Credit card,Fiber optic,Yes,No,No,No,12,125.2,1,1,False,24,True,0
3554,50,Female,71,89.44,6241.14,One year,Credit card,Fiber optic,No,Yes,No,No,7,33.3,2,2,False,12,False,0
3555,31,Male,71,113.84,6305.555,Month-to-month,Credit card,Fiber optic,No,No,Yes,Yes,5,77.5,1,0,False,1,False,0
3556,53,Male,18,107.41,1975.92,One year,Bank transfer,Fiber optic,No,No,No,No,8,35.7,3,3,False,12,False,0
3557,18,Female,14,117.25,1581.55,Month-to-month,Bank transfer,Fiber optic,No,No,Yes,Yes,8,113.8,0,3,False,1,False,1
3558,45,Male,14,77.0,1098.42,Month-to-month,Mailed check,DSL,No,No,Yes,Yes,7,25.6,5,4,True,1,False,0
3559,49,Female,13,69.7,874.41,Month-to-month,Bank transfer,DSL,Yes,No,Yes,No,6,30.7,0,2,False,1,False,1
3560,58,Female,18,77.19,1439.49,One year,Electronic check,DSL,No,No,Yes,No,5,90.3,1,0,False,12,False,0
3561,29,Female,7,83.1,588.18,One year,Bank transfer,DSL,No,No,No,No,8,19.9,3,1,False,12,False,0
3562,46,Female,62,117.06,6305.555,Two year,Credit card,Fiber optic,No,No,No,No,4,57.7,1,3,True,24,False,0
3563,31,Female,16,74.61,1197.86,Two year,Bank transfer,DSL,Yes,No,No,No,5,71.3,2,3,False,24,False,0
3564,48,Female,44,57.87,2429.47,Month-to-month,Credit card,DSL,Yes,No,No,No,10,94.6,4,6,False,1,False,0
3565,31,Male,15,116.21,1802.21,One year,Electronic check,Fiber optic,No,Yes,No,No,3,37.9,2,2,False,12,False,1
3566,38,Female,30,105.66,3154.96,Month-to-month,Electronic check,Fiber optic,No,No,No,No,4,20.1,2,2,True,1,False,1
3567,30,Male,9,69.75,619.59,Month-to-month,Bank transfer,DSL,Yes,No,No,No,10,92.7,2,2,False,1,False,1
3568,54,Male,23,116.39,2712.04,Month-to-month,Credit card,Fiber optic,No,No,Yes,Yes,5,17.1,0,1,False,1,False,0
3569,57,Female,16,64.0,1023.98,One year,Bank transfer,DSL,Yes,No,No,No,6,111.3,2,1,True,12,False,1
3570,41,Male,10,75.03,734.36,Month-to-month,Mailed check,DSL,Yes,No,No,No,8,61.8,1,1,False,1,False,0
3571,45,Male,51,130.39,6305.555,Month-to-month,Credit card,Fiber optic,Yes,Yes,Yes,Yes,5,48.2,6,2,False,1,False,1
3572,23,Male,2,50.93,97.8,Month-to-month,Bank transfer,No,No,No,No,No,10,123.9,2,3,True,1,False,1
3573,40,Female,16,112.88,1758.49,Month-to-month,Credit card,Fiber optic,No,No,Yes,Yes,9,48.4,4,3,False,1,False,1
3574,44,Male,5,132.9,689.09,Two year,Credit card,Fiber optic,Yes,No,Yes,Yes,11,37.3,6,3,False,24,False,1
3575,80,Male,47,106.46,4808.39,Two year,Bank transfer,Fiber optic,Yes,No,Yes,Yes,11,98.6,1,4,True,24,True,0
3576,28,Female,7,90.79,655.56,One year,Credit card,Fiber optic,Yes,No,No,No,11,120.2,5,5,False,12,False,1
3577,66,Male,24,66.48,1654.27,One year,Electronic check,DSL,No,No,No,No,3,58.6,2,1,False,12,True,0
3578,59,Male,4,100.07,413.29,One year,Bank transfer,Fiber optic,No,No,Yes,No,8,113.5,3,0,False,12,False,0
3579,49,Male,12,57.26,712.1,One year,Mailed check,No,No,Yes,Yes,No,7,92.1,0,0,True,12,False,0
3580,71,Female,55,96.95,5180.29,One year,Electronic check,Fiber optic,Yes,No,No,No,10,78.2,2,1,False,12,True,0
3581,50,Male,4,122.0,512.18,Month-to-month,Credit card,Fiber optic,No,No,No,No,7,54.0,2,2,False,1,False,1
3582,50,Male,26,107.7,2812.19,Month-to-month,Credit card,Fiber optic,No,Yes,Yes,Yes,9,95.3,1,3,False,1,False,1
3583,44,Female,5,73.03,376.49,Month-to-month,Credit card,DSL,Yes,No,Yes,Yes,15,51.1,4,2,True,1,False,1
3584,63,Female,12,111.07,1330.87,Month-to-month,Credit card,Fiber optic,No,No,No,No,14,45.3,2,1,False,1,False,1
3585,61,Female,18,107.6,1876.94,Month-to-month,Bank transfer,Fiber optic,No,No,Yes,Yes,5,17.2,3,1,False,1,False,1
3586,35,Male,20,54.32,1124.01,One year,Bank transfer,No,No,No,Yes,No,7,111.5,3,5,False,12,False,0
3587,25,Female,22,43.67,959.84,One year,Credit card,No,No,No,No,No,8,85.0,4,1,False,12,False,1
3588,41,Female,24,111.09,2792.08,Month-to-month,Credit card,Fiber optic,Yes,No,No,No,10,125.6,1,2,False,1,False,1
3589,32,Female,7,34.05,245.77,Month-to-month,Electronic check,No,No,No,No,No,9,43.5,2,3,False,1,False,1
3590,44,Male,12,50.26,618.23,One year,Bank transfer,DSL,No,No,No,No,11,121.7,3,2,False,12,False,1
3591,63,Female,1,40.38,41.26,Month-to-month,Credit card,No,No,Yes,Yes,No,9,32.9,0,2,True,1,False,0
3592,38,Female,35,84.3,2982.7,Month-to-month,Bank transfer,DSL,Yes,No,Yes,Yes,5,61.7,1,2,False,1,False,1
3593,44,Female,43,73.22,3273.53,Two year,Credit card,DSL,Yes,Yes,No,No,3,62.2,2,3,False,24,False,0
3594,45,Female,5,123.74,626.19,Month-to-month,Bank transfer,Fiber optic,No,Yes,Yes,No,16,11.1,3,3,False,1,False,1
3595,57,Female,5,94.46,495.73,Two year,Electronic check,Fiber optic,Yes,No,No,No,8,23.2,0,1,True,24,False,1
3596,18,Male,1,42.41,42.51,Two year,Credit card,No,No,No,No,No,7,42.7,2,0,False,24,False,1
3597,35,Male,71,89.34,6163.45,Two year,Bank transfer,Fiber optic,No,No,No,No,8,8.0,4,3,True,24,False,1
3598,48,Female,39,33.58,1343.33,Month-to-month,Bank transfer,No,No,No,No,No,10,88.7,0,2,True,1,False,0
3599,63,Female,10,95.15,908.11,Month-to-month,Electronic check,DSL,No,No,Yes,No,9,24.4,0,0,True,1,False,0
3600,37,Female,15,130.42,1933.94,Month-to-month,Mailed check,Fiber optic,No,No,Yes,Yes,9,30.9,3,5,False,1,False,1
3601,18,Male,8,106.85,850.48,Month-to-month,Electronic check,Fiber optic,Yes,No,No,No,8,8.5,0,2,True,1,False,1
3602,54,Male,21,130.23,2840.91,Month-to-month,Electronic check,Fiber optic,Yes,No,No,No,6,100.4,2,1,True,1,False,1
3603,35,Male,30,83.64,2524.53,One year,Bank transfer,DSL,Yes,Yes,Yes,Yes,9,28.7,5,1,True,12,False,1
3604,27,Male,14,132.81,1941.92,Two year,Electronic check,Fiber optic,Yes,No,Yes,No,8,42.5,5,4,False,24,False,0
3605,35,Female,49,125.16,5973.48,Two year,Bank transfer,Fiber optic,No,Yes,Yes,Yes,7,117.0,0,1,True,24,False,0
3606,42,Female,17,120.81,2008.7,Month-to-month,Electronic check,Fiber optic,Yes,No,Yes,No,8,113.7,5,1,False,1,False,1
3607,35,Female,3,102.2,302.47,One year,Credit card,Fiber optic,No,Yes,No,No,6,76.4,2,2,True,12,False,0
3608,18,Female,23,84.32,1983.93,Month-to-month,Electronic check,DSL,No,No,Yes,No,8,34.1,2,0,False,1,False,1
3609,58,Male,14,94.68,1349.4,Month-to-month,Bank transfer,DSL,Yes,No,Yes,Yes,8,120.1,3,4,False,1,False,1
3610,64,Female,65,84.24,5314.51,Two year,Bank transfer,DSL,Yes,No,Yes,Yes,5,65.9,1,1,True,24,False,0
3611,54,Male,11,42.73,465.5,Month-to-month,Electronic check,No,No,No,Yes,Yes,9,86.1,2,1,False,1,False,1
3612,27,Male,12,100.3,1185.76,Month-to-month,Electronic check,Fiber optic,Yes,No,No,No,10,62.6,0,3,False,1,False,1
3613,41,Female,25,112.01,2872.85,Two year,Bank transfer,Fiber optic,Yes,No,No,No,11,112.2,4,1,False,24,False,0
3614,44,Male,17,121.8,2043.27,Month-to-month,Bank transfer,Fiber optic,Yes,No,Yes,Yes,7,12.9,1,5,True,1,False,1
3615,53,Male,11,42.39,478.22,Two year,Bank transfer,No,No,No,No,No,8,82.0,2,2,False,24,False,0
3616,55,Female,71,87.17,6305.555,Month-to-month,Credit card,DSL,No,Yes,Yes,No,15,35.1,0,3,True,1,False,1
3617,33,Male,8,70.24,586.79,Two year,Bank transfer,DSL,No,Yes,No,No,8,124.0,0,1,False,24,False,0
3618,46,Male,7,122.36,897.43,Month-to-month,Mailed check,Fiber optic,Yes,No,Yes,Yes,6,15.3,2,1,False,1,False,1
3619,51,Female,47,123.78,5893.01,Month-to-month,Mailed check,Fiber optic,Yes,No,Yes,No,5,36.4,5,3,False,1,False,0
3620,66,Male,1,126.69,132.01,Month-to-month,Credit card,Fiber optic,Yes,No,Yes,Yes,6,29.5,1,3,False,1,True,1
3621,55,Male,5,91.4,467.13,One year,Mailed check,DSL,No,No,Yes,No,6,60.2,1,2,True,12,False,1
3622,56,Female,21,82.27,1758.4,Two year,Bank transfer,DSL,Yes,Yes,Yes,No,7,31.0,2,1,False,24,False,0
3623,46,Male,4,139.7,556.87,One year,Bank transfer,Fiber optic,No,Yes,Yes,Yes,10,127.4,2,0,True,12,False,0
3624,66,Female,71,107.27,6305.555,Two year,Credit card,Fiber optic,No,No,Yes,No,8,124.0,1,2,False,24,True,0
3625,51,Male,14,94.21,1304.36,Two year,Electronic check,Fiber optic,No,Yes,No,No,10,81.6,2,1,True,24,False,1
3626,32,Male,21,99.33,2018.13,Month-to-month,Credit card,Fiber optic,No,Yes,Yes,Yes,12,107.2,6,3,False,1,False,0
3627,66,Female,4,109.4,456.19,One year,Credit card,Fiber optic,No,No,Yes,Yes,5,100.8,2,3,False,12,True,1
3628,55,Female,8,82.91,644.17,Month-to-month,Mailed check,DSL,No,No,Yes,Yes,5,49.0,2,2,False,1,False,0
3629,38,Male,22,91.68,2025.42,Month-to-month,Credit card,Fiber optic,Yes,No,No,No,8,128.9,5,0,False,1,False,0
3630,37,Female,19,111.43,2167.37,Month-to-month,Credit card,Fiber optic,No,Yes,Yes,Yes,11,86.4,1,1,False,1,False,1
3631,49,Male,36,69.01,2564.74,Month-to-month,Electronic check,DSL,No,Yes,Yes,No,9,87.2,1,5,False,1,False,1
3632,51,Female,7,97.05,669.54,One year,Electronic check,DSL,Yes,No,Yes,No,6,40.6,3,2,True,12,False,1
3633,47,Male,25,80.79,2051.64,Month-to-month,Mailed check,DSL,No,No,No,No,5,104.0,3,1,True,1,False,0
3634,49,Male,8,63.29,503.44,One year,Credit card,No,No,No,Yes,Yes,6,118.8,2,2,False,12,False,1
3635,70,Male,21,118.04,2558.59,Two year,Bank transfer,Fiber optic,Yes,Yes,No,No,12,99.6,0,3,False,24,True,0
3636,61,Male,22,105.25,2351.89,Month-to-month,Bank transfer,Fiber optic,No,No,Yes,Yes,8,13.8,0,1,False,1,False,1
3637,47,Male,3,104.45,299.15,One year,Credit card,Fiber optic,Yes,No,Yes,Yes,8,75.2,1,2,False,12,False,0
3638,59,Female,19,59.15,1136.21,One year,Electronic check,No,No,Yes,Yes,Yes,2,25.3,2,3,True,12,False,0
3639,29,Female,1,131.6,134.26,Month-to-month,Credit card,Fiber optic,No,No,Yes,No,6,63.7,0,2,False,1,False,0
3640,50,Male,16,92.73,1544.31,One year,Credit card,DSL,Yes,Yes,Yes,Yes,7,93.7,0,4,True,12,False,0
3641,72,Male,28,108.14,2891.87,Month-to-month,Bank transfer,Fiber optic,Yes,Yes,Yes,No,10,26.9,2,5,False,1,True,1
3642,41,Female,1,119.99,121.15,Month-to-month,Electronic check,Fiber optic,No,No,Yes,No,8,53.5,2,1,False,1,False,1
3643,32,Female,67,121.02,6305.555,Month-to-month,Bank transfer,Fiber optic,Yes,No,Yes,Yes,8,100.3,2,1,False,1,False,1
3644,35,Female,14,85.58,1215.03,Month-to-month,Electronic check,DSL,No,No,Yes,Yes,6,76.8,3,1,False,1,False,1
3645,28,Female,66,45.06,3052.86,Month-to-month,Bank transfer,No,No,Yes,No,No,7,118.7,3,0,False,1,False,0
3646,33,Female,2,47.18,90.91,Month-to-month,Credit card,No,No,No,No,No,6,72.8,2,0,False,1,False,1
3647,39,Male,71,30.49,2173.86,Month-to-month,Credit card,No,No,Yes,No,No,9,73.7,3,3,False,1,False,0
3648,23,Male,2,58.8,117.84,Two year,Bank transfer,DSL,No,No,No,No,12,129.3,1,1,False,24,False,1
3649,45,Female,14,61.68,864.83,Two year,Bank transfer,DSL,Yes,Yes,No,No,8,85.4,2,1,False,24,False,0
3650,58,Female,66,141.9,6305.555,Month-to-month,Credit card,Fiber optic,Yes,No,Yes,Yes,4,28.4,5,1,False,1,False,0
3651,31,Female,6,108.93,676.43,Month-to-month,Credit card,Fiber optic,Yes,No,No,No,8,9.9,1,1,False,1,False,1
3652,67,Female,1,124.97,119.51,Month-to-month,Credit card,Fiber optic,Yes,No,Yes,No,5,9.5,0,3,False,1,True,0
3653,52,Female,37,109.6,4008.5,Two year,Electronic check,Fiber optic,No,No,Yes,No,12,60.3,2,0,False,24,False,1
3654,60,Female,21,44.18,936.29,Month-to-month,Electronic check,No,No,Yes,No,No,12,117.2,5,4,False,1,False,1
3655,35,Female,17,119.61,2116.52,Month-to-month,Mailed check,Fiber optic,Yes,No,No,No,8,31.4,2,1,False,1,False,1
3656,57,Female,1,97.34,98.61,Month-to-month,Bank transfer,DSL,No,No,Yes,Yes,9,31.1,1,3,True,1,False,1
3657,28,Female,25,78.5,1890.11,One year,Bank transfer,DSL,Yes,No,Yes,Yes,10,39.8,3,2,False,12,False,0
3658,58,Male,4,62.12,252.98,Month-to-month,Bank transfer,DSL,Yes,Yes,Yes,Yes,12,112.7,2,5,False,1,False,0
3659,47,Female,64,82.07,5168.19,Month-to-month,Bank transfer,DSL,No,No,Yes,Yes,11,71.8,1,0,False,1,False,1
3660,53,Female,27,83.73,2280.39,One year,Bank transfer,DSL,Yes,No,No,No,6,68.1,1,1,False,12,False,1
3661,27,Male,29,104.44,3050.29,One year,Credit card,Fiber optic,No,No,No,No,6,32.0,2,2,True,12,False,0
3662,31,Male,6,90.76,526.72,One year,Bank transfer,DSL,No,No,Yes,Yes,5,110.1,3,2,False,12,False,0
3663,53,Male,51,120.65,6305.555,Month-to-month,Credit card,Fiber optic,No,No,Yes,Yes,9,74.3,3,1,False,1,False,1
3664,30,Female,18,100.8,1821.67,One year,Electronic check,Fiber optic,Yes,No,No,No,4,101.8,4,1,False,12,False,1
3665,51,Female,46,89.44,4067.5,Month-to-month,Electronic check,DSL,No,No,Yes,Yes,5,60.8,6,1,False,1,False,0
3666,24,Female,7,91.13,619.15,Month-to-month,Credit card,DSL,Yes,No,Yes,Yes,3,67.8,4,1,False,1,False,1
3667,57,Female,33,84.0,2887.33,Month-to-month,Mailed check,DSL,Yes,No,No,No,8,55.1,1,1,False,1,False,0
3668,26,Male,20,94.58,1842.81,Month-to-month,Bank transfer,DSL,Yes,No,Yes,Yes,7,106.8,3,3,True,1,False,1
3669,53,Female,1,125.81,131.28,Month-to-month,Mailed check,Fiber optic,Yes,Yes,No,No,14,101.6,2,1,False,1,False,1
3670,54,Female,12,111.76,1346.68,Month-to-month,Bank transfer,Fiber optic,No,No,Yes,Yes,7,19.5,1,1,False,1,False,1
3671,34,Male,4,110.89,443.69,Month-to-month,Bank transfer,Fiber optic,No,No,Yes,Yes,3,67.3,6,1,False,1,False,1
3672,53,Female,10,63.92,637.4,Month-to-month,Bank transfer,DSL,No,Yes,No,No,8,124.2,2,2,False,1,False,1
3673,48,Female,11,113.19,1292.61,One year,Mailed check,Fiber optic,No,No,Yes,Yes,10,39.9,2,2,False,12,False,1
3674,36,Female,15,117.02,1810.41,Month-to-month,Credit card,Fiber optic,Yes,Yes,No,No,7,123.5,2,0,True,1,False,1
3675,29,Female,22,103.44,2315.79,Two year,Electronic check,DSL,Yes,Yes,Yes,No,3,129.1,3,1,False,24,False,1
3676,18,Male,20,85.24,1708.86,Month-to-month,Mailed check,DSL,No,Yes,No,No,4,33.8,2,2,False,1,False,1
3677,50,Male,1,45.4,46.11,Month-to-month,Electronic check,No,No,Yes,No,No,7,120.4,5,2,True,1,False,1
3678,21,Male,33,76.68,2465.46,Month-to-month,Mailed check,DSL,No,No,Yes,Yes,8,58.6,0,2,True,1,False,1
3679,46,Male,71,143.22,6305.555,One year,Credit card,Fiber optic,No,No,Yes,Yes,6,48.7,1,6,False,12,False,1
3680,41,Female,10,87.33,841.93,One year,Electronic check,DSL,No,Yes,Yes,Yes,7,68.8,2,3,False,12,False,1
3681,55,Female,4,94.11,362.45,Two year,Bank transfer,DSL,No,No,Yes,Yes,8,51.5,5,3,True,24,False,1
3682,40,Female,18,94.05,1728.22,Month-to-month,Bank transfer,Fiber optic,Yes,No,No,No,5,8.4,3,1,False,1,False,0
3683,40,Male,29,22.62,685.04,Month-to-month,Credit card,No,No,Yes,No,No,9,37.0,5,2,False,1,False,0
3684,55,Male,27,122.83,3416.74,One year,Bank transfer,Fiber optic,Yes,No,No,No,11,96.2,3,2,False,12,False,1
3685,50,Male,22,72.25,1659.27,One year,Credit card,DSL,Yes,No,No,No,7,75.5,2,3,False,12,False,1
3686,49,Female,3,48.78,142.27,Two year,Credit card,No,No,No,Yes,No,4,6.8,1,1,False,24,False,1
3687,52,Female,43,106.75,4480.85,Month-to-month,Bank transfer,Fiber optic,Yes,Yes,Yes,No,9,62.1,1,2,True,1,False,1
3688,21,Male,13,78.71,1015.44,One year,Mailed check,DSL,No,Yes,No,No,9,116.7,2,1,False,12,False,0
3689,56,Male,6,61.0,361.72,Month-to-month,Mailed check,DSL,Yes,No,Yes,Yes,7,77.9,1,0,True,1,False,0
3690,54,Female,2,107.15,209.97,Month-to-month,Bank transfer,Fiber optic,Yes,No,Yes,Yes,7,22.4,2,1,False,1,False,1
3691,29,Female,12,120.38,1414.57,Month-to-month,Credit card,Fiber optic,No,No,Yes,No,11,19.2,2,1,False,1,False,1
3692,41,Female,23,68.82,1648.24,One year,Electronic check,DSL,No,Yes,No,No,9,121.0,3,1,True,12,False,0
3693,44,Male,26,39.96,1005.81,One year,Credit card,No,No,Yes,Yes,No,7,52.4,3,0,False,12,False,1
3694,42,Male,71,120.93,6305.555,Month-to-month,Mailed check,Fiber optic,No,Yes,Yes,Yes,7,105.9,4,1,False,1,False,1
3695,50,Male,3,108.96,327.2,Month-to-month,Mailed check,Fiber optic,Yes,No,Yes,No,11,25.6,2,1,True,1,False,1
3696,66,Male,71,117.59,6305.555,Month-to-month,Bank transfer,Fiber optic,Yes,Yes,Yes,Yes,13,96.6,0,3,False,1,True,0
3697,61,Female,25,132.38,3149.93,Month-to-month,Credit card,Fiber optic,No,Yes,Yes,Yes,8,75.6,0,5,False,1,False,0
3698,25,Female,14,78.56,1069.26,Month-to-month,Credit card,DSL,No,No,No,No,8,76.5,2,1,True,1,False,1
3699,54,Female,52,106.55,5539.99,Month-to-month,Bank transfer,Fiber optic,No,No,Yes,Yes,4,50.4,1,2,True,1,False,1
3700,64,Male,28,49.73,1342.52,One year,Mailed check,No,No,No,Yes,No,3,69.5,1,3,True,12,False,0
3701,50,Female,10,102.71,997.83,Month-to-month,Bank transfer,Fiber optic,No,Yes,Yes,Yes,3,30.4,4,0,False,1,False,0
3702,61,Female,51,61.47,3126.89,Month-to-month,Bank transfer,DSL,No,No,No,No,11,36.6,1,2,False,1,False,1
3703,75,Female,26,73.37,1958.7,Two year,Bank transfer,DSL,Yes,Yes,Yes,Yes,12,115.2,1,2,False,24,True,0
3704,60,Female,28,62.06,1787.25,Month-to-month,Credit card,No,No,Yes,Yes,Yes,13,84.1,1,2,False,1,False,1
3705,48,Female,54,93.88,5128.11,One year,Credit card,DSL,Yes,No,Yes,No,10,119.6,2,5,True,12,False,0
3706,60,Male,14,121.06,1764.16,Month-to-month,Mailed check,Fiber optic,Yes,Yes,Yes,No,10,76.0,0,3,True,1,False,0
3707,47,Female,25,101.94,2581.48,Two year,Bank transfer,Fiber optic,Yes,No,No,No,9,128.2,2,2,False,24,False,1
3708,45,Female,32,129.04,3932.65,Month-to-month,Mailed check,Fiber optic,Yes,Yes,Yes,Yes,10,13.6,1,2,False,1,False,1
3709,39,Male,14,109.61,1537.3,One year,Credit card,Fiber optic,No,Yes,No,No,9,15.2,2,4,False,12,False,0
3710,68,Male,2,90.8,190.09,Month-to-month,Bank transfer,DSL,No,No,Yes,Yes,9,102.1,2,1,True,1,True,1
3711,32,Female,35,96.57,3432.72,Two year,Mailed check,Fiber optic,No,Yes,Yes,Yes,9,29.3,5,3,False,24,False,0
3712,67,Female,1,67.18,68.45,Month-to-month,Mailed check,DSL,No,No,Yes,Yes,12,39.0,2,2,False,1,True,1
3713,52,Female,30,104.79,3022.39,Month-to-month,Credit card,Fiber optic,Yes,Yes,Yes,Yes,8,85.6,3,2,False,1,False,0
3714,24,Female,58,89.6,5123.89,Month-to-month,Bank transfer,DSL,No,No,Yes,Yes,10,124.3,2,0,False,1,False,1
3715,50,Male,10,79.27,820.16,Two year,Electronic check,DSL,No,No,Yes,Yes,7,92.6,0,5,False,24,False,0
3716,18,Female,2,109.52,210.5,One year,Bank transfer,Fiber optic,No,Yes,No,No,6,54.4,0,0,True,12,False,1
3717,54,Male,6,126.95,787.54,Month-to-month,Bank transfer,Fiber optic,No,No,Yes,Yes,5,34.2,1,2,False,1,False,1
3718,58,Female,19,103.53,1981.46,Month-to-month,Credit card,DSL,No,Yes,Yes,No,6,93.3,1,3,False,1,False,0
3719,36,Female,68,103.22,6305.555,Month-to-month,Bank transfer,Fiber optic,No,Yes,Yes,Yes,5,46.3,4,0,False,1,False,0
3720,46,Female,17,151.58,2687.72,Month-to-month,Bank transfer,Fiber optic,Yes,No,Yes,Yes,9,73.1,3,3,False,1,False,1
3721,74,Male,2,120.03,228.76,Month-to-month,Credit card,Fiber optic,Yes,No,No,No,9,85.5,2,3,False,1,True,1
3722,37,Female,23,38.56,924.73,Two year,Bank transfer,No,No,No,No,No,9,76.1,1,0,True,24,False,1
3723,29,Female,31,125.61,4041.26,One year,Credit card,Fiber optic,No,Yes,Yes,No,4,103.0,2,3,False,12,False,0
3724,67,Male,11,88.63,1022.39,Two year,Electronic check,DSL,No,No,Yes,No,16,90.2,2,1,False,24,True,1
3725,74,Female,30,114.73,3413.24,Month-to-month,Bank transfer,Fiber optic,Yes,No,Yes,Yes,10,76.7,4,3,False,1,True,1
3726,45,Male,9,72.84,652.98,One year,Credit card,DSL,No,Yes,No,No,4,116.1,1,4,True,12,False,0
3727,60,Female,37,74.01,2794.59,Month-to-month,Bank transfer,DSL,Yes,Yes,No,No,3,88.8,2,2,False,1,False,1
3728,65,Male,10,63.82,613.33,Month-to-month,Credit card,No,No,No,Yes,Yes,8,127.8,2,0,False,1,True,1
3729,33,Male,7,144.46,985.29,Month-to-month,Mailed check,Fiber optic,Yes,No,Yes,Yes,7,112.3,4,4,False,1,False,1
3730,37,Male,50,47.68,2370.17,Month-to-month,Credit card,No,No,No,Yes,Yes,8,117.6,3,0,False,1,False,1
3731,63,Female,19,65.57,1272.95,Two year,Bank transfer,DSL,Yes,No,No,No,13,9.1,3,1,True,24,False,1
3732,70,Male,8,95.52,763.89,Month-to-month,Bank transfer,DSL,No,Yes,Yes,Yes,6,113.9,0,5,False,1,True,0
3733,53,Male,65,58.36,3690.81,Two year,Bank transfer,DSL,No,No,No,No,6,120.8,2,1,True,24,False,0
3734,31,Female,28,75.76,2077.11,One year,Bank transfer,DSL,Yes,No,Yes,Yes,7,35.2,3,4,False,12,False,0
3735,74,Male,5,110.33,565.42,Month-to-month,Bank transfer,Fiber optic,No,Yes,No,No,7,115.0,1,4,False,1,True,1
3736,37,Female,22,109.91,2491.99,Month-to-month,Credit card,Fiber optic,No,Yes,No,No,10,27.4,2,2,False,1,False,1
3737,39,Female,49,118.09,5749.47,Month-to-month,Bank transfer,Fiber optic,Yes,Yes,No,No,15,77.1,2,0,False,1,False,1
3738,50,Male,28,97.68,2651.16,Month-to-month,Bank transfer,Fiber optic,Yes,Yes,No,No,6,7.5,3,2,True,1,False,0
3739,68,Male,6,146.41,885.04,One year,Electronic check,Fiber optic,No,No,Yes,Yes,12,99.0,1,3,False,12,True,1
3740,57,Female,25,38.42,950.91,Two year,Mailed check,No,No,Yes,No,No,5,106.1,3,1,True,24,False,0
3741,51,Male,23,136.31,3178.69,Month-to-month,Mailed check,Fiber optic,Yes,No,Yes,No,13,102.5,3,1,True,1,False,1
3742,51,Male,41,145.23,6147.88,Two year,Electronic check,Fiber optic,No,Yes,Yes,Yes,6,121.4,0,1,False,24,False,1
3743,45,Male,4,132.15,530.08,Month-to-month,Bank transfer,Fiber optic,No,Yes,Yes,Yes,6,117.1,1,2,True,1,False,0
3744,53,Male,28,105.65,3077.08,Month-to-month,Electronic check,Fiber optic,No,Yes,No,No,10,126.4,3,2,True,1,False,1
3745,18,Female,1,29.14,28.76,Month-to-month,Electronic check,No,No,No,No,No,5,26.2,0,1,True,1,False,1
3746,40,Female,28,96.21,2688.71,Month-to-month,Electronic check,DSL,Yes,No,Yes,No,6,82.8,2,2,True,1,False,1
3747,48,Male,71,120.98,6305.555,Month-to-month,Bank transfer,Fiber optic,No,Yes,Yes,Yes,16,104.4,2,1,False,1,False,1
3748,27,Female,4,43.85,179.24,Month-to-month,Credit card,No,No,No,No,No,11,38.0,2,0,True,1,False,1
3749,50,Male,8,90.32,724.64,Month-to-month,Credit card,Fiber optic,Yes,No,No,No,9,112.1,1,3,False,1,False,1
3750,41,Male,20,55.54,1145.36,Month-to-month,Electronic check,No,No,No,No,No,7,43.2,3,2,False,1,False,1
3751,71,Male,31,84.28,2664.05,Month-to-month,Bank transfer,DSL,Yes,No,Yes,Yes,12,122.9,1,1,False,1,True,0
3752,68,Male,10,120.01,1182.1,Month-to-month,Bank transfer,Fiber optic,Yes,Yes,Yes,No,6,79.9,2,3,True,1,True,1
3753,38,Female,26,24.27,639.85,Month-to-month,Electronic check,No,No,No,No,No,4,122.5,0,1,True,1,False,0
3754,42,Male,55,105.72,5708.02,One year,Electronic check,Fiber optic,No,No,No,No,9,14.8,0,5,False,12,False,1
3755,43,Female,31,116.15,3678.63,Two year,Credit card,Fiber optic,No,Yes,Yes,No,7,88.2,0,2,False,24,False,1
3756,38,Male,29,70.94,2088.83,Month-to-month,Bank transfer,DSL,Yes,Yes,Yes,Yes,6,25.3,2,1,False,1,False,1
3757,47,Female,11,52.8,562.06,Month-to-month,Bank transfer,DSL,Yes,No,No,No,7,94.7,1,5,True,1,False,1
3758,33,Female,58,100.26,5931.69,One year,Credit card,Fiber optic,Yes,No,No,No,3,122.9,4,0,False,12,False,1
3759,28,Female,7,116.69,786.66,Month-to-month,Credit card,Fiber optic,No,Yes,Yes,No,8,69.7,1,3,True,1,False,0
3760,54,Female,5,49.2,235.96,One year,Mailed check,No,No,No,Yes,Yes,10,65.2,0,2,False,12,False,0
3761,54,Male,10,91.06,923.6,Month-to-month,Electronic check,Fiber optic,No,Yes,Yes,No,12,117.2,2,1,False,1,False,1
3762,32,Female,25,123.12,3026.72,Month-to-month,Credit card,Fiber optic,Yes,Yes,Yes,Yes,9,12.0,3,2,True,1,False,0
3763,58,Male,47,116.58,5293.37,Month-to-month,Bank transfer,Fiber optic,No,No,Yes,Yes,8,43.5,3,3,False,1,False,1
3764,35,Female,3,98.1,308.64,Month-to-month,Bank transfer,Fiber optic,No,No,No,No,13,13.6,3,4,False,1,False,1
3765,48,Female,40,134.11,5562.85,One year,Credit card,Fiber optic,No,Yes,Yes,Yes,6,102.1,2,1,False,12,False,0
3766,57,Female,40,130.04,5033.52,Month-to-month,Bank transfer,Fiber optic,No,No,Yes,Yes,8,19.4,4,2,False,1,False,1
3767,44,Male,21,106.61,2338.13,Two year,Electronic check,Fiber optic,Yes,No,Yes,No,9,86.4,3,1,True,24,False,1
3768,51,Female,34,68.65,2358.85,Month-to-month,Bank transfer,DSL,Yes,Yes,No,No,6,55.7,2,2,False,1,False,1
3769,37,Male,4,98.6,395.18,Two year,Mailed check,Fiber optic,Yes,No,Yes,Yes,5,33.5,1,1,False,24,False,0
3770,42,Male,4,59.78,235.7,Month-to-month,Mailed check,DSL,Yes,No,No,No,14,48.1,1,3,False,1,False,1
3771,41,Male,47,57.65,2661.15,Month-to-month,Credit card,DSL,Yes,No,No,No,4,78.2,1,1,False,1,False,1
3772,33,Female,16,110.58,1699.04,One year,Bank transfer,Fiber optic,Yes,No,No,No,7,108.0,2,2,False,12,False,0
3773,42,Female,6,55.56,322.74,Month-to-month,Bank transfer,No,No,Yes,Yes,Yes,7,9.2,1,2,False,1,False,0
3774,21,Female,28,129.22,3534.61,Two year,Bank transfer,Fiber optic,Yes,Yes,Yes,No,4,50.2,3,1,False,24,False,1
3775,37,Female,53,77.05,4180.12,Month-to-month,Bank transfer,DSL,Yes,Yes,No,No,8,37.7,2,4,False,1,False,1
3776,40,Female,24,148.19,3720.15,One year,Bank transfer,Fiber optic,Yes,No,Yes,Yes,10,49.5,2,2,True,12,False,1
3777,41,Female,10,52.93,527.48,Month-to-month,Electronic check,No,No,No,Yes,Yes,12,86.7,3,4,False,1,False,1
3778,41,Female,15,118.94,1761.09,One year,Electronic check,Fiber optic,No,Yes,Yes,Yes,7,41.9,0,2,False,12,False,0
3779,44,Male,33,135.4,4628.65,One year,Bank transfer,Fiber optic,Yes,No,Yes,No,10,94.9,2,2,False,12,False,0
3780,52,Female,1,133.12,135.53,One year,Electronic check,Fiber optic,No,Yes,Yes,No,9,114.2,4,3,False,12,False,1
3781,58,Male,5,66.61,324.55,Month-to-month,Bank transfer,DSL,No,No,Yes,No,16,94.6,4,1,True,1,False,1
3782,35,Male,14,44.02,618.63,Two year,Bank transfer,No,No,No,Yes,Yes,7,89.8,1,2,True,24,False,0
3783,26,Female,22,113.41,2590.7,Two year,Electronic check,Fiber optic,No,No,Yes,Yes,6,98.6,3,1,False,24,False,0
3784,29,Female,9,110.56,1010.96,Two year,Mailed check,Fiber optic,No,Yes,Yes,Yes,7,21.0,1,0,False,24,False,1
3785,37,Male,8,137.08,1082.7,One year,Electronic check,Fiber optic,Yes,No,Yes,Yes,7,108.3,2,1,False,12,False,1
3786,39,Male,1,38.51,38.23,Month-to-month,Bank transfer,No,No,No,No,No,6,59.7,1,3,True,1,False,0
3787,33,Female,1,87.6,91.09,Month-to-month,Bank transfer,DSL,No,Yes,Yes,No,9,105.5,3,2,False,1,False,1
3788,25,Male,7,91.61,654.61,Two year,Credit card,DSL,No,No,No,No,9,127.9,2,2,False,24,False,0
3789,38,Male,18,80.4,1448.65,Two year,Mailed check,DSL,No,Yes,Yes,No,6,32.2,1,0,True,24,False,1
3790,47,Male,19,118.07,2283.29,Month-to-month,Mailed check,Fiber optic,Yes,No,No,No,5,46.7,3,0,False,1,False,1
3791,53,Male,16,134.79,2196.63,Month-to-month,Credit card,Fiber optic,No,Yes,Yes,Yes,12,98.4,3,2,False,1,False,0
3792,36,Female,12,119.29,1441.12,Two year,Credit card,Fiber optic,Yes,No,No,No,4,50.4,3,2,True,24,False,0
3793,38,Female,6,125.02,759.69,Month-to-month,Bank transfer,Fiber optic,Yes,Yes,Yes,Yes,8,19.9,0,2,True,1,False,1
3794,31,Male,12,109.36,1293.04,Month-to-month,Bank transfer,DSL,No,Yes,Yes,Yes,8,58.6,0,0,False,1,False,1
3795,44,Male,3,111.89,330.62,Two year,Bank transfer,DSL,No,No,Yes,Yes,10,88.0,3,1,True,24,False,1
3796,32,Male,2,75.26,148.1,Two year,Credit card,DSL,Yes,No,No,No,4,24.7,5,2,False,24,False,1
3797,53,Female,8,102.94,785.53,Two year,Credit card,Fiber optic,No,No,Yes,Yes,7,121.0,1,2,True,24,False,0
3798,18,Female,71,116.41,6305.555,Month-to-month,Bank transfer,Fiber optic,No,Yes,Yes,Yes,10,11.2,0,1,False,1,False,1
3799,39,Male,9,115.28,1001.98,Month-to-month,Mailed check,Fiber optic,No,No,Yes,Yes,7,7.0,3,2,False,1,False,1
3800,49,Male,66,99.16,6278.98,One year,Bank transfer,DSL,No,Yes,Yes,Yes,7,120.3,0,2,False,12,False,1
3801,47,Male,11,85.44,932.59,Month-to-month,Electronic check,DSL,No,Yes,Yes,Yes,11,11.9,2,2,True,1,False,1
3802,80,Female,13,53.73,697.05,Month-to-month,Credit card,No,No,Yes,No,No,13,125.9,2,1,False,1,True,1
3803,50,Male,38,91.88,3408.75,Two year,Electronic check,DSL,No,No,Yes,No,5,70.1,2,3,True,24,False,0
3804,29,Male,2,91.66,191.69,Two year,Electronic check,DSL,Yes,No,Yes,Yes,14,56.1,3,1,False,24,False,1
3805,43,Male,4,68.3,264.09,Month-to-month,Electronic check,DSL,Yes,No,No,No,6,101.3,2,3,False,1,False,1
3806,18,Male,71,89.58,6305.555,Month-to-month,Credit card,Fiber optic,Yes,No,No,No,8,52.4,2,1,False,1,False,0
3807,43,Male,16,68.57,1109.26,Month-to-month,Bank transfer,DSL,Yes,Yes,Yes,Yes,11,6.6,1,2,False,1,False,0
3808,32,Female,1,92.47,93.91,Month-to-month,Bank transfer,DSL,Yes,No,Yes,No,9,13.5,1,2,False,1,False,1
3809,58,Female,1,116.46,119.88,Month-to-month,Credit card,Fiber optic,Yes,No,No,No,5,111.8,3,3,False,1,False,0
3810,36,Female,57,79.56,4700.46,Month-to-month,Mailed check,DSL,Yes,Yes,No,No,7,62.9,2,1,False,1,False,0
3811,43,Male,49,71.29,3420.44,Month-to-month,Credit card,DSL,Yes,Yes,No,No,8,27.1,2,5,False,1,False,1
3812,35,Female,14,125.49,1842.25,Two year,Mailed check,Fiber optic,Yes,Yes,Yes,Yes,8,43.2,0,2,False,24,False,0
3813,71,Male,4,123.3,488.95,Month-to-month,Mailed check,Fiber optic,No,No,Yes,Yes,6,67.5,1,1,False,1,True,1
3814,40,Female,42,70.19,3031.75,One year,Bank transfer,DSL,No,No,Yes,Yes,4,116.1,2,2,True,12,False,0
3815,72,Female,9,90.97,781.14,One year,Credit card,DSL,No,No,Yes,Yes,3,18.4,2,1,True,12,True,0
3816,57,Male,13,88.06,1172.87,One year,Electronic check,DSL,No,Yes,Yes,No,9,59.8,6,1,False,12,False,1
3817,52,Male,27,94.34,2631.35,Two year,Credit card,Fiber optic,Yes,No,No,No,12,16.0,3,1,False,24,False,1
3818,50,Male,10,89.67,861.58,One year,Bank transfer,Fiber optic,No,No,No,No,12,66.2,3,1,False,12,False,1
3819,50,Female,23,80.82,1822.81,Two year,Mailed check,DSL,No,No,Yes,Yes,7,76.0,2,3,False,24,False,0
3820,18,Male,51,120.6,6118.46,Month-to-month,Credit card,Fiber optic,No,No,Yes,Yes,5,65.4,5,3,False,1,False,1
3821,40,Female,38,89.25,3481.02,One year,Credit card,DSL,Yes,No,Yes,Yes,8,87.3,3,2,True,12,False,0
3822,57,Female,11,127.87,1410.74,Month-to-month,Electronic check,Fiber optic,No,No,No,No,10,122.2,3,1,False,1,False,1
3823,44,Female,8,77.86,631.06,Two year,Mailed check,DSL,No,No,Yes,Yes,6,123.0,3,1,True,24,False,1
3824,23,Male,8,47.05,371.46,Month-to-month,Credit card,No,No,No,Yes,Yes,5,116.3,1,2,True,1,False,1
3825,44,Male,10,118.93,1233.28,Month-to-month,Bank transfer,Fiber optic,No,No,No,No,6,124.1,0,5,False,1,False,1
3826,70,Male,16,67.54,1066.21,One year,Mailed check,DSL,Yes,Yes,No,No,5,8.9,0,3,False,12,True,0
3827,63,Female,12,34.95,418.32,Month-to-month,Bank transfer,No,No,No,No,No,9,24.2,1,3,False,1,False,0
3828,44,Female,3,97.22,289.97,One year,Mailed check,DSL,Yes,Yes,Yes,No,6,59.6,2,1,False,12,False,1
3829,59,Male,4,71.87,295.69,Two year,Credit card,DSL,No,Yes,No,No,5,11.2,1,1,False,24,False,0
3830,39,Female,10,48.58,501.4,Two year,Electronic check,No,No,No,Yes,Yes,7,129.1,3,1,False,24,False,1
3831,19,Female,19,75.94,1501.42,Month-to-month,Credit card,DSL,No,No,Yes,Yes,7,9.9,1,1,False,1,False,0
3832,31,Female,21,65.57,1339.78,Month-to-month,Credit card,No,No,Yes,Yes,Yes,14,35.4,3,3,False,1,False,0
3833,68,Male,15,102.28,1597.26,One year,Credit card,Fiber optic,Yes,No,No,No,8,74.6,3,2,True,12,True,1
3834,40,Female,32,48.74,1526.89,One year,Electronic check,No,No,Yes,Yes,Yes,9,125.9,0,5,False,12,False,0
3835,41,Female,32,123.01,4085.13,One year,Electronic check,Fiber optic,Yes,No,Yes,Yes,6,126.1,2,1,False,12,False,1
3836,40,Male,13,100.26,1349.93,One year,Electronic check,DSL,Yes,Yes,Yes,Yes,10,51.9,1,1,True,12,False,1
3837,73,Male,3,44.24,132.12,One year,Bank transfer,No,No,Yes,Yes,Yes,14,21.7,2,3,False,12,True,0
3838,69,Male,18,111.92,2074.68,Month-to-month,Electronic check,DSL,No,No,Yes,Yes,3,117.6,1,3,True,1,True,1
3839,78,Male,11,121.78,1372.17,One year,Credit card,Fiber optic,Yes,No,No,No,5,102.4,0,2,False,12,True,1
3840,42,Male,3,102.16,292.53,Month-to-month,Credit card,Fiber optic,Yes,No,No,No,6,38.0,2,1,True,1,False,0
3841,49,Male,71,95.2,6305.555,Month-to-month,Bank transfer,Fiber optic,Yes,No,Yes,No,5,25.2,4,3,False,1,False,0
3842,22,Female,11,118.16,1246.19,One year,Credit card,Fiber optic,No,No,Yes,Yes,9,84.2,4,1,False,12,False,1
3843,67,Female,23,93.94,2257.47,Month-to-month,Electronic check,Fiber optic,Yes,Yes,No,No,7,99.7,2,0,False,1,True,0
3844,27,Female,16,104.15,1701.88,One year,Bank transfer,Fiber optic,No,No,No,No,9,111.5,3,5,True,12,False,1
3845,48,Female,3,138.31,411.38,Month-to-month,Credit card,Fiber optic,Yes,Yes,Yes,Yes,6,59.7,1,6,False,1,False,1
3846,28,Male,1,118.41,115.1,Month-to-month,Electronic check,Fiber optic,Yes,No,Yes,Yes,13,94.1,2,2,True,1,False,1
3847,36,Female,23,45.93,1103.69,Month-to-month,Bank transfer,No,No,Yes,Yes,No,9,50.4,0,4,False,1,False,0
3848,32,Male,6,92.11,538.53,One year,Mailed check,Fiber optic,Yes,Yes,No,No,10,106.4,2,1,True,12,False,1
3849,35,Male,6,107.55,648.12,Month-to-month,Bank transfer,Fiber optic,No,No,Yes,No,12,89.9,2,2,False,1,False,1
3850,36,Female,71,23.86,1673.8,One year,Credit card,No,No,No,No,No,6,22.7,0,1,False,12,False,0
3851,36,Female,14,81.94,1173.17,One year,Credit card,DSL,No,No,Yes,Yes,6,6.8,2,1,True,12,False,0
3852,57,Male,1,78.61,76.04,Month-to-month,Credit card,DSL,Yes,No,No,No,4,94.5,1,3,True,1,False,1
3853,28,Male,9,90.76,824.64,Two year,Credit card,Fiber optic,Yes,No,No,No,12,104.4,2,3,False,24,False,1
3854,48,Male,21,92.86,1979.24,Two year,Credit card,DSL,No,No,Yes,Yes,6,87.0,1,4,True,24,False,0
3855,63,Male,9,135.17,1272.97,Two year,Electronic check,Fiber optic,No,Yes,Yes,Yes,7,39.5,2,3,True,24,False,0
3856,37,Female,1,32.49,32.82,One year,Electronic check,No,No,No,No,No,12,9.4,3,0,True,12,False,1
3857,34,Male,14,80.23,1121.54,Month-to-month,Credit card,DSL,No,No,Yes,No,11,43.8,4,2,False,1,False,1
3858,41,Female,2,53.13,105.12,Month-to-month,Electronic check,No,No,Yes,Yes,Yes,3,31.4,1,2,False,1,False,1
3859,62,Male,23,38.42,848.83,One year,Credit card,No,No,No,No,No,9,18.8,3,2,True,12,False,1
3860,47,Male,23,88.75,2086.56,Month-to-month,Bank transfer,DSL,Yes,No,Yes,Yes,15,122.1,0,1,False,1,False,1
3861,37,Male,1,113.3,110.44,One year,Mailed check,Fiber optic,No,No,Yes,Yes,6,116.5,1,1,False,12,False,1
3862,52,Female,8,77.63,609.4,Month-to-month,Bank transfer,DSL,No,No,No,No,9,100.8,1,1,True,1,False,1
3863,28,Male,12,137.7,1571.74,Month-to-month,Electronic check,Fiber optic,Yes,No,Yes,Yes,5,75.9,4,0,True,1,False,1
3864,55,Female,19,106.09,2047.76,One year,Credit card,Fiber optic,Yes,No,Yes,Yes,6,13.0,1,1,False,12,False,0
3865,51,Female,8,65.03,533.71,Month-to-month,Electronic check,No,No,Yes,Yes,Yes,9,78.6,2,4,False,1,False,1
3866,40,Female,8,69.41,532.76,Month-to-month,Electronic check,DSL,No,Yes,Yes,Yes,5,86.7,2,1,False,1,False,1
3867,32,Male,71,117.82,6305.555,Two year,Credit card,Fiber optic,Yes,Yes,No,No,9,66.4,1,2,True,24,False,0
3868,31,Female,1,122.07,126.01,Month-to-month,Bank transfer,Fiber optic,No,Yes,Yes,Yes,4,41.8,3,1,False,1,False,1
3869,53,Female,71,62.39,4597.52,Month-to-month,Mailed check,DSL,No,No,No,No,7,119.3,6,1,False,1,False,1
3870,63,Male,1,118.25,113.8,Month-to-month,Electronic check,Fiber optic,Yes,Yes,No,No,10,40.0,1,2,False,1,False,1
3871,35,Male,8,62.78,498.36,Month-to-month,Credit card,No,No,Yes,Yes,Yes,8,27.2,3,1,True,1,False,0
3872,51,Female,16,126.7,1989.04,Month-to-month,Electronic check,Fiber optic,No,No,Yes,Yes,8,41.8,1,0,False,1,False,1
3873,18,Female,3,126.83,367.7,One year,Mailed check,Fiber optic,No,Yes,Yes,Yes,16,19.8,4,1,False,12,False,1
3874,36,Male,3,130.82,390.04,Two year,Electronic check,Fiber optic,No,No,Yes,Yes,8,14.0,2,0,False,24,False,0
3875,44,Female,7,126.12,913.91,Two year,Bank transfer,Fiber optic,No,Yes,No,No,3,52.4,2,2,True,24,False,0
3876,31,Female,71,59.47,4417.26,Month-to-month,Electronic check,DSL,Yes,No,No,No,11,56.3,3,3,True,1,False,1
3877,30,Female,11,102.24,1134.32,One year,Bank transfer,Fiber optic,No,Yes,No,No,6,9.8,2,1,False,12,False,1
3878,34,Male,20,119.25,2399.23,Two year,Bank transfer,Fiber optic,No,No,No,No,14,56.6,3,2,False,24,False,0
3879,49,Female,29,113.72,3348.88,Month-to-month,Bank transfer,Fiber optic,No,No,Yes,Yes,11,90.0,5,0,True,1,False,1
3880,42,Male,32,73.01,2447.37,Month-to-month,Electronic check,DSL,No,No,No,No,9,106.9,0,3,True,1,False,1
3881,18,Male,27,65.67,1830.41,Two year,Mailed check,DSL,No,Yes,No,No,10,43.5,6,4,False,24,False,0
3882,18,Male,9,107.65,941.07,One year,Electronic check,Fiber optic,Yes,No,Yes,Yes,4,72.3,2,1,False,12,False,1
3883,35,Female,2,68.66,136.86,Month-to-month,Credit card,DSL,No,Yes,Yes,Yes,11,101.0,1,4,False,1,False,1
3884,51,Male,7,111.42,799.16,Month-to-month,Bank transfer,Fiber optic,No,Yes,Yes,Yes,9,79.5,1,0,False,1,False,1
3885,18,Female,5,85.19,440.78,Month-to-month,Bank transfer,DSL,Yes,No,Yes,No,6,59.4,1,2,True,1,False,1
3886,37,Male,3,114.23,328.45,Month-to-month,Credit card,Fiber optic,Yes,No,Yes,Yes,12,107.7,2,0,True,1,False,1
3887,37,Female,1,58.56,59.7,Month-to-month,Credit card,No,No,No,Yes,Yes,4,64.6,2,4,True,1,False,0
3888,65,Female,65,56.34,3534.98,Month-to-month,Electronic check,No,No,No,Yes,No,6,59.0,4,2,False,1,True,1
3889,39,Female,60,95.26,5490.39,One year,Credit card,DSL,No,Yes,Yes,Yes,5,28.7,2,2,False,12,False,0
3890,50,Male,1,81.93,84.74,One year,Credit card,DSL,Yes,No,Yes,Yes,5,54.1,3,1,False,12,False,1
3891,47,Female,4,45.38,186.72,One year,Electronic check,No,No,No,Yes,Yes,7,59.6,3,2,False,12,False,0
3892,18,Female,3,62.55,192.28,One year,Electronic check,No,No,No,Yes,Yes,9,20.0,1,2,False,12,False,0
3893,56,Male,7,76.97,513.15,Month-to-month,Electronic check,DSL,No,No,No,No,15,128.5,2,1,True,1,False,1
3894,48,Male,5,124.72,608.44,Month-to-month,Bank transfer,Fiber optic,Yes,No,Yes,No,6,92.3,0,1,False,1,False,1
3895,52,Female,69,83.56,5725.92,Month-to-month,Bank transfer,DSL,No,No,Yes,No,10,80.7,6,3,False,1,False,1
3896,80,Male,2,106.42,220.93,Month-to-month,Bank transfer,Fiber optic,No,No,Yes,Yes,11,97.1,2,2,False,1,True,1
3897,18,Male,5,68.54,343.49,Two year,Mailed check,DSL,No,Yes,No,No,14,34.1,1,2,False,24,False,1
3898,70,Male,2,47.33,94.65,One year,Credit card,No,No,Yes,No,No,12,122.0,2,2,False,12,True,1
3899,40,Female,71,112.28,6305.555,Month-to-month,Electronic check,Fiber optic,No,No,No,No,8,116.3,2,2,False,1,False,1
3900,49,Male,60,86.07,5334.49,Month-to-month,Bank transfer,DSL,Yes,Yes,Yes,Yes,9,84.0,5,0,False,1,False,1
3901,44,Female,30,115.55,3496.0,Month-to-month,Electronic check,Fiber optic,Yes,No,Yes,Yes,8,78.4,4,0,True,1,False,1
3902,38,Male,13,96.72,1241.19,Month-to-month,Electronic check,DSL,No,Yes,Yes,Yes,3,12.1,6,0,False,1,False,0
3903,36,Male,5,71.31,344.45,Month-to-month,Electronic check,DSL,Yes,Yes,Yes,Yes,5,39.6,3,2,False,1,False,1
3904,49,Female,6,105.17,625.93,Month-to-month,Bank transfer,Fiber optic,No,No,Yes,No,5,123.5,3,5,True,1,False,1
3905,22,Male,14,104.49,1424.64,Month-to-month,Bank transfer,Fiber optic,Yes,No,Yes,No,13,12.1,0,3,True,1,False,1
3906,56,Male,35,64.02,2229.54,Month-to-month,Electronic check,DSL,No,Yes,No,No,3,103.1,2,3,True,1,False,1
3907,38,Male,7,125.63,862.39,One year,Credit card,Fiber optic,Yes,No,Yes,Yes,13,22.1,2,3,True,12,False,1
3908,28,Male,8,99.62,760.62,One year,Credit card,Fiber optic,Yes,No,No,No,9,58.8,3,3,False,12,False,1
3909,38,Female,21,117.84,2596.5,Two year,Credit card,Fiber optic,Yes,No,Yes,No,8,64.7,1,1,True,24,False,0
3910,63,Female,6,88.7,529.42,Month-to-month,Bank transfer,DSL,Yes,No,Yes,Yes,10,47.7,4,1,False,1,False,1
3911,36,Female,21,89.0,1927.6,Two year,Credit card,DSL,Yes,No,Yes,Yes,10,19.5,3,1,False,24,False,0
3912,50,Female,11,69.36,733.67,One year,Bank transfer,DSL,Yes,No,Yes,Yes,6,71.6,1,3,True,12,False,0
3913,34,Female,1,71.54,72.32,Month-to-month,Mailed check,DSL,Yes,Yes,No,No,9,103.7,0,2,False,1,False,1
3914,56,Female,12,126.78,1525.15,Month-to-month,Bank transfer,Fiber optic,Yes,No,Yes,Yes,11,125.8,2,2,False,1,False,1
3915,55,Female,60,40.39,2533.33,Month-to-month,Electronic check,No,No,Yes,No,No,9,54.4,3,2,False,1,False,1
3916,72,Male,8,78.99,651.11,Month-to-month,Bank transfer,DSL,Yes,Yes,Yes,Yes,7,28.9,0,1,False,1,True,1
3917,42,Female,9,112.48,1003.54,Month-to-month,Bank transfer,Fiber optic,Yes,Yes,No,No,11,10.8,2,5,False,1,False,1
3918,55,Female,1,87.5,90.08,Two year,Electronic check,DSL,No,Yes,Yes,No,8,95.9,3,0,True,24,False,1
3919,46,Female,22,56.34,1228.08,Month-to-month,Electronic check,DSL,No,No,No,No,8,110.7,1,3,False,1,False,1
3920,64,Male,45,104.87,4842.23,Month-to-month,Electronic check,Fiber optic,Yes,No,No,No,6,123.5,0,1,True,1,False,0
3921,34,Female,10,120.13,1176.25,Month-to-month,Electronic check,Fiber optic,No,No,No,No,16,21.1,2,3,True,1,False,1
3922,56,Female,6,44.27,262.25,Month-to-month,Electronic check,No,No,No,Yes,No,9,82.9,1,2,False,1,False,1
3923,42,Female,71,138.86,6305.555,Two year,Bank transfer,Fiber optic,Yes,Yes,Yes,Yes,3,48.9,2,2,False,24,False,0
3924,44,Male,32,90.9,2920.69,Two year,Mailed check,DSL,No,No,Yes,Yes,6,77.1,2,4,False,24,False,0
3925,46,Female,20,99.1,1961.28,Month-to-month,Electronic check,Fiber optic,Yes,No,No,No,8,128.7,2,3,True,1,False,0
3926,48,Male,8,135.05,1127.68,Month-to-month,Bank transfer,Fiber optic,Yes,No,Yes,Yes,5,97.3,1,2,False,1,False,1
3927,43,Male,5,134.61,673.32,Two year,Credit card,Fiber optic,No,Yes,No,No,7,77.9,2,4,False,24,False,1
3928,48,Male,30,56.9,1744.77,Month-to-month,Electronic check,No,No,Yes,Yes,No,6,73.6,2,2,False,1,False,1
3929,68,Male,17,91.5,1542.58,One year,Credit card,DSL,No,Yes,Yes,Yes,7,19.1,2,3,False,12,True,1
3930,59,Female,17,115.91,2014.47,Two year,Bank transfer,Fiber optic,Yes,Yes,Yes,No,11,37.1,4,1,False,24,False,1
3931,58,Male,1,81.81,84.2,One year,Electronic check,DSL,Yes,No,No,No,10,13.3,4,2,False,12,False,1
3932,38,Male,17,108.51,1853.36,Month-to-month,Electronic check,Fiber optic,Yes,No,No,No,7,60.8,3,2,False,1,False,1
3933,31,Female,41,138.76,5423.3,Two year,Electronic check,Fiber optic,No,No,Yes,Yes,8,8.9,2,1,False,24,False,0
3934,59,Male,70,101.62,6305.555,Two year,Bank transfer,DSL,No,Yes,Yes,Yes,5,85.6,0,2,False,24,False,1
3935,58,Male,2,37.71,78.43,One year,Credit card,No,No,No,No,No,8,23.8,4,1,True,12,False,0
3936,67,Male,23,86.8,1913.32,Month-to-month,Credit card,DSL,No,No,Yes,No,10,122.9,4,0,False,1,True,1
3937,35,Male,20,96.64,1949.08,Two year,Electronic check,DSL,Yes,No,Yes,No,5,42.9,1,4,False,24,False,1
3938,41,Male,53,48.36,2443.69,Two year,Electronic check,No,No,No,No,No,7,9.2,3,1,False,24,False,0
3939,20,Male,33,69.03,2275.08,Two year,Bank transfer,DSL,Yes,Yes,No,No,8,97.5,1,0,False,24,False,1
3940,39,Female,71,92.82,6305.555,Month-to-month,Bank transfer,DSL,No,Yes,Yes,No,3,32.4,4,0,True,1,False,0
3941,59,Female,71,135.92,6305.555,One year,Bank transfer,Fiber optic,Yes,Yes,Yes,Yes,8,123.1,4,2,True,12,False,0
3942,38,Female,6,133.48,769.96,One year,Electronic check,Fiber optic,No,No,Yes,Yes,6,98.2,1,2,True,12,False,1
3943,54,Female,31,50.42,1632.95,Month-to-month,Credit card,No,No,Yes,Yes,No,9,107.0,3,4,False,1,False,1
3944,42,Male,18,110.77,2080.21,Month-to-month,Credit card,Fiber optic,Yes,Yes,Yes,Yes,8,66.6,1,4,True,1,False,0
3945,49,Male,5,124.32,639.95,One year,Credit card,Fiber optic,No,No,Yes,Yes,9,12.9,2,1,True,12,False,1
3946,27,Male,5,31.43,152.56,Two year,Bank transfer,No,No,Yes,No,No,8,89.3,4,2,False,24,False,1
3947,46,Female,2,144.91,297.73,Two year,Bank transfer,Fiber optic,No,No,Yes,Yes,9,129.3,1,2,True,24,False,1
3948,18,Female,38,77.11,2881.81,Month-to-month,Electronic check,DSL,No,No,No,No,14,129.9,2,2,False,1,False,1
3949,42,Male,9,118.25,1075.86,Month-to-month,Credit card,Fiber optic,No,Yes,Yes,Yes,4,47.9,2,0,False,1,False,1
3950,20,Male,46,72.03,3295.91,Month-to-month,Electronic check,DSL,No,No,No,No,9,23.0,1,3,True,1,False,0
3951,63,Female,22,75.19,1612.89,Two year,Bank transfer,DSL,No,No,No,No,14,109.4,1,6,True,24,False,0
3952,56,Female,26,138.42,3654.01,Month-to-month,Bank transfer,Fiber optic,No,No,Yes,Yes,7,12.4,1,0,True,1,False,1
3953,52,Female,8,45.42,371.32,One year,Bank transfer,No,No,Yes,Yes,Yes,15,52.7,1,2,False,12,False,1
3954,67,Female,14,120.06,1685.6,One year,Electronic check,Fiber optic,Yes,No,Yes,Yes,7,34.9,2,1,True,12,True,1
3955,30,Male,12,84.43,978.92,Two year,Bank transfer,DSL,No,Yes,Yes,No,8,102.7,4,1,False,24,False,0
3956,71,Female,6,143.36,859.69,Month-to-month,Bank transfer,Fiber optic,Yes,No,Yes,Yes,9,98.1,6,3,False,1,True,1
3957,58,Female,42,94.31,4067.57,One year,Credit card,DSL,Yes,Yes,Yes,No,10,109.3,2,1,False,12,False,1
3958,41,Male,23,75.08,1786.68,Two year,Bank transfer,DSL,No,Yes,Yes,Yes,12,43.5,1,1,False,24,False,0
3959,62,Male,1,88.77,84.57,One year,Credit card,Fiber optic,No,No,No,No,9,103.9,2,1,False,12,False,1
3960,28,Male,41,85.22,3384.52,Month-to-month,Electronic check,DSL,No,No,Yes,No,5,56.9,2,3,False,1,False,1
3961,32,Female,2,66.89,139.53,Month-to-month,Mailed check,DSL,Yes,No,Yes,No,12,18.5,4,4,False,1,False,1
3962,35,Female,12,60.39,745.09,Two year,Electronic check,No,No,No,Yes,Yes,8,99.7,2,1,True,24,False,0
3963,37,Female,20,114.54,2340.86,Month-to-month,Credit card,Fiber optic,No,No,No,No,13,31.4,1,2,False,1,False,1
3964,29,Female,1,65.23,62.87,One year,Electronic check,DSL,Yes,No,Yes,Yes,10,114.3,2,1,True,12,False,1
3965,63,Male,25,118.86,2824.22,One year,Bank transfer,Fiber optic,Yes,Yes,No,No,8,27.2,0,5,False,12,False,1
3966,41,Male,25,60.75,1532.23,Two year,Electronic check,DSL,No,Yes,No,No,9,82.8,1,1,False,24,False,0
3967,50,Female,25,48.93,1268.03,Month-to-month,Credit card,No,No,Yes,Yes,No,6,80.0,2,1,False,1,False,0
3968,36,Female,4,70.6,270.29,One year,Electronic check,DSL,Yes,Yes,Yes,Yes,10,65.2,1,0,True,12,False,1
3969,18,Female,7,49.6,332.25,Month-to-month,Credit card,No,No,Yes,Yes,Yes,3,27.1,3,1,False,1,False,0
3970,49,Male,6,89.02,560.75,Month-to-month,Bank transfer,Fiber optic,Yes,Yes,No,No,9,101.3,2,4,False,1,False,1
3971,18,Female,71,88.89,6231.36,Month-to-month,Bank transfer,Fiber optic,Yes,Yes,No,No,13,14.6,3,6,False,1,False,1
3972,43,Male,1,78.48,79.78,Two year,Credit card,DSL,No,No,No,No,16,21.3,5,2,False,24,False,0
3973,24,Female,13,48.52,634.41,Two year,Electronic check,No,No,No,Yes,Yes,8,64.9,1,1,False,24,False,1
3974,74,Male,49,56.81,2759.9,Month-to-month,Bank transfer,DSL,Yes,Yes,No,No,10,59.8,2,1,False,1,True,1
3975,58,Male,35,54.08,1950.14,Month-to-month,Bank transfer,DSL,No,No,No,No,10,53.5,2,1,False,1,False,0
3976,46,Female,41,96.32,3845.6,One year,Electronic check,DSL,No,No,Yes,Yes,10,122.8,3,2,False,12,False,0
3977,63,Male,71,132.19,6305.555,One year,Bank transfer,Fiber optic,No,No,Yes,Yes,5,50.0,2,1,False,12,False,0
3978,32,Male,11,68.38,734.61,One year,Credit card,DSL,Yes,No,No,No,4,57.5,1,3,False,12,False,0
3979,53,Female,8,43.64,350.77,Two year,Credit card,No,No,No,Yes,Yes,11,129.9,2,3,False,24,False,1
3980,47,Male,1,71.49,72.61,Two year,Credit card,DSL,No,No,No,No,9,6.4,2,2,True,24,False,1
3981,48,Female,3,112.12,322.66,Month-to-month,Mailed check,Fiber optic,No,No,No,No,7,104.9,3,2,False,1,False,1
3982,64,Male,19,80.05,1467.21,Month-to-month,Mailed check,DSL,No,No,Yes,Yes,5,118.7,4,2,True,1,False,1
3983,55,Male,4,74.04,284.85,One year,Mailed check,DSL,No,Yes,No,No,8,27.5,2,2,False,12,False,0
3984,49,Male,31,89.73,2823.74,Two year,Mailed check,DSL,Yes,No,Yes,No,14,64.5,0,2,False,24,False,0
3985,20,Male,1,51.01,51.65,Month-to-month,Mailed check,No,No,Yes,Yes,No,5,64.0,1,6,False,1,False,1
3986,30,Female,7,53.77,388.82,One year,Bank transfer,DSL,No,No,No,No,8,124.1,5,2,True,12,False,1
3987,43,Female,28,125.2,3430.76,Month-to-month,Credit card,Fiber optic,Yes,Yes,Yes,No,9,129.6,0,1,False,1,False,1
3988,46,Female,7,102.82,736.48,Two year,Electronic check,DSL,No,No,Yes,Yes,6,106.0,1,2,False,24,False,1
3989,28,Male,31,113.54,3444.13,One year,Electronic check,Fiber optic,No,No,No,No,9,79.6,2,3,False,12,False,0
3990,80,Male,71,81.94,6048.16,Month-to-month,Bank transfer,DSL,Yes,No,Yes,Yes,12,102.8,2,0,True,1,True,1
3991,67,Female,38,50.17,1927.05,Month-to-month,Credit card,DSL,No,No,No,No,9,84.7,3,1,False,1,True,1
3992,54,Female,10,107.82,1068.92,Month-to-month,Mailed check,Fiber optic,No,No,No,No,9,51.0,1,2,True,1,False,1
3993,46,Female,55,103.52,5770.51,Two year,Mailed check,DSL,Yes,No,Yes,Yes,7,82.7,3,2,False,24,False,1
3994,41,Female,1,93.41,96.64,One year,Electronic check,Fiber optic,No,No,No,No,5,83.6,1,0,True,12,False,1
3995,30,Male,30,90.52,2640.09,One year,Bank transfer,DSL,No,No,No,No,11,43.9,0,2,True,12,False,0
3996,46,Female,1,118.61,119.97,Month-to-month,Credit card,Fiber optic,No,No,Yes,Yes,10,50.1,3,2,False,1,False,1
3997,48,Male,4,88.12,369.87,Month-to-month,Bank transfer,Fiber optic,No,No,No,No,9,121.0,1,0,False,1,False,1
3998,26,Female,71,51.02,3782.69,Month-to-month,Electronic check,DSL,No,Yes,No,No,5,29.0,5,4,True,1,False,1
3999,50,Male,10,120.62,1182.0,Month-to-month,Bank transfer,Fiber optic,Yes,Yes,No,No,9,81.5,3,5,False,1,False,1
4000,42,Female,41,87.83,3703.5,Month-to-month,Electronic check,DSL,No,Yes,Yes,No,4,24.6,1,3,False,1,False,0
4001,18,Female,11,113.49,1247.75,Month-to-month,Bank transfer,Fiber optic,Yes,No,Yes,Yes,7,126.1,0,0,True,1,False,0
4002,32,Male,43,99.5,4398.65,Month-to-month,Credit card,Fiber optic,No,No,No,No,7,66.6,2,1,True,1,False,0
4003,38,Male,71,58.29,4028.05,One year,Electronic check,No,No,Yes,Yes,No,10,111.2,2,2,False,12,False,1
4004,73,Female,13,83.62,1125.69,Two year,Bank transfer,DSL,No,No,Yes,Yes,8,117.8,1,3,False,24,True,0
4005,53,Male,19,123.15,2455.54,Month-to-month,Electronic check,Fiber optic,No,No,Yes,No,8,38.9,3,2,False,1,False,1
4006,24,Female,23,106.93,2445.07,One year,Mailed check,DSL,Yes,Yes,Yes,Yes,6,52.0,0,0,False,12,False,1
4007,52,Male,65,123.41,6305.555,Month-to-month,Mailed check,Fiber optic,Yes,No,Yes,Yes,10,45.7,2,4,False,1,False,1
4008,21,Female,7,98.29,666.5,Month-to-month,Electronic check,Fiber optic,Yes,Yes,No,No,7,119.7,1,4,False,1,False,1
4009,61,Female,22,104.31,2336.94,Two year,Credit card,DSL,No,No,Yes,No,10,15.0,0,0,True,24,False,0
4010,37,Female,9,106.94,921.8,Month-to-month,Electronic check,Fiber optic,No,No,Yes,Yes,6,113.0,2,1,False,1,False,1
4011,43,Female,5,110.96,558.5,Month-to-month,Bank transfer,Fiber optic,Yes,No,Yes,No,9,20.2,3,2,False,1,False,1
4012,64,Female,2,119.67,237.39,Month-to-month,Credit card,Fiber optic,Yes,No,No,No,9,73.7,2,0,False,1,False,0
4013,25,Female,23,64.98,1449.7,Month-to-month,Bank transfer,DSL,No,Yes,No,No,14,56.9,1,6,False,1,False,1
4014,24,Female,51,74.08,3900.86,One year,Bank transfer,DSL,No,No,No,No,12,41.9,2,2,False,12,False,0
4015,36,Female,10,89.6,918.5,Month-to-month,Electronic check,DSL,No,No,Yes,Yes,8,49.4,3,3,True,1,False,1
4016,60,Male,19,75.21,1400.37,Month-to-month,Bank transfer,DSL,No,No,Yes,No,12,22.4,1,2,False,1,False,0
4017,22,Male,24,69.0,1637.17,Two year,Credit card,DSL,Yes,No,Yes,Yes,7,110.0,0,2,False,24,False,0
4018,18,Male,12,121.51,1422.04,Month-to-month,Electronic check,Fiber optic,No,Yes,Yes,No,16,53.8,2,4,False,1,False,1
4019,38,Female,56,126.43,6305.555,Month-to-month,Credit card,Fiber optic,Yes,No,Yes,Yes,7,31.6,2,4,True,1,False,0
4020,53,Female,10,99.15,963.87,Two year,Bank transfer,DSL,No,Yes,Yes,Yes,8,100.3,2,1,False,24,False,1
4021,63,Female,3,123.59,357.19,Month-to-month,Credit card,Fiber optic,No,No,No,No,8,110.8,1,3,False,1,False,1
4022,38,Male,3,48.58,143.39,Two year,Credit card,No,No,No,Yes,No,9,8.9,1,3,False,24,False,1
4023,38,Male,53,96.26,5200.62,Two year,Credit card,DSL,No,No,Yes,Yes,9,80.8,1,2,False,24,False,1
4024,62,Male,71,86.47,6078.35,Month-to-month,Bank transfer,DSL,Yes,No,Yes,Yes,7,75.5,0,2,False,1,False,0
4025,18,Male,8,108.13,882.59,Month-to-month,Bank transfer,Fiber optic,Yes,No,Yes,No,9,43.9,2,4,False,1,False,0
4026,39,Male,3,93.71,288.59,Month-to-month,Electronic check,DSL,Yes,Yes,Yes,No,12,61.7,2,2,False,1,False,1
4027,47,Female,15,127.51,1881.7,Two year,Bank transfer,Fiber optic,Yes,No,Yes,Yes,7,87.8,2,3,False,24,False,0
4028,51,Male,29,64.38,1784.44,Month-to-month,Electronic check,DSL,No,No,No,No,5,129.6,1,3,False,1,False,0
4029,37,Female,22,53.22,1196.34,One year,Bank transfer,DSL,Yes,No,No,No,14,124.6,3,2,True,12,False,1
4030,45,Female,71,92.92,6305.555,Two year,Electronic check,DSL,No,No,No,No,8,112.7,3,0,False,24,False,1
4031,18,Female,40,76.49,2990.44,Two year,Electronic check,DSL,No,Yes,Yes,No,12,104.0,2,1,False,24,False,1
4032,35,Male,48,63.75,3088.03,Two year,Mailed check,DSL,No,No,No,No,7,86.2,1,4,False,24,False,1
4033,51,Male,18,103.09,1933.47,One year,Electronic check,DSL,No,Yes,Yes,No,6,53.3,2,2,False,12,False,1
4034,30,Female,9,89.17,823.01,Two year,Electronic check,DSL,No,No,Yes,Yes,4,82.8,1,4,False,24,False,0
4035,45,Male,29,100.62,2850.64,Month-to-month,Bank transfer,Fiber optic,Yes,Yes,Yes,No,4,76.2,1,4,False,1,False,0
4036,51,Male,13,78.3,1049.74,One year,Bank transfer,DSL,Yes,No,Yes,Yes,6,58.0,3,1,False,12,False,0
4037,39,Female,8,95.04,753.46,One year,Electronic check,Fiber optic,Yes,Yes,No,No,8,40.5,1,1,False,12,False,1
4038,47,Female,3,67.52,195.35,Month-to-month,Bank transfer,DSL,No,No,No,No,9,97.5,0,3,False,1,False,1
4039,30,Female,18,83.07,1466.76,Month-to-month,Electronic check,DSL,Yes,No,Yes,Yes,3,35.3,0,3,True,1,False,0
4040,41,Female,21,99.11,2148.29,One year,Credit card,DSL,Yes,No,Yes,No,7,57.4,3,1,False,12,False,1
4041,54,Female,20,120.45,2377.91,Month-to-month,Electronic check,Fiber optic,No,No,Yes,No,8,50.2,0,1,False,1,False,0
4042,47,Male,2,144.51,285.55,Month-to-month,Electronic check,Fiber optic,Yes,Yes,Yes,No,11,9.0,1,2,False,1,False,1
4043,36,Female,20,69.48,1455.8,Month-to-month,Credit card,DSL,No,No,Yes,Yes,7,12.0,0,2,True,1,False,0
4044,48,Male,4,108.01,432.74,Two year,Electronic check,DSL,Yes,No,Yes,Yes,10,16.0,3,1,False,24,False,1
4045,55,Male,26,52.35,1360.67,Month-to-month,Credit card,No,No,No,Yes,Yes,11,46.3,1,2,False,1,False,1
4046,18,Female,13,93.68,1245.84,Two year,Mailed check,Fiber optic,No,No,No,No,4,65.5,4,6,False,24,False,0
4047,62,Female,45,92.21,4341.03,Month-to-month,Bank transfer,DSL,No,Yes,Yes,Yes,9,123.1,2,5,True,1,False,1
4048,39,Male,36,122.76,4635.6,Month-to-month,Credit card,Fiber optic,Yes,No,No,No,12,94.1,4,1,False,1,False,1
4049,51,Female,30,83.22,2566.56,Month-to-month,Bank transfer,Fiber optic,No,Yes,No,No,10,74.9,4,3,True,1,False,1
4050,62,Male,28,57.79,1678.23,One year,Bank transfer,DSL,Yes,No,No,No,8,126.8,1,0,False,12,False,0
4051,24,Female,19,147.6,2918.63,Two year,Credit card,Fiber optic,No,No,Yes,No,6,54.3,0,2,False,24,False,0
4052,34,Female,1,140.48,143.92,One year,Bank transfer,Fiber optic,Yes,No,Yes,No,5,77.9,2,3,False,12,False,1
4053,40,Male,25,103.77,2610.97,One year,Electronic check,Fiber optic,No,Yes,No,No,3,89.0,3,0,False,12,False,0
4054,33,Male,15,113.9,1665.8,Month-to-month,Credit card,Fiber optic,No,No,No,No,4,83.7,1,3,False,1,False,1
4055,71,Female,15,110.08,1688.97,One year,Bank transfer,Fiber optic,Yes,No,No,No,6,5.1,3,0,False,12,True,1
4056,32,Female,11,85.6,941.77,Month-to-month,Bank transfer,DSL,No,No,No,No,10,58.2,2,3,True,1,False,0
4057,36,Female,63,68.28,4481.09,Month-to-month,Bank transfer,DSL,Yes,No,Yes,Yes,10,9.1,1,0,False,1,False,1
4058,48,Male,6,138.26,788.2,Two year,Credit card,Fiber optic,No,No,Yes,Yes,5,9.5,2,3,False,24,False,1
4059,26,Female,9,54.13,507.64,Two year,Credit card,DSL,No,No,No,No,9,68.7,1,1,False,24,False,0
4060,39,Female,71,110.16,6305.555,Month-to-month,Bank transfer,Fiber optic,No,No,Yes,Yes,10,65.3,2,3,False,1,False,1
4061,49,Female,39,73.66,2792.15,Two year,Mailed check,DSL,Yes,No,No,No,7,73.6,1,2,False,24,False,0
4062,40,Female,1,80.78,83.84,One year,Electronic check,DSL,No,No,Yes,No,7,80.7,1,0,True,12,False,0
4063,43,Male,56,32.52,1837.54,Month-to-month,Bank transfer,No,No,No,No,No,8,129.6,2,0,False,1,False,1
4064,37,Male,6,41.11,241.56,Month-to-month,Credit card,No,No,No,No,No,7,30.5,2,2,True,1,False,1
4065,22,Male,29,111.38,3286.7,Two year,Mailed check,Fiber optic,Yes,No,No,No,6,16.6,4,6,False,24,False,1
4066,49,Female,19,116.67,2282.68,One year,Credit card,Fiber optic,Yes,No,No,No,2,74.6,1,3,False,12,False,0
4067,71,Female,18,122.16,2181.62,Month-to-month,Bank transfer,Fiber optic,Yes,No,No,No,6,81.2,4,2,False,1,True,1
4068,45,Female,30,125.55,3812.15,One year,Electronic check,Fiber optic,Yes,No,Yes,Yes,5,29.0,0,2,False,12,False,0
4069,48,Male,5,83.36,404.36,One year,Electronic check,DSL,No,Yes,Yes,Yes,11,19.3,1,0,False,12,False,1
4070,55,Male,4,138.59,528.45,Month-to-month,Electronic check,Fiber optic,Yes,No,Yes,No,3,98.9,2,1,False,1,False,1
4071,25,Male,25,134.03,3496.68,One year,Bank transfer,Fiber optic,Yes,No,No,No,7,84.4,0,1,False,12,False,0
4072,70,Male,8,83.56,645.37,Month-to-month,Bank transfer,DSL,No,Yes,Yes,Yes,6,109.7,1,5,False,1,True,1
4073,48,Female,71,100.11,6305.555,One year,Electronic check,DSL,Yes,Yes,Yes,Yes,8,11.6,3,3,False,12,False,1
4074,69,Male,14,125.66,1686.27,Two year,Bank transfer,Fiber optic,Yes,Yes,No,No,9,69.2,2,2,False,24,True,0
4075,34,Male,2,80.99,167.74,Two year,Credit card,DSL,No,No,No,No,8,55.6,3,1,False,24,False,1
4076,72,Female,27,59.75,1657.05,One year,Bank transfer,DSL,Yes,Yes,No,No,8,37.5,1,1,False,12,True,0
4077,56,Male,8,72.51,562.3,Two year,Bank transfer,DSL,Yes,No,Yes,No,9,75.0,1,0,False,24,False,1
4078,53,Female,3,73.94,228.78,Two year,Credit card,DSL,Yes,No,No,No,5,27.3,0,2,False,24,False,0
4079,48,Female,13,150.93,1930.95,Month-to-month,Credit card,Fiber optic,Yes,No,Yes,Yes,16,103.8,1,2,False,1,False,1
4080,41,Female,71,107.93,6305.555,Two year,Bank transfer,Fiber optic,No,Yes,Yes,Yes,7,55.8,2,3,False,24,False,1
4081,63,Female,12,140.0,1638.12,Month-to-month,Bank transfer,Fiber optic,No,No,Yes,Yes,9,67.3,2,5,True,1,False,1
4082,47,Female,10,128.99,1286.23,Month-to-month,Bank transfer,Fiber optic,No,No,Yes,Yes,8,46.8,1,2,False,1,False,1
4083,18,Male,14,127.06,1736.42,One year,Electronic check,Fiber optic,No,Yes,Yes,Yes,2,106.6,2,0,True,12,False,0
4084,28,Male,1,90.51,92.05,Month-to-month,Bank transfer,Fiber optic,Yes,Yes,No,No,13,54.1,2,1,False,1,False,1
4085,42,Female,3,59.61,170.86,Month-to-month,Credit card,DSL,No,No,No,No,16,91.2,0,2,False,1,False,0
4086,49,Male,45,132.87,6026.41,One year,Bank transfer,Fiber optic,Yes,Yes,Yes,Yes,9,110.2,3,2,False,12,False,0
4087,44,Female,71,112.72,6305.555,Month-to-month,Credit card,Fiber optic,Yes,Yes,Yes,Yes,8,105.9,0,6,False,1,False,1
4088,63,Male,4,33.63,130.42,Two year,Credit card,No,No,No,No,No,8,83.9,3,0,True,24,False,0
4089,18,Male,18,48.08,842.68,Month-to-month,Electronic check,No,No,No,Yes,Yes,11,27.4,2,1,False,1,False,0
4090,47,Male,71,58.0,4270.24,Two year,Mailed check,DSL,Yes,Yes,No,No,8,117.4,3,1,False,24,False,1
4091,18,Male,4,70.66,280.26,Month-to-month,Mailed check,DSL,Yes,No,No,No,8,56.2,3,1,True,1,False,1
4092,56,Male,4,91.91,372.16,One year,Electronic check,Fiber optic,Yes,No,No,No,5,100.1,2,2,True,12,False,1
4093,43,Male,62,100.17,6165.0,Month-to-month,Electronic check,DSL,Yes,Yes,Yes,No,7,60.8,2,0,True,1,False,0
4094,51,Male,29,66.71,1918.88,One year,Bank transfer,DSL,No,No,Yes,No,4,103.2,3,0,False,12,False,1
4095,32,Female,3,53.76,158.06,Month-to-month,Electronic check,DSL,Yes,No,No,No,7,38.3,0,0,False,1,False,1
4096,64,Female,12,83.82,1014.39,Month-to-month,Credit card,DSL,No,Yes,No,No,6,58.0,1,1,False,1,False,1
4097,60,Female,1,97.62,98.59,Month-to-month,Bank transfer,Fiber optic,No,No,No,No,10,58.0,2,2,True,1,False,1
4098,53,Male,13,137.99,1839.11,One year,Credit card,Fiber optic,Yes,No,No,No,6,65.3,4,1,False,12,False,1
4099,43,Male,36,33.07,1190.72,Two year,Bank transfer,No,No,No,No,No,8,51.1,2,4,True,24,False,0
4100,53,Female,19,84.95,1624.04,Month-to-month,Bank transfer,DSL,Yes,Yes,No,No,7,111.6,4,0,False,1,False,1
4101,34,Female,25,89.35,2311.39,One year,Credit card,DSL,Yes,No,Yes,No,6,65.4,4,0,False,12,False,0
4102,57,Male,9,112.74,968.02,One year,Credit card,Fiber optic,Yes,No,No,No,16,55.6,2,3,True,12,False,0
4103,69,Female,4,108.42,434.53,Month-to-month,Mailed check,DSL,Yes,Yes,Yes,Yes,6,60.0,5,3,False,1,True,1
4104,61,Female,1,47.04,45.28,Month-to-month,Bank transfer,No,No,Yes,Yes,Yes,4,70.7,2,4,False,1,False,1
4105,34,Female,41,82.95,3464.04,Month-to-month,Credit card,DSL,No,No,Yes,No,6,20.4,1,1,False,1,False,0
4106,50,Female,24,26.15,652.35,Month-to-month,Bank transfer,No,No,No,No,No,10,51.8,2,3,False,1,False,1
4107,25,Male,6,97.55,580.89,Month-to-month,Credit card,Fiber optic,Yes,Yes,No,No,10,55.3,0,2,True,1,False,1
4108,53,Female,13,112.16,1477.88,Month-to-month,Credit card,Fiber optic,No,Yes,No,No,11,67.8,0,1,False,1,False,1
4109,51,Female,38,112.74,4228.19,Month-to-month,Credit card,Fiber optic,No,No,Yes,Yes,10,8.9,4,2,True,1,False,1
4110,18,Female,18,37.47,691.72,Two year,Bank transfer,No,No,Yes,No,No,6,111.8,2,0,False,24,False,1
4111,27,Female,8,132.42,1068.82,Two year,Electronic check,Fiber optic,No,Yes,Yes,Yes,9,17.7,3,2,False,24,False,1
4112,40,Male,7,96.21,680.68,One year,Bank transfer,Fiber optic,No,No,No,No,9,38.2,2,1,False,12,False,0
4113,40,Female,5,138.33,669.06,One year,Bank transfer,Fiber optic,No,No,Yes,No,6,97.6,1,2,True,12,False,0
4114,26,Female,41,114.28,4454.41,Month-to-month,Bank transfer,Fiber optic,Yes,No,No,No,9,27.1,1,4,True,1,False,0
4115,50,Female,20,65.7,1330.53,Month-to-month,Bank transfer,No,No,No,Yes,Yes,10,79.7,0,0,True,1,False,0
4116,48,Female,29,63.51,1770.38,Month-to-month,Electronic check,DSL,No,No,No,No,8,61.7,1,0,False,1,False,1
4117,42,Female,47,94.36,4272.37,One year,Credit card,DSL,Yes,No,Yes,Yes,7,29.4,1,3,False,12,False,0
4118,33,Male,71,83.19,5788.23,Two year,Electronic check,DSL,No,No,Yes,Yes,7,114.5,0,0,False,24,False,0
4119,60,Female,6,68.64,407.72,Month-to-month,Electronic check,DSL,Yes,No,Yes,Yes,9,121.8,2,1,False,1,False,1
4120,69,Female,4,115.39,449.78,Month-to-month,Bank transfer,Fiber optic,No,No,Yes,No,11,37.2,1,1,True,1,True,1
4121,37,Male,14,99.07,1449.88,One year,Bank transfer,DSL,Yes,Yes,Yes,Yes,7,70.4,1,1,True,12,False,0
4122,35,Female,1,135.94,138.34,Two year,Credit card,Fiber optic,No,No,Yes,Yes,8,28.5,3,0,True,24,False,1
4123,52,Male,37,123.89,4443.76,Month-to-month,Bank transfer,Fiber optic,No,No,Yes,Yes,7,33.6,1,1,False,1,False,0
4124,39,Female,51,109.42,5750.0,Month-to-month,Mailed check,Fiber optic,Yes,Yes,Yes,No,13,32.5,2,1,False,1,False,1
4125,42,Male,27,85.3,2252.5,Two year,Mailed check,Fiber optic,Yes,No,No,No,8,33.4,3,4,False,24,False,1
4126,56,Male,7,65.86,474.84,Month-to-month,Bank transfer,DSL,Yes,Yes,No,No,13,98.6,0,2,True,1,False,0
4127,18,Female,3,20.98,62.75,One year,Credit card,No,No,Yes,No,No,6,35.2,2,1,False,12,False,0
4128,64,Male,11,101.34,1112.51,Two year,Electronic check,DSL,Yes,Yes,Yes,Yes,9,29.8,1,2,True,24,False,0
4129,46,Female,43,139.33,5920.76,Two year,Bank transfer,Fiber optic,Yes,Yes,Yes,No,9,44.8,4,2,False,24,False,0
4130,38,Male,10,79.69,776.73,Month-to-month,Bank transfer,DSL,No,Yes,Yes,Yes,8,105.2,1,3,False,1,False,0
4131,43,Male,1,77.08,78.52,Month-to-month,Credit card,DSL,No,Yes,Yes,Yes,4,78.6,2,1,True,1,False,1
4132,44,Female,7,45.63,319.52,Month-to-month,Credit card,No,No,No,Yes,Yes,11,49.3,1,3,True,1,False,1
4133,19,Male,71,113.38,6305.555,One year,Bank transfer,Fiber optic,No,Yes,Yes,No,8,122.9,2,1,False,12,False,0
4134,67,Female,27,66.09,1752.59,One year,Credit card,DSL,No,Yes,No,No,5,129.8,3,0,True,12,True,1
4135,45,Male,55,105.84,5976.19,Two year,Electronic check,Fiber optic,No,Yes,Yes,Yes,9,123.2,1,1,False,24,False,1
4136,51,Male,35,107.02,3669.08,Month-to-month,Bank transfer,Fiber optic,Yes,Yes,Yes,Yes,6,49.6,0,2,False,1,False,1
4137,59,Female,18,66.96,1227.6,One year,Bank transfer,DSL,No,No,No,No,7,108.1,2,1,True,12,False,0
4138,29,Female,3,134.81,392.42,Month-to-month,Bank transfer,Fiber optic,No,Yes,Yes,Yes,13,94.3,3,0,True,1,False,1
4139,52,Male,10,145.08,1488.04,Month-to-month,Credit card,Fiber optic,Yes,No,Yes,Yes,8,87.7,2,0,False,1,False,1
4140,40,Female,21,53.09,1106.83,Month-to-month,Credit card,No,No,Yes,Yes,No,6,97.8,1,2,False,1,False,1
4141,57,Female,49,108.09,5035.81,Month-to-month,Credit card,Fiber optic,Yes,Yes,Yes,Yes,7,118.0,1,0,False,1,False,0
4142,18,Male,7,100.42,713.46,Two year,Bank transfer,Fiber optic,No,No,No,No,10,71.7,2,4,False,24,False,1
4143,43,Male,3,120.55,364.41,Month-to-month,Credit card,Fiber optic,No,No,No,No,7,7.3,3,1,False,1,False,1
4144,35,Female,19,82.48,1578.09,Month-to-month,Mailed check,DSL,Yes,Yes,No,No,8,32.8,3,0,False,1,False,1
4145,51,Male,4,108.8,454.87,Month-to-month,Electronic check,Fiber optic,Yes,No,Yes,No,8,66.7,4,0,False,1,False,1
4146,52,Female,22,42.26,918.0,Month-to-month,Bank transfer,No,No,No,No,No,6,66.8,0,1,True,1,False,1
4147,34,Female,7,51.83,377.34,Month-to-month,Bank transfer,DSL,Yes,No,No,No,14,83.4,2,2,False,1,False,1
4148,34,Female,6,74.21,423.1,Two year,Credit card,DSL,No,No,Yes,Yes,5,68.6,1,1,False,24,False,0
4149,43,Female,12,116.81,1466.58,Two year,Bank transfer,Fiber optic,No,No,Yes,Yes,6,31.5,4,3,False,24,False,1
4150,31,Female,21,87.18,1840.27,Month-to-month,Bank transfer,DSL,Yes,No,No,No,11,65.7,1,3,False,1,False,1
4151,57,Female,18,47.63,858.16,One year,Credit card,No,No,Yes,No,No,13,64.1,0,1,False,12,False,1
4152,39,Male,6,85.53,533.26,Month-to-month,Credit card,DSL,Yes,Yes,Yes,Yes,9,63.8,0,3,True,1,False,1
4153,18,Female,53,129.62,6305.555,Month-to-month,Electronic check,Fiber optic,No,No,Yes,No,6,94.8,0,2,True,1,False,0
4154,39,Male,2,68.55,137.4,One year,Mailed check,DSL,Yes,Yes,Yes,Yes,5,56.5,0,4,False,12,False,0
4155,29,Female,1,76.03,75.15,Month-to-month,Electronic check,DSL,Yes,Yes,No,No,10,97.0,1,2,False,1,False,1
4156,20,Male,22,124.14,2774.55,Month-to-month,Credit card,Fiber optic,No,No,Yes,Yes,11,23.8,2,1,False,1,False,1
4157,26,Male,3,103.0,295.19,Month-to-month,Electronic check,Fiber optic,No,Yes,No,No,11,8.7,2,1,True,1,False,1
4158,46,Male,16,78.79,1228.85,Month-to-month,Electronic check,DSL,No,Yes,No,No,6,19.1,2,6,False,1,False,1
4159,64,Female,71,77.95,5388.38,Month-to-month,Mailed check,DSL,No,Yes,Yes,Yes,16,69.0,5,1,True,1,False,0
4160,49,Male,28,96.94,2715.83,Month-to-month,Bank transfer,DSL,No,Yes,Yes,Yes,6,68.4,3,6,False,1,False,0
4161,35,Male,23,54.56,1204.24,Month-to-month,Bank transfer,DSL,No,No,No,No,12,95.1,1,3,False,1,False,0
4162,51,Female,20,133.81,2759.52,One year,Bank transfer,Fiber optic,No,No,Yes,Yes,7,8.2,5,0,False,12,False,1
4163,38,Male,4,96.02,376.06,Month-to-month,Mailed check,Fiber optic,Yes,Yes,No,No,11,26.5,1,1,True,1,False,1
4164,34,Male,13,102.07,1343.16,Month-to-month,Electronic check,DSL,No,No,Yes,Yes,12,68.6,3,3,False,1,False,1
4165,27,Female,10,61.72,606.94,Month-to-month,Bank transfer,DSL,Yes,Yes,No,No,8,125.2,5,1,False,1,False,0
4166,18,Male,71,97.88,6305.555,Two year,Mailed check,Fiber optic,Yes,No,Yes,Yes,8,32.9,2,2,False,24,False,0
4167,39,Male,6,90.55,535.35,Month-to-month,Credit card,DSL,Yes,Yes,Yes,Yes,8,72.1,4,1,False,1,False,1
4168,47,Female,15,101.73,1507.53,Two year,Bank transfer,Fiber optic,No,Yes,No,No,16,75.2,6,1,False,24,False,1
4169,43,Male,66,117.55,6305.555,Month-to-month,Credit card,Fiber optic,Yes,Yes,No,No,13,102.9,4,0,False,1,False,1
4170,38,Male,37,99.27,3608.19,Two year,Electronic check,DSL,No,No,Yes,Yes,4,93.0,0,2,False,24,False,1
4171,30,Male,71,76.04,5294.49,Month-to-month,Bank transfer,DSL,No,Yes,No,No,3,119.9,3,5,False,1,False,1
4172,54,Male,22,85.22,1863.02,Month-to-month,Electronic check,DSL,Yes,No,Yes,No,6,75.0,1,3,False,1,False,0
4173,25,Female,9,108.77,994.94,Month-to-month,Electronic check,Fiber optic,No,Yes,Yes,Yes,10,81.8,3,2,True,1,False,1
4174,56,Female,42,124.56,5140.57,One year,Electronic check,Fiber optic,No,No,No,No,14,27.4,5,3,False,12,False,1
4175,29,Female,8,136.15,1122.93,One year,Credit card,Fiber optic,No,Yes,Yes,Yes,6,59.4,0,3,False,12,False,1
4176,33,Female,4,54.33,224.29,Month-to-month,Bank transfer,No,No,Yes,No,No,9,127.2,3,3,False,1,False,1
4177,22,Male,29,117.36,3304.28,Month-to-month,Electronic check,Fiber optic,Yes,Yes,No,No,10,22.8,2,1,True,1,False,1
4178,37,Female,24,144.18,3380.71,One year,Bank transfer,Fiber optic,No,No,Yes,Yes,8,94.0,0,0,False,12,False,1
4179,59,Female,50,78.92,3749.61,Two year,Credit card,DSL,Yes,No,No,No,10,38.7,0,5,False,24,False,0
4180,52,Male,71,78.51,5569.46,Two year,Bank transfer,DSL,No,Yes,Yes,No,12,99.4,1,0,False,24,False,0
4181,59,Male,46,85.63,4101.58,One year,Bank transfer,DSL,No,Yes,No,No,7,41.4,1,2,False,12,False,0
4182,52,Male,1,117.73,121.05,Month-to-month,Bank transfer,Fiber optic,Yes,No,Yes,Yes,5,72.3,0,1,False,1,False,1
4183,28,Female,26,79.34,2157.83,Month-to-month,Electronic check,DSL,Yes,No,No,No,6,50.5,2,1,True,1,False,1
4184,40,Male,36,112.62,3938.46,Two year,Bank transfer,Fiber optic,No,No,Yes,No,7,127.6,2,0,False,24,False,1
4185,33,Male,71,104.15,6305.555,Two year,Credit card,Fiber optic,Yes,No,Yes,Yes,2,30.5,2,1,True,24,False,0
4186,64,Male,11,82.76,898.04,Two year,Electronic check,DSL,Yes,Yes,Yes,Yes,4,101.7,2,1,True,24,False,0
4187,27,Female,4,115.98,469.3,One year,Credit card,Fiber optic,No,Yes,Yes,No,16,91.3,1,4,True,12,False,0
4188,58,Female,46,77.48,3651.07,Two year,Electronic check,DSL,No,Yes,Yes,No,15,21.4,0,0,False,24,False,1
4189,58,Female,9,117.24,1012.42,Two year,Electronic check,Fiber optic,Yes,Yes,Yes,No,11,81.3,2,1,False,24,False,1
4190,72,Female,21,119.71,2410.29,One year,Mailed check,Fiber optic,Yes,No,No,No,5,70.6,0,1,False,12,True,0
4191,38,Female,11,108.21,1143.75,One year,Electronic check,Fiber optic,No,No,Yes,No,7,49.1,3,0,False,12,False,1
4192,55,Female,12,89.68,1052.57,Month-to-month,Bank transfer,DSL,No,No,Yes,Yes,15,45.4,1,0,False,1,False,0
4193,79,Female,31,72.31,2296.47,One year,Mailed check,DSL,No,No,Yes,Yes,8,58.3,5,2,True,12,True,1
4194,35,Male,10,113.26,1148.3,Two year,Bank transfer,Fiber optic,No,No,Yes,Yes,4,29.1,4,1,False,24,False,1
4195,21,Male,28,79.76,2188.68,Month-to-month,Mailed check,DSL,No,No,No,No,4,123.7,3,0,True,1,False,0
4196,18,Male,1,33.94,35.15,One year,Credit card,No,No,No,No,No,10,72.4,0,2,False,12,False,1
4197,55,Female,9,50.49,464.8,Month-to-month,Electronic check,DSL,No,No,No,No,5,97.1,1,3,True,1,False,1
4198,18,Female,9,33.24,313.31,Two year,Bank transfer,No,No,No,No,No,10,99.8,0,0,False,24,False,0
4199,39,Male,33,56.21,1889.36,One year,Credit card,No,No,No,Yes,Yes,2,15.3,2,0,False,12,False,0
4200,51,Male,9,81.01,744.93,Two year,Bank transfer,DSL,No,No,Yes,Yes,8,15.3,2,2,False,24,False,1
4201,47,Female,24,73.46,1820.05,One year,Mailed check,DSL,No,Yes,No,No,7,115.7,2,4,False,12,False,1
4202,51,Female,27,114.43,3221.06,Month-to-month,Bank transfer,Fiber optic,Yes,No,Yes,Yes,8,69.2,3,1,False,1,False,1
4203,48,Female,25,77.17,1886.3,Month-to-month,Bank transfer,DSL,No,No,Yes,Yes,10,43.8,0,3,False,1,False,1
4204,64,Female,22,117.13,2614.46,One year,Credit card,Fiber optic,No,No,No,No,7,9.8,3,3,False,12,False,1
4205,30,Female,12,92.85,1104.43,Month-to-month,Credit card,DSL,Yes,No,No,No,5,47.0,1,3,True,1,False,0
4206,34,Female,11,72.92,780.42,One year,Bank transfer,DSL,No,Yes,Yes,Yes,13,113.1,0,1,True,12,False,0
4207,33,Female,19,72.19,1329.38,Month-to-month,Bank transfer,DSL,Yes,Yes,No,No,5,26.3,1,3,False,1,False,1
4208,57,Female,1,74.63,71.63,Two year,Bank transfer,DSL,Yes,No,No,No,7,86.8,3,3,True,24,False,1
4209,58,Male,50,133.19,6305.555,Month-to-month,Electronic check,Fiber optic,Yes,No,No,No,12,130.0,1,3,False,1,False,1
4210,51,Female,41,45.83,1787.23,Two year,Bank transfer,No,No,Yes,No,No,6,37.1,1,4,False,24,False,0
4211,62,Female,10,94.03,986.82,One year,Bank transfer,DSL,Yes,Yes,Yes,No,10,22.6,5,3,False,12,False,0
4212,27,Female,20,141.33,2957.95,Month-to-month,Credit card,Fiber optic,No,No,Yes,Yes,12,9.3,3,2,False,1,False,1
4213,70,Male,64,124.85,6305.555,One year,Electronic check,Fiber optic,Yes,Yes,Yes,Yes,6,83.9,5,1,False,12,True,1
4214,67,Male,7,67.56,484.4,Two year,Mailed check,DSL,Yes,Yes,Yes,Yes,10,65.7,3,2,True,24,True,1
4215,56,Female,32,108.95,3471.87,One year,Bank transfer,Fiber optic,No,No,No,No,5,75.4,2,1,True,12,False,0
4216,71,Male,2,105.12,204.34,Month-to-month,Credit card,Fiber optic,Yes,No,No,No,11,15.9,3,2,False,1,True,1
4217,20,Male,17,95.39,1660.4,Two year,Mailed check,DSL,Yes,No,Yes,Yes,5,76.3,2,2,False,24,False,0
4218,37,Male,51,138.24,6305.555,Month-to-month,Credit card,Fiber optic,Yes,No,Yes,Yes,16,101.0,1,2,False,1,False,1
4219,33,Female,19,112.35,2212.81,Month-to-month,Electronic check,Fiber optic,No,Yes,No,No,15,15.2,3,1,True,1,False,1
4220,55,Female,22,81.52,1858.09,One year,Electronic check,DSL,Yes,No,No,No,5,35.7,1,1,True,12,False,0
4221,29,Female,57,126.87,6305.555,Month-to-month,Bank transfer,Fiber optic,Yes,No,No,No,3,39.4,3,1,True,1,False,0
4222,56,Female,30,95.62,2925.53,Month-to-month,Credit card,DSL,No,Yes,Yes,Yes,3,89.1,1,2,False,1,False,0
4223,65,Female,28,136.41,3816.57,One year,Credit card,Fiber optic,Yes,No,Yes,Yes,8,20.4,2,4,False,12,True,1
4224,55,Female,21,140.77,2974.18,One year,Bank transfer,Fiber optic,No,No,Yes,Yes,5,82.5,4,2,True,12,False,1
4225,49,Female,24,61.46,1454.22,Month-to-month,Electronic check,DSL,No,No,No,No,2,12.0,1,4,True,1,False,0
4226,30,Male,39,108.2,4287.07,One year,Credit card,Fiber optic,Yes,No,Yes,Yes,10,20.0,4,1,False,12,False,1
4227,32,Female,71,130.33,6305.555,One year,Bank transfer,Fiber optic,Yes,No,No,No,15,60.4,2,0,True,12,False,1
4228,63,Female,38,82.76,3299.5,One year,Bank transfer,Fiber optic,No,Yes,No,No,13,79.1,1,2,True,12,False,1
4229,56,Female,29,96.21,2668.21,Two year,Bank transfer,DSL,Yes,Yes,Yes,Yes,6,27.9,1,4,False,24,False,0
4230,44,Female,3,99.42,301.32,Month-to-month,Electronic check,Fiber optic,No,Yes,No,No,12,55.4,1,0,False,1,False,1
4231,38,Female,40,135.28,5297.91,One year,Mailed check,Fiber optic,No,No,Yes,No,9,99.7,0,1,True,12,False,0
4232,18,Female,31,136.71,4374.55,One year,Bank transfer,Fiber optic,Yes,No,Yes,Yes,5,100.2,1,0,False,12,False,0
4233,28,Female,35,98.07,3477.04,One year,Bank transfer,Fiber optic,No,No,No,No,6,32.2,1,1,True,12,False,0
4234,73,Female,6,66.79,405.04,Month-to-month,Bank transfer,DSL,Yes,No,No,No,12,38.9,2,2,False,1,True,1
4235,25,Male,56,82.08,4710.73,Month-to-month,Electronic check,DSL,Yes,No,Yes,Yes,10,38.8,3,4,False,1,False,1
4236,47,Male,2,111.68,214.83,Month-to-month,Electronic check,Fiber optic,Yes,No,No,No,9,29.6,1,2,False,1,False,1
4237,60,Female,7,101.49,697.05,One year,Bank transfer,Fiber optic,No,Yes,Yes,Yes,11,92.2,1,2,False,12,False,0
4238,26,Female,26,38.0,988.58,Month-to-month,Bank transfer,No,No,Yes,Yes,No,11,101.5,4,2,True,1,False,0
4239,47,Male,26,69.76,1781.11,Month-to-month,Electronic check,DSL,No,No,No,No,9,85.1,1,2,False,1,False,1
4240,59,Female,9,134.46,1162.96,One year,Bank transfer,Fiber optic,No,No,Yes,Yes,5,14.8,3,1,False,12,False,0
4241,45,Female,29,122.2,3476.31,Two year,Bank transfer,Fiber optic,No,Yes,No,No,9,36.9,2,2,True,24,False,0
4242,80,Male,11,110.96,1215.48,Month-to-month,Bank transfer,Fiber optic,No,No,Yes,Yes,6,56.6,4,2,True,1,True,1
4243,19,Female,1,114.87,110.82,Two year,Credit card,Fiber optic,Yes,Yes,No,No,8,12.4,1,2,False,24,False,0
4244,60,Female,4,70.12,285.02,Month-to-month,Bank transfer,DSL,Yes,No,Yes,No,13,11.9,2,0,False,1,False,1
4245,42,Female,51,131.22,6305.555,Month-to-month,Bank transfer,Fiber optic,Yes,No,Yes,Yes,12,61.9,2,1,False,1,False,1
4246,56,Male,6,116.15,724.19,One year,Electronic check,Fiber optic,Yes,No,Yes,Yes,9,36.2,2,4,True,12,False,1
4247,51,Male,2,76.78,151.45,Month-to-month,Credit card,DSL,No,No,No,No,9,44.3,2,3,False,1,False,1
4248,34,Female,27,98.03,2609.47,Two year,Electronic check,Fiber optic,Yes,No,Yes,Yes,8,113.3,2,0,False,24,False,0
4249,48,Male,13,100.88,1273.39,Month-to-month,Bank transfer,Fiber optic,No,Yes,Yes,Yes,11,51.7,1,3,True,1,False,1
4250,18,Male,38,72.07,2733.71,Month-to-month,Mailed check,DSL,No,No,No,No,6,112.1,1,2,True,1,False,0
4251,54,Male,47,96.53,4687.61,One year,Bank transfer,DSL,Yes,No,Yes,Yes,11,41.5,2,2,False,12,False,0
4252,49,Female,44,107.49,4770.59,One year,Credit card,Fiber optic,Yes,Yes,Yes,Yes,8,51.8,3,3,False,12,False,1
4253,54,Male,9,89.62,831.6,Two year,Credit card,DSL,Yes,Yes,Yes,No,9,111.6,1,1,True,24,False,1
4254,60,Male,16,57.1,956.43,Month-to-month,Electronic check,DSL,No,No,No,No,6,125.1,0,1,False,1,False,0
4255,50,Male,25,109.69,2776.6,Month-to-month,Credit card,Fiber optic,No,Yes,No,No,6,71.3,1,2,False,1,False,0
4256,47,Female,9,75.32,655.42,Month-to-month,Bank transfer,DSL,Yes,No,Yes,No,9,75.6,0,2,False,1,False,0
4257,31,Male,1,132.28,129.67,One year,Bank transfer,Fiber optic,No,No,Yes,Yes,4,23.7,4,0,True,12,False,0
4258,34,Male,16,95.93,1559.65,One year,Bank transfer,DSL,Yes,Yes,Yes,Yes,6,110.0,0,2,False,12,False,0
4259,62,Female,1,132.84,136.59,Two year,Bank transfer,Fiber optic,No,No,Yes,Yes,9,121.8,2,0,False,24,False,1
4260,66,Male,71,72.59,5307.26,One year,Bank transfer,DSL,No,Yes,Yes,No,6,48.1,3,0,False,12,True,1
4261,41,Male,38,92.88,3557.31,Two year,Bank transfer,DSL,Yes,No,Yes,Yes,9,16.3,4,6,False,24,False,1
4262,45,Male,5,113.03,589.28,Two year,Electronic check,Fiber optic,No,Yes,No,No,7,18.8,2,1,False,24,False,1
4263,31,Female,8,71.12,568.76,Month-to-month,Electronic check,DSL,No,Yes,No,No,7,95.9,2,2,False,1,False,1
4264,62,Female,71,98.01,6305.555,Month-to-month,Credit card,Fiber optic,Yes,No,No,No,4,97.9,0,4,False,1,False,1
4265,54,Male,11,127.74,1378.77,Month-to-month,Mailed check,Fiber optic,No,No,No,No,6,24.0,1,1,False,1,False,1
4266,74,Male,36,140.93,5017.09,Month-to-month,Credit card,Fiber optic,Yes,No,Yes,Yes,7,127.6,2,3,False,1,True,0
4267,31,Male,14,99.95,1362.14,Month-to-month,Credit card,DSL,Yes,Yes,Yes,Yes,9,98.3,2,2,True,1,False,0
4268,39,Male,47,120.93,5854.36,Month-to-month,Mailed check,Fiber optic,No,No,Yes,Yes,5,128.6,2,3,True,1,False,1
4269,48,Male,29,110.22,3100.21,Month-to-month,Credit card,Fiber optic,No,No,No,No,9,69.2,0,5,False,1,False,0
4270,54,Male,1,99.58,96.91,Month-to-month,Credit card,DSL,Yes,No,Yes,No,14,94.2,3,3,False,1,False,1
4271,41,Female,8,77.65,596.8,Month-to-month,Electronic check,DSL,Yes,Yes,No,No,7,124.4,2,1,True,1,False,1
4272,31,Male,19,122.77,2387.35,Month-to-month,Credit card,Fiber optic,No,No,No,No,10,101.6,1,3,True,1,False,1
4273,58,Male,62,25.61,1520.49,Month-to-month,Bank transfer,No,No,Yes,No,No,12,128.3,3,4,True,1,False,1
4274,55,Male,2,71.25,136.22,Month-to-month,Mailed check,DSL,No,Yes,No,No,12,102.5,3,1,False,1,False,1
4275,31,Female,22,51.27,1142.07,Month-to-month,Electronic check,No,No,No,Yes,No,11,52.1,0,2,False,1,False,0
4276,65,Male,8,122.5,967.8,Two year,Mailed check,Fiber optic,Yes,No,No,No,12,39.4,3,4,True,24,True,0
4277,62,Female,52,80.81,4381.58,Month-to-month,Credit card,DSL,No,No,No,No,3,42.5,5,2,False,1,False,1
4278,47,Male,34,129.08,4554.23,Two year,Electronic check,Fiber optic,Yes,No,No,No,9,60.7,1,2,False,24,False,1
4279,46,Male,11,81.5,896.21,One year,Credit card,DSL,No,Yes,Yes,No,7,14.4,3,0,False,12,False,0
4280,53,Male,4,92.4,354.15,Month-to-month,Mailed check,Fiber optic,No,Yes,No,No,10,27.4,2,4,False,1,False,1
4281,32,Male,1,137.4,138.09,Month-to-month,Credit card,Fiber optic,No,No,Yes,Yes,15,23.1,3,3,False,1,False,1
4282,45,Male,23,91.18,2200.81,Month-to-month,Bank transfer,Fiber optic,No,No,No,No,4,85.5,5,2,False,1,False,1
4283,18,Male,12,45.44,554.02,Month-to-month,Credit card,No,No,No,Yes,Yes,6,83.8,1,3,False,1,False,1
4284,58,Female,9,69.89,647.51,One year,Credit card,DSL,Yes,No,No,No,9,111.9,3,1,True,12,False,0
4285,21,Male,71,138.6,6305.555,Two year,Credit card,Fiber optic,No,No,Yes,No,7,40.6,1,2,False,24,False,0
4286,67,Male,15,57.4,824.36,Two year,Credit card,DSL,No,Yes,No,No,13,42.5,3,2,True,24,True,0
4287,40,Male,33,112.62,3879.91,One year,Bank transfer,Fiber optic,Yes,Yes,Yes,Yes,13,71.7,4,0,False,12,False,1
4288,41,Female,4,100.85,396.53,Month-to-month,Electronic check,Fiber optic,No,Yes,No,No,11,27.4,1,0,False,1,False,1
4289,35,Male,1,120.21,116.02,Month-to-month,Credit card,Fiber optic,No,No,Yes,Yes,6,129.2,1,3,False,1,False,1
4290,40,Female,12,116.84,1353.76,One year,Bank transfer,Fiber optic,No,Yes,No,No,7,37.4,3,2,True,12,False,0
4291,66,Male,26,56.4,1413.04,Two year,Bank transfer,No,No,No,Yes,Yes,6,120.6,2,2,False,24,True,1
4292,18,Male,16,61.17,971.83,Month-to-month,Electronic check,DSL,No,Yes,No,No,8,46.2,2,1,False,1,False,1
4293,64,Female,53,78.61,4316.33,Two year,Credit card,DSL,No,No,Yes,No,7,7.3,2,4,False,24,False,0
4294,50,Female,13,67.78,850.06,Month-to-month,Credit card,DSL,Yes,No,No,No,10,39.3,2,2,False,1,False,1
4295,26,Male,8,120.79,991.0,Month-to-month,Bank transfer,Fiber optic,No,No,No,No,5,18.8,4,3,False,1,False,1
4296,28,Female,59,135.17,6305.555,Two year,Bank transfer,Fiber optic,Yes,No,No,No,5,8.4,0,4,False,24,False,0
4297,70,Female,12,106.64,1231.12,Two year,Electronic check,Fiber optic,Yes,Yes,Yes,Yes,3,128.3,1,4,False,24,True,0
4298,30,Male,7,100.66,677.58,One year,Bank transfer,Fiber optic,Yes,No,No,No,7,108.2,2,4,False,12,False,1
4299,27,Male,2,148.7,297.89,Month-to-month,Bank transfer,Fiber optic,No,No,Yes,Yes,3,72.5,2,0,True,1,False,0
4300,62,Male,37,50.07,1922.92,Month-to-month,Electronic check,DSL,No,No,No,No,10,99.2,2,2,False,1,False,1
4301,50,Female,41,125.7,5279.53,Month-to-month,Electronic check,Fiber optic,No,No,Yes,Yes,11,43.7,1,1,False,1,False,1
4302,30,Male,1,74.96,77.69,One year,Bank transfer,DSL,Yes,No,Yes,Yes,10,106.9,1,2,False,12,False,1
4303,48,Male,10,53.76,557.18,Month-to-month,Bank transfer,No,No,No,Yes,Yes,10,56.5,1,1,False,1,False,1
4304,29,Female,33,108.67,3447.78,One year,Bank transfer,Fiber optic,No,No,Yes,Yes,12,106.9,0,0,False,12,False,0
4305,61,Female,70,101.17,6305.555,Month-to-month,Bank transfer,Fiber optic,Yes,No,Yes,No,7,97.7,4,4,False,1,False,0
4306,60,Male,11,109.84,1243.15,Month-to-month,Bank transfer,Fiber optic,No,No,Yes,Yes,9,18.1,3,2,False,1,False,1
4307,52,Female,49,119.01,6093.68,One year,Bank transfer,Fiber optic,Yes,Yes,Yes,No,11,72.6,1,0,False,12,False,1
4308,50,Female,12,99.12,1211.34,Two year,Electronic check,Fiber optic,Yes,No,No,No,9,53.9,3,2,False,24,False,0
4309,71,Female,4,77.44,320.8,Month-to-month,Credit card,DSL,No,No,No,No,8,52.2,5,1,False,1,True,1
4310,44,Male,1,92.5,91.31,Two year,Bank transfer,DSL,Yes,No,Yes,Yes,9,30.8,2,3,True,24,False,1
4311,27,Male,9,43.86,402.87,Month-to-month,Bank transfer,No,No,Yes,Yes,Yes,8,13.6,2,2,False,1,False,0
4312,51,Male,11,106.17,1152.73,One year,Mailed check,Fiber optic,No,Yes,Yes,Yes,10,88.4,3,1,False,12,False,0
4313,76,Female,69,43.33,2898.52,Two year,Credit card,No,No,No,Yes,Yes,6,108.1,2,2,False,24,True,0
4314,29,Male,5,63.2,302.26,Month-to-month,Bank transfer,No,No,No,Yes,No,12,85.5,2,1,False,1,False,1
4315,39,Male,11,129.91,1483.96,Month-to-month,Bank transfer,Fiber optic,No,Yes,Yes,Yes,4,77.2,2,5,False,1,False,0
4316,51,Female,1,108.19,103.48,Month-to-month,Bank transfer,Fiber optic,No,No,Yes,Yes,5,35.3,2,3,True,1,False,1
4317,44,Female,34,98.3,3509.21,Month-to-month,Electronic check,DSL,Yes,Yes,Yes,Yes,13,37.5,1,2,False,1,False,1
4318,30,Male,59,106.19,6271.92,One year,Electronic check,DSL,Yes,Yes,Yes,No,10,52.8,2,4,False,12,False,1
4319,61,Female,6,124.46,747.05,Month-to-month,Bank transfer,Fiber optic,No,No,Yes,No,5,5.9,2,1,False,1,False,1
4320,79,Male,13,79.1,984.44,Month-to-month,Bank transfer,DSL,Yes,No,Yes,Yes,10,46.8,4,5,False,1,True,1
4321,47,Male,3,83.86,240.88,One year,Electronic check,DSL,Yes,Yes,Yes,Yes,6,22.3,2,3,False,12,False,1
4322,31,Male,14,131.71,1884.16,One year,Bank transfer,Fiber optic,Yes,Yes,Yes,Yes,8,18.9,2,0,False,12,False,1
4323,21,Female,3,31.74,94.68,Month-to-month,Credit card,No,No,No,No,No,6,77.1,5,1,False,1,False,1
4324,48,Female,17,46.25,760.9,One year,Mailed check,No,No,No,Yes,No,11,22.7,1,1,True,12,False,0
4325,61,Male,31,99.7,2998.76,One year,Credit card,DSL,No,No,Yes,No,9,77.8,1,1,False,12,False,0
4326,52,Male,19,42.97,794.53,Month-to-month,Credit card,No,No,Yes,Yes,No,7,14.1,1,3,False,1,False,1
4327,44,Male,6,119.47,739.07,One year,Mailed check,Fiber optic,No,Yes,Yes,No,11,123.8,2,3,False,12,False,1
4328,36,Male,10,109.9,1111.27,Two year,Credit card,Fiber optic,Yes,Yes,No,No,7,58.0,1,1,False,24,False,1
4329,28,Female,24,77.12,1771.71,Month-to-month,Credit card,DSL,No,Yes,Yes,No,13,40.8,1,2,False,1,False,1
4330,57,Male,21,138.44,2962.66,One year,Credit card,Fiber optic,No,Yes,Yes,Yes,10,31.1,2,1,False,12,False,0
4331,58,Male,3,120.75,362.97,Two year,Electronic check,Fiber optic,Yes,No,No,No,14,86.4,1,1,True,24,False,0
4332,21,Female,44,103.58,4593.88,Two year,Bank transfer,Fiber optic,Yes,No,Yes,Yes,7,19.1,4,2,True,24,False,1
4333,68,Male,15,88.29,1298.15,One year,Bank transfer,DSL,No,No,Yes,No,8,30.0,2,0,False,12,True,0
4334,53,Male,4,128.79,490.32,One year,Credit card,Fiber optic,No,Yes,No,No,7,24.3,0,2,False,12,False,0
4335,65,Male,3,28.84,86.6,One year,Electronic check,No,No,No,No,No,8,90.6,4,2,True,12,True,1
4336,24,Male,71,30.4,2209.62,One year,Credit card,No,No,Yes,No,No,11,122.7,2,2,False,12,False,1
4337,24,Male,7,91.8,651.93,Month-to-month,Bank transfer,DSL,No,No,Yes,Yes,4,125.1,4,3,False,1,False,1
4338,42,Female,57,92.59,5247.1,Month-to-month,Bank transfer,Fiber optic,No,No,Yes,Yes,9,71.1,3,1,False,1,False,1
4339,52,Female,12,82.45,995.41,Month-to-month,Mailed check,DSL,Yes,No,Yes,Yes,5,90.4,1,4,False,1,False,0
4340,71,Female,11,116.64,1288.68,Month-to-month,Mailed check,Fiber optic,Yes,No,Yes,Yes,9,12.5,2,2,False,1,True,1
4341,55,Female,28,107.96,2983.46,Month-to-month,Bank transfer,Fiber optic,Yes,No,No,No,10,78.2,2,1,False,1,False,0
4342,41,Male,1,60.32,62.18,Month-to-month,Mailed check,DSL,Yes,No,No,No,11,5.2,4,2,False,1,False,0
4343,29,Female,9,60.03,536.66,Two year,Credit card,No,No,Yes,Yes,Yes,2,39.7,1,3,False,24,False,1
4344,63,Female,8,116.89,910.55,Two year,Bank transfer,Fiber optic,No,No,Yes,Yes,5,18.9,2,2,True,24,False,0
4345,30,Female,48,93.99,4289.98,One year,Bank transfer,DSL,Yes,Yes,Yes,Yes,9,61.3,5,2,False,12,False,1
4346,69,Female,18,83.94,1478.77,Two year,Mailed check,DSL,No,No,Yes,Yes,3,25.2,2,2,False,24,True,0
4347,40,Female,10,88.95,854.23,Two year,Credit card,DSL,Yes,No,No,No,5,115.7,1,3,True,24,False,0
4348,68,Female,7,91.95,643.73,Two year,Bank transfer,Fiber optic,Yes,No,No,No,10,118.8,1,2,False,24,True,0
4349,55,Female,21,73.75,1530.39,Month-to-month,Electronic check,DSL,Yes,No,No,No,7,87.0,0,3,False,1,False,1
4350,42,Female,3,101.44,296.74,Month-to-month,Bank transfer,Fiber optic,No,Yes,No,No,11,126.4,1,2,False,1,False,0
4351,37,Male,6,125.68,726.12,Month-to-month,Electronic check,Fiber optic,Yes,No,No,No,14,62.5,0,0,True,1,False,0
4352,39,Female,8,122.56,1010.45,Month-to-month,Electronic check,Fiber optic,Yes,No,Yes,No,14,67.5,2,2,False,1,False,1
4353,51,Male,22,78.65,1814.19,Two year,Credit card,DSL,No,No,No,No,8,15.3,3,0,False,24,False,0
4354,46,Female,11,108.35,1234.93,Month-to-month,Credit card,Fiber optic,Yes,No,Yes,Yes,7,60.0,0,0,False,1,False,1
4355,36,Female,16,76.35,1256.63,Month-to-month,Credit card,DSL,No,Yes,Yes,No,9,124.1,0,1,False,1,False,1
4356,42,Female,25,41.8,1048.26,Month-to-month,Credit card,No,No,Yes,Yes,Yes,8,30.2,1,5,True,1,False,1
4357,46,Male,71,123.95,6305.555,Month-to-month,Bank transfer,Fiber optic,No,Yes,Yes,Yes,6,56.1,2,1,False,1,False,1
4358,18,Male,34,102.03,3480.86,One year,Credit card,DSL,No,No,Yes,No,10,98.0,2,3,False,12,False,0
4359,51,Female,12,118.43,1395.87,One year,Electronic check,Fiber optic,Yes,Yes,No,No,5,48.0,1,4,False,12,False,1
4360,30,Male,33,109.48,3513.91,Month-to-month,Bank transfer,Fiber optic,Yes,No,No,No,8,81.8,2,2,True,1,False,1
4361,27,Female,71,97.68,6305.555,One year,Electronic check,DSL,Yes,Yes,Yes,Yes,9,65.6,3,1,False,12,False,0
4362,19,Male,16,99.34,1582.47,One year,Bank transfer,Fiber optic,No,Yes,No,No,14,45.7,1,0,False,12,False,0
4363,18,Male,12,139.57,1698.01,One year,Electronic check,Fiber optic,Yes,No,Yes,No,8,106.4,1,2,False,12,False,0
4364,24,Male,1,83.38,80.48,Month-to-month,Bank transfer,DSL,Yes,Yes,Yes,Yes,5,65.0,1,1,False,1,False,1
4365,34,Female,53,97.49,4914.91,Month-to-month,Bank transfer,DSL,No,No,Yes,No,5,54.0,1,2,True,1,False,1
4366,74,Male,6,126.78,724.38,Month-to-month,Electronic check,Fiber optic,No,No,Yes,Yes,8,40.8,0,1,True,1,True,1
4367,37,Male,1,138.81,136.15,One year,Bank transfer,Fiber optic,Yes,No,Yes,No,5,39.4,3,3,False,12,False,1
4368,47,Female,18,106.3,1955.63,Month-to-month,Electronic check,Fiber optic,Yes,No,No,No,9,32.1,3,4,True,1,False,1
4369,51,Male,44,50.07,2093.76,Month-to-month,Electronic check,DSL,No,No,No,No,8,43.7,2,1,False,1,False,1
4370,46,Female,12,93.58,1119.29,Month-to-month,Credit card,DSL,Yes,Yes,Yes,Yes,5,13.1,3,1,False,1,False,1
4371,43,Female,36,120.63,4254.69,One year,Bank transfer,Fiber optic,Yes,Yes,No,No,11,98.5,2,0,False,12,False,0
4372,27,Male,43,109.67,4911.02,One year,Electronic check,Fiber optic,Yes,No,Yes,Yes,8,103.5,2,2,False,12,False,1
4373,66,Female,14,139.53,2043.03,Month-to-month,Bank transfer,Fiber optic,Yes,Yes,Yes,Yes,12,10.9,1,0,False,1,True,1
4374,72,Male,21,71.19,1479.85,One year,Electronic check,DSL,No,No,No,No,5,79.7,0,3,False,12,True,1
4375,19,Male,18,74.55,1405.95,Month-to-month,Electronic check,DSL,Yes,Yes,Yes,No,7,40.4,3,2,False,1,False,1
4376,29,Female,67,109.57,6305.555,Month-to-month,Bank transfer,Fiber optic,No,No,Yes,Yes,7,84.6,1,0,True,1,False,1
4377,40,Male,31,121.56,3797.03,Month-to-month,Bank transfer,Fiber optic,No,No,Yes,Yes,10,30.0,6,3,True,1,False,0
4378,30,Male,62,69.49,4259.02,Month-to-month,Credit card,DSL,No,Yes,Yes,Yes,14,120.5,3,1,True,1,False,1
4379,52,Female,5,79.81,383.31,Two year,Bank transfer,DSL,Yes,Yes,Yes,Yes,15,6.1,1,2,False,24,False,1
4380,34,Female,8,34.71,279.17,One year,Credit card,No,No,Yes,No,No,7,44.7,2,2,False,12,False,0
4381,77,Male,1,36.16,37.37,One year,Bank transfer,No,No,Yes,No,No,9,104.8,0,5,False,12,True,0
4382,62,Female,16,81.17,1285.2,Month-to-month,Bank transfer,DSL,Yes,No,No,No,11,31.6,3,3,False,1,False,1
4383,48,Female,49,85.44,4188.78,Month-to-month,Credit card,DSL,No,No,Yes,Yes,9,8.7,0,1,False,1,False,1
4384,60,Female,9,86.19,767.82,Month-to-month,Bank transfer,DSL,Yes,Yes,Yes,Yes,8,34.1,3,1,False,1,False,1
4385,61,Female,3,75.57,231.33,One year,Credit card,DSL,Yes,No,Yes,Yes,10,100.3,4,2,False,12,False,1
4386,36,Male,1,112.87,113.44,Month-to-month,Bank transfer,Fiber optic,No,Yes,Yes,Yes,8,25.4,1,1,True,1,False,1
4387,32,Male,14,68.81,964.69,Month-to-month,Electronic check,DSL,No,No,No,No,8,48.9,1,1,False,1,False,1
4388,46,Female,4,117.69,457.47,One year,Electronic check,Fiber optic,No,Yes,Yes,Yes,7,101.9,4,3,False,12,False,1
4389,57,Male,10,110.54,1115.69,Two year,Bank transfer,Fiber optic,Yes,Yes,Yes,Yes,10,38.7,2,2,False,24,False,0
4390,47,Female,41,125.55,5144.82,Month-to-month,Electronic check,Fiber optic,No,No,Yes,Yes,8,10.1,1,3,False,1,False,1
4391,21,Female,11,97.98,1099.57,Month-to-month,Bank transfer,Fiber optic,Yes,Yes,No,No,12,125.2,1,2,False,1,False,0
4392,32,Male,22,83.85,1869.11,Month-to-month,Electronic check,DSL,No,No,Yes,No,3,12.9,1,4,True,1,False,1
4393,43,Male,16,92.88,1455.44,One year,Bank transfer,DSL,No,Yes,Yes,Yes,7,39.6,0,3,True,12,False,0
4394,43,Male,30,46.02,1398.53,Month-to-month,Bank transfer,No,No,No,Yes,Yes,12,93.7,1,4,False,1,False,1
4395,74,Male,4,116.28,477.4,One year,Credit card,Fiber optic,Yes,No,No,No,6,72.1,2,3,True,12,True,0
4396,24,Female,60,118.23,6305.555,One year,Credit card,Fiber optic,Yes,No,No,No,7,83.6,2,3,False,12,False,0
4397,52,Female,24,67.78,1626.67,Month-to-month,Mailed check,DSL,No,No,Yes,Yes,7,51.2,1,1,False,1,False,1
4398,67,Male,7,21.65,153.99,Month-to-month,Electronic check,No,No,Yes,No,No,9,11.9,1,3,False,1,True,1
4399,79,Female,3,66.4,198.67,Month-to-month,Bank transfer,DSL,Yes,No,No,No,10,15.4,5,1,False,1,True,1
4400,38,Male,3,64.39,190.07,Month-to-month,Electronic check,DSL,No,Yes,No,No,11,126.7,1,2,False,1,False,1
4401,52,Male,36,33.74,1229.42,Month-to-month,Credit card,No,No,No,No,No,8,90.8,1,0,False,1,False,0
4402,53,Male,21,117.13,2341.42,Month-to-month,Bank transfer,Fiber optic,No,Yes,Yes,Yes,14,59.7,1,2,False,1,False,1
4403,47,Female,11,116.8,1232.49,One year,Bank transfer,Fiber optic,No,Yes,No,No,5,7.5,0,3,False,12,False,0
4404,43,Female,9,63.48,553.22,Month-to-month,Mailed check,DSL,Yes,Yes,No,No,10,96.9,0,2,False,1,False,1
4405,51,Male,46,115.61,5572.81,One year,Bank transfer,Fiber optic,Yes,No,Yes,No,8,90.3,1,1,False,12,False,0
4406,18,Male,49,127.03,6091.62,Month-to-month,Credit card,Fiber optic,No,No,Yes,Yes,5,54.4,2,2,False,1,False,1
4407,55,Male,20,131.63,2632.64,One year,Mailed check,Fiber optic,Yes,No,Yes,Yes,5,112.5,1,2,False,12,False,1
4408,46,Male,17,123.89,2120.83,Two year,Credit card,Fiber optic,Yes,No,Yes,Yes,8,101.4,1,2,False,24,False,0
4409,41,Female,40,49.79,1894.59,Two year,Bank transfer,No,No,No,No,No,6,88.4,4,4,True,24,False,0
4410,75,Female,33,54.68,1728.05,Month-to-month,Credit card,DSL,No,No,No,No,11,101.2,1,2,True,1,True,0
4411,34,Male,12,60.41,699.98,One year,Bank transfer,DSL,Yes,Yes,No,No,6,99.2,0,4,False,12,False,0
4412,38,Male,2,75.57,146.88,One year,Electronic check,DSL,Yes,No,No,No,5,48.4,1,2,False,12,False,1
4413,74,Female,35,118.83,3981.34,Month-to-month,Electronic check,Fiber optic,Yes,No,No,No,6,92.5,4,5,False,1,True,1
4414,32,Male,4,117.05,475.25,One year,Credit card,Fiber optic,Yes,Yes,Yes,Yes,5,34.2,1,1,True,12,False,0
4415,36,Female,1,135.47,130.32,Two year,Electronic check,Fiber optic,No,Yes,Yes,Yes,4,61.6,0,2,False,24,False,1
4416,42,Female,44,77.9,3563.0,Month-to-month,Electronic check,DSL,No,No,No,No,4,41.9,1,2,False,1,False,1
4417,57,Male,20,63.01,1260.6,Month-to-month,Credit card,No,No,No,Yes,No,6,102.9,0,2,False,1,False,0
4418,48,Female,53,89.93,4617.09,One year,Mailed check,DSL,No,No,No,No,8,110.1,1,2,False,12,False,0
4419,25,Female,15,88.03,1284.98,Month-to-month,Electronic check,DSL,No,Yes,No,No,12,74.6,1,4,False,1,False,0
4420,37,Female,62,121.47,6305.555,Month-to-month,Credit card,Fiber optic,Yes,Yes,Yes,Yes,7,27.8,1,4,True,1,False,0
4421,35,Female,10,90.8,872.85,Month-to-month,Credit card,DSL,No,No,Yes,No,11,13.6,1,0,False,1,False,0
4422,43,Male,30,91.19,2611.17,Month-to-month,Credit card,Fiber optic,Yes,No,No,No,8,18.8,4,1,True,1,False,1
4423,51,Female,8,135.77,1118.69,Month-to-month,Bank transfer,Fiber optic,No,No,Yes,Yes,7,85.3,0,0,False,1,False,1
4424,51,Female,1,94.62,94.54,Month-to-month,Credit card,DSL,No,No,Yes,Yes,9,96.8,1,3,True,1,False,1
4425,18,Female,11,98.16,1117.55,Month-to-month,Credit card,DSL,No,No,Yes,Yes,10,123.1,2,3,False,1,False,1
4426,60,Male,32,111.15,3717.01,One year,Bank transfer,Fiber optic,Yes,Yes,Yes,Yes,10,106.7,3,1,False,12,False,1
4427,48,Male,3,110.02,328.55,Month-to-month,Electronic check,DSL,No,No,Yes,No,7,122.6,2,1,True,1,False,1
4428,65,Male,16,83.69,1312.72,Month-to-month,Credit card,DSL,Yes,No,No,No,8,90.9,4,3,False,1,True,1
4429,51,Female,5,138.84,685.19,Month-to-month,Credit card,Fiber optic,Yes,No,Yes,Yes,4,93.3,3,2,False,1,False,1
4430,61,Male,1,86.52,89.92,Month-to-month,Electronic check,DSL,Yes,Yes,Yes,No,6,18.6,2,3,False,1,False,1
4431,51,Male,23,113.55,2741.83,Month-to-month,Electronic check,Fiber optic,No,Yes,Yes,Yes,7,127.8,1,4,False,1,False,0
4432,65,Male,71,114.33,6305.555,Month-to-month,Credit card,Fiber optic,Yes,Yes,Yes,Yes,7,87.3,1,2,False,1,True,1
4433,52,Female,8,115.57,967.51,One year,Credit card,Fiber optic,No,No,Yes,Yes,12,103.5,2,2,False,12,False,1
4434,43,Male,20,86.22,1725.33,Month-to-month,Credit card,Fiber optic,Yes,No,No,No,8,31.0,2,2,False,1,False,0
4435,79,Male,71,82.93,5694.29,Month-to-month,Bank transfer,DSL,No,No,No,No,7,65.5,0,2,False,1,True,1
4436,58,Male,25,95.01,2304.6,One year,Electronic check,DSL,No,No,Yes,Yes,5,62.2,1,2,True,12,False,1
4437,53,Female,26,131.41,3378.14,Month-to-month,Bank transfer,Fiber optic,Yes,Yes,Yes,Yes,7,50.1,4,2,False,1,False,1
4438,25,Female,4,123.39,486.36,One year,Bank transfer,Fiber optic,Yes,Yes,Yes,Yes,5,13.0,0,2,False,12,False,0
4439,25,Male,16,84.9,1400.93,Two year,Electronic check,DSL,Yes,No,Yes,No,6,58.2,0,5,False,24,False,0
4440,49,Male,10,137.23,1411.74,Month-to-month,Bank transfer,Fiber optic,No,No,Yes,Yes,16,108.5,4,2,True,1,False,1
4441,47,Male,15,125.4,1810.7,Two year,Electronic check,Fiber optic,No,No,Yes,No,7,42.2,4,2,False,24,False,1
4442,35,Female,38,117.16,4254.8,Two year,Bank transfer,Fiber optic,No,No,Yes,No,7,5.8,2,2,False,24,False,0
4443,47,Female,14,103.09,1473.55,Month-to-month,Bank transfer,Fiber optic,Yes,No,Yes,Yes,8,47.4,2,1,True,1,False,0
4444,68,Male,1,65.17,64.69,Two year,Credit card,DSL,No,No,No,No,12,64.0,2,3,False,24,True,1
4445,55,Female,56,55.69,3016.25,One year,Credit card,DSL,Yes,No,No,No,9,90.8,0,2,True,12,False,0
4446,27,Male,18,98.79,1704.67,Two year,Bank transfer,DSL,Yes,Yes,Yes,Yes,7,123.9,1,5,False,24,False,0
4447,43,Female,62,60.84,3664.24,One year,Electronic check,DSL,Yes,No,No,No,10,34.3,1,0,False,12,False,1
4448,32,Male,20,32.25,674.56,One year,Bank transfer,No,No,No,No,No,11,71.8,2,2,False,12,False,0
4449,39,Female,1,52.75,50.57,Month-to-month,Credit card,DSL,Yes,Yes,No,No,7,98.2,3,4,False,1,False,1
4450,38,Male,19,76.22,1455.53,Month-to-month,Credit card,DSL,Yes,Yes,Yes,Yes,8,36.3,0,0,False,1,False,0
4451,37,Female,20,104.4,1989.07,Month-to-month,Electronic check,DSL,Yes,No,Yes,Yes,6,78.1,3,2,False,1,False,0
4452,26,Male,5,130.07,676.58,Month-to-month,Credit card,Fiber optic,Yes,No,Yes,No,13,96.4,4,2,False,1,False,1
4453,43,Male,15,108.87,1635.01,Two year,Bank transfer,Fiber optic,Yes,No,Yes,Yes,11,15.1,6,1,False,24,False,0
4454,36,Male,14,130.34,1904.58,Month-to-month,Bank transfer,Fiber optic,No,Yes,Yes,Yes,9,92.7,1,1,False,1,False,1
4455,18,Male,23,48.62,1098.65,One year,Mailed check,No,No,Yes,No,No,4,128.9,1,1,False,12,False,1
4456,75,Female,7,130.48,904.7,Month-to-month,Electronic check,Fiber optic,Yes,No,Yes,No,9,35.5,1,0,False,1,True,0
4457,61,Male,20,98.48,2018.75,Month-to-month,Bank transfer,DSL,Yes,No,Yes,Yes,3,27.3,0,2,False,1,False,0
4458,39,Female,6,113.75,712.66,Month-to-month,Bank transfer,Fiber optic,No,No,Yes,No,8,119.4,2,2,True,1,False,1
4459,45,Female,14,114.21,1541.39,Month-to-month,Mailed check,Fiber optic,Yes,No,No,No,7,31.9,3,3,False,1,False,0
4460,27,Male,3,76.28,226.5,Two year,Electronic check,DSL,Yes,Yes,No,No,7,114.1,1,0,False,24,False,0
4461,70,Male,1,77.29,80.93,Month-to-month,Credit card,DSL,Yes,No,Yes,Yes,13,41.6,5,1,False,1,True,1
4462,73,Male,9,118.23,1045.54,Month-to-month,Credit card,Fiber optic,No,No,Yes,No,6,22.4,2,2,False,1,True,1
4463,47,Male,7,73.32,535.67,Month-to-month,Bank transfer,DSL,No,Yes,No,No,8,11.5,0,3,False,1,False,1
4464,60,Female,12,127.92,1553.48,Month-to-month,Credit card,Fiber optic,No,Yes,Yes,Yes,3,87.3,4,3,False,1,False,1
4465,47,Female,71,139.52,6305.555,Month-to-month,Electronic check,Fiber optic,Yes,Yes,Yes,Yes,10,94.4,1,3,False,1,False,0
4466,24,Female,17,82.91,1385.79,Month-to-month,Credit card,DSL,No,Yes,Yes,No,8,62.6,1,3,False,1,False,1
4467,38,Female,19,109.34,2079.35,Month-to-month,Electronic check,Fiber optic,Yes,Yes,No,No,4,40.6,2,2,True,1,False,1
4468,46,Male,68,84.12,5808.13,Month-to-month,Electronic check,DSL,No,Yes,Yes,Yes,7,23.2,2,4,False,1,False,0
4469,38,Female,60,88.19,5402.85,Month-to-month,Credit card,DSL,No,Yes,Yes,Yes,13,34.9,1,3,True,1,False,1
4470,41,Male,51,120.84,5901.72,Two year,Bank transfer,Fiber optic,Yes,No,Yes,Yes,8,8.7,1,1,False,24,False,0
4471,43,Male,2,61.48,124.69,Month-to-month,Mailed check,DSL,No,Yes,No,No,10,113.4,3,2,False,1,False,1
4472,43,Female,24,117.24,2924.18,Month-to-month,Electronic check,Fiber optic,Yes,No,Yes,Yes,8,7.5,2,6,False,1,False,1
4473,45,Female,39,60.26,2332.96,One year,Credit card,DSL,Yes,Yes,No,No,4,21.5,3,0,True,12,False,1
4474,29,Female,43,86.43,3623.76,One year,Electronic check,DSL,Yes,Yes,Yes,No,12,73.0,1,1,False,12,False,1
4475,34,Female,20,92.02,1877.07,One year,Credit card,DSL,Yes,No,Yes,Yes,6,5.8,2,1,True,12,False,0
4476,25,Female,1,142.19,136.7,Two year,Credit card,Fiber optic,Yes,No,Yes,Yes,6,106.9,2,0,False,24,False,1
4477,59,Female,71,67.55,5074.08,Month-to-month,Bank transfer,DSL,Yes,No,Yes,Yes,7,10.1,0,5,False,1,False,1
4478,18,Male,15,88.01,1321.87,Month-to-month,Mailed check,DSL,No,No,Yes,No,10,42.4,4,2,False,1,False,1
4479,62,Male,12,126.93,1547.78,Month-to-month,Bank transfer,Fiber optic,Yes,No,Yes,Yes,9,57.6,3,4,True,1,False,0
4480,65,Male,12,127.2,1503.88,Two year,Electronic check,Fiber optic,No,Yes,No,No,9,118.9,1,3,False,24,True,0
4481,40,Female,13,72.69,938.37,Month-to-month,Bank transfer,DSL,No,Yes,Yes,Yes,7,20.9,2,2,False,1,False,0
4482,18,Male,6,45.36,274.25,One year,Bank transfer,No,No,Yes,Yes,Yes,12,84.0,3,3,False,12,False,0
4483,39,Male,9,43.48,410.38,One year,Credit card,No,No,Yes,Yes,No,11,104.4,2,0,False,12,False,0
4484,44,Male,71,94.27,6305.555,Month-to-month,Electronic check,Fiber optic,Yes,Yes,No,No,7,70.6,3,4,True,1,False,1
4485,29,Male,11,114.7,1316.56,Month-to-month,Mailed check,Fiber optic,Yes,No,No,No,5,44.6,4,1,True,1,False,0
4486,37,Male,17,49.01,871.11,Month-to-month,Bank transfer,No,No,No,No,No,9,74.3,1,3,False,1,False,1
4487,67,Male,45,83.67,3870.92,Month-to-month,Bank transfer,Fiber optic,Yes,No,No,No,10,56.6,0,3,False,1,True,1
4488,54,Female,17,39.73,644.42,Month-to-month,Mailed check,No,No,Yes,No,No,11,119.0,1,6,False,1,False,1
4489,31,Female,9,74.21,652.55,Month-to-month,Bank transfer,DSL,No,No,Yes,Yes,11,48.0,0,3,True,1,False,0
4490,21,Female,17,84.51,1480.74,One year,Credit card,Fiber optic,Yes,No,No,No,14,60.6,3,0,False,12,False,1
4491,40,Male,2,43.53,82.83,Two year,Electronic check,No,No,Yes,No,No,7,38.1,2,4,False,24,False,1
4492,41,Female,3,83.83,251.13,One year,Electronic check,DSL,No,No,No,No,11,114.9,1,0,True,12,False,1
4493,52,Female,28,80.23,2306.25,One year,Credit card,DSL,No,No,Yes,Yes,7,53.8,0,1,False,12,False,0
4494,36,Male,59,108.36,6305.555,Month-to-month,Bank transfer,Fiber optic,No,No,Yes,Yes,5,45.0,5,2,False,1,False,1
4495,52,Female,31,49.19,1515.9,Month-to-month,Bank transfer,No,No,No,Yes,Yes,7,121.6,3,0,False,1,False,1
4496,74,Male,1,80.05,82.69,Month-to-month,Bank transfer,DSL,Yes,Yes,Yes,No,7,89.9,1,3,False,1,True,0
4497,57,Female,12,73.46,877.69,Month-to-month,Credit card,No,No,No,Yes,Yes,12,66.7,0,2,True,1,False,0
4498,44,Male,1,99.66,96.1,One year,Credit card,Fiber optic,No,Yes,No,No,5,123.0,2,1,False,12,False,1
4499,42,Male,17,43.88,742.75,Two year,Electronic check,No,No,Yes,No,No,14,7.2,4,2,True,24,False,1
4500,39,Female,5,121.53,604.12,Month-to-month,Credit card,Fiber optic,Yes,No,Yes,Yes,6,12.6,2,3,False,1,False,1
4501,62,Male,48,146.22,6305.555,Month-to-month,Credit card,Fiber optic,Yes,No,Yes,Yes,11,62.6,5,0,False,1,False,1
4502,35,Female,2,100.31,209.26,Month-to-month,Mailed check,Fiber optic,No,No,No,No,11,124.6,1,1,True,1,False,1
4503,45,Male,1,94.13,95.24,Month-to-month,Credit card,DSL,No,No,Yes,Yes,11,71.0,0,3,False,1,False,1
4504,45,Female,14,28.58,383.71,One year,Electronic check,No,No,No,No,No,9,99.0,3,1,True,12,False,1
4505,37,Female,4,81.9,325.33,One year,Electronic check,DSL,Yes,No,Yes,Yes,5,82.3,3,1,False,12,False,1
4506,24,Male,32,78.77,2509.48,One year,Bank transfer,DSL,Yes,No,No,No,11,8.7,1,0,False,12,False,1
4507,49,Female,60,100.62,6234.03,One year,Credit card,Fiber optic,No,Yes,No,No,8,45.0,2,5,False,12,False,0
4508,44,Female,1,76.06,76.19,Month-to-month,Bank transfer,DSL,No,No,No,No,7,96.5,1,5,False,1,False,1
4509,52,Female,12,131.35,1565.53,Two year,Bank transfer,Fiber optic,No,No,Yes,Yes,6,73.9,0,3,True,24,False,0
4510,36,Male,71,100.61,6305.555,One year,Mailed check,Fiber optic,Yes,Yes,Yes,Yes,8,102.4,0,3,False,12,False,1
4511,63,Male,31,71.18,2268.33,Month-to-month,Bank transfer,DSL,No,No,Yes,No,9,30.1,3,2,True,1,False,1
4512,31,Female,71,65.95,4877.33,Month-to-month,Mailed check,DSL,Yes,No,No,No,8,28.0,1,1,False,1,False,0
4513,70,Female,4,108.34,420.37,Two year,Electronic check,Fiber optic,No,No,No,No,7,67.4,4,5,False,24,True,1
4514,18,Male,6,53.49,326.1,Month-to-month,Electronic check,No,No,No,Yes,Yes,6,117.3,1,1,True,1,False,1
4515,51,Male,4,118.27,453.39,Month-to-month,Bank transfer,Fiber optic,No,No,Yes,No,4,14.2,2,1,False,1,False,1
4516,52,Female,8,66.95,539.77,Month-to-month,Credit card,DSL,No,No,Yes,No,7,125.0,3,4,False,1,False,1
4517,33,Male,30,51.34,1546.81,Two year,Electronic check,No,No,No,Yes,No,11,40.4,3,2,False,24,False,1
4518,51,Male,4,88.83,342.0,Month-to-month,Electronic check,DSL,Yes,No,Yes,Yes,8,7.7,4,1,False,1,False,0
4519,64,Female,17,86.84,1500.29,One year,Electronic check,DSL,No,Yes,No,No,3,49.3,3,2,False,12,False,1
4520,18,Male,7,95.63,641.76,Two year,Bank transfer,DSL,Yes,No,Yes,Yes,6,49.6,1,2,False,24,False,1
4521,52,Male,42,70.58,3057.17,Two year,Credit card,DSL,Yes,Yes,No,No,8,27.1,1,1,False,24,False,0
4522,18,Male,1,147.21,142.09,Two year,Credit card,Fiber optic,Yes,No,Yes,Yes,7,110.2,2,1,False,24,False,0
4523,30,Female,6,129.0,768.32,Month-to-month,Mailed check,Fiber optic,No,No,Yes,No,10,120.1,1,2,False,1,False,1
4524,69,Male,22,119.05,2711.0,Month-to-month,Credit card,Fiber optic,No,Yes,Yes,Yes,5,59.3,0,0,False,1,True,1
4525,36,Female,2,127.97,244.8,Month-to-month,Bank transfer,Fiber optic,Yes,Yes,No,No,7,97.2,1,1,False,1,False,1
4526,27,Male,15,94.82,1465.12,Month-to-month,Credit card,DSL,Yes,No,Yes,Yes,8,38.3,2,1,False,1,False,1
4527,42,Male,13,133.78,1782.16,Two year,Electronic check,Fiber optic,Yes,Yes,Yes,Yes,9,46.9,1,2,True,24,False,0
4528,76,Female,45,88.83,3914.11,Two year,Electronic check,DSL,No,No,Yes,Yes,7,61.7,0,1,False,24,True,1
4529,18,Female,23,90.8,2171.03,Month-to-month,Credit card,Fiber optic,Yes,No,No,No,10,51.7,1,1,False,1,False,0
4530,29,Female,24,80.13,2002.91,Month-to-month,Credit card,DSL,No,No,Yes,Yes,8,117.4,5,3,False,1,False,0
4531,67,Female,71,98.62,6305.555,Month-to-month,Credit card,DSL,Yes,Yes,Yes,Yes,14,31.2,1,1,False,1,True,0
4532,72,Male,71,102.95,6305.555,Month-to-month,Credit card,DSL,No,Yes,Yes,Yes,7,7.9,0,5,False,1,True,1
4533,43,Female,25,65.32,1575.03,Month-to-month,Electronic check,No,No,Yes,Yes,Yes,11,30.6,4,1,False,1,False,1
4534,26,Female,17,128.92,2178.98,One year,Bank transfer,Fiber optic,Yes,Yes,Yes,No,7,115.4,2,0,True,12,False,0
4535,76,Female,22,59.75,1376.27,One year,Bank transfer,No,No,No,Yes,Yes,11,61.5,4,1,True,12,True,1
4536,68,Male,11,121.31,1280.46,Two year,Electronic check,Fiber optic,Yes,No,Yes,Yes,6,98.7,2,1,False,24,True,0
4537,55,Male,71,52.39,3740.42,Month-to-month,Electronic check,No,No,No,Yes,Yes,9,100.1,3,2,False,1,False,1
4538,32,Female,29,72.17,2189.63,Month-to-month,Mailed check,DSL,Yes,No,Yes,Yes,10,29.1,1,1,True,1,False,1
4539,44,Female,8,111.05,896.04,Two year,Mailed check,Fiber optic,No,No,Yes,Yes,6,125.4,3,3,False,24,False,1
4540,42,Female,1,86.56,82.48,Month-to-month,Credit card,DSL,Yes,Yes,Yes,Yes,12,89.7,2,0,False,1,False,1
4541,49,Female,1,67.72,70.11,Month-to-month,Electronic check,DSL,Yes,No,No,No,7,72.8,1,0,True,1,False,1
4542,66,Male,5,106.95,525.28,Month-to-month,Credit card,Fiber optic,Yes,No,Yes,Yes,12,99.7,1,2,False,1,True,1
4543,58,Female,6,105.22,602.02,Two year,Credit card,Fiber optic,Yes,No,No,No,5,8.6,2,2,False,24,False,1
4544,28,Male,12,104.11,1290.66,One year,Mailed check,Fiber optic,No,Yes,No,No,5,83.4,2,3,False,12,False,1
4545,65,Female,5,70.13,359.26,Two year,Credit card,DSL,Yes,No,No,No,9,103.6,1,5,False,24,True,1
4546,49,Female,23,91.71,2115.87,Month-to-month,Electronic check,Fiber optic,No,Yes,No,No,8,94.6,2,3,False,1,False,1
4547,55,Male,5,89.06,439.2,One year,Bank transfer,DSL,Yes,No,Yes,Yes,8,39.4,2,3,True,12,False,1
4548,66,Female,4,88.32,362.41,One year,Credit card,DSL,Yes,No,No,No,5,76.3,2,1,False,12,True,1
4549,28,Female,15,56.92,862.17,Month-to-month,Bank transfer,No,No,Yes,Yes,No,9,120.1,3,3,True,1,False,1
4550,44,Female,52,109.71,5554.01,Two year,Bank transfer,Fiber optic,Yes,Yes,No,No,7,125.8,2,1,False,24,False,0
4551,37,Female,15,60.07,935.26,One year,Credit card,No,No,No,Yes,No,4,107.2,4,4,False,12,False,1
4552,21,Male,12,67.45,812.15,Two year,Bank transfer,DSL,Yes,No,No,No,4,91.0,2,1,True,24,False,1
4553,50,Female,20,52.0,1077.24,Two year,Credit card,No,No,No,Yes,Yes,8,54.9,2,3,True,24,False,0
4554,80,Female,7,110.58,741.76,Month-to-month,Credit card,Fiber optic,Yes,Yes,Yes,Yes,5,6.7,1,3,False,1,True,0
4555,18,Male,10,127.63,1241.75,Month-to-month,Electronic check,Fiber optic,No,Yes,Yes,No,5,113.3,3,1,False,1,False,1
4556,44,Female,5,107.82,529.07,Month-to-month,Credit card,DSL,Yes,Yes,Yes,No,8,96.1,2,1,True,1,False,1
4557,54,Male,20,109.16,2258.63,One year,Electronic check,Fiber optic,Yes,No,No,No,5,36.9,1,2,False,12,False,1
4558,46,Female,28,143.2,4158.76,One year,Bank transfer,Fiber optic,Yes,Yes,Yes,No,7,21.3,2,4,False,12,False,0
4559,43,Female,26,123.54,3299.13,One year,Credit card,Fiber optic,Yes,No,No,No,11,90.8,2,2,True,12,False,1
4560,25,Female,7,100.39,708.53,Month-to-month,Credit card,Fiber optic,Yes,No,No,No,4,101.4,2,1,True,1,False,0
4561,48,Male,36,132.3,4741.55,One year,Credit card,Fiber optic,No,No,Yes,No,6,54.8,3,3,False,12,False,0
4562,33,Male,7,109.33,734.29,Month-to-month,Bank transfer,Fiber optic,No,No,Yes,Yes,9,32.4,2,2,False,1,False,1
4563,18,Female,3,30.28,92.25,Month-to-month,Electronic check,No,No,Yes,No,No,8,83.6,2,0,False,1,False,1
4564,62,Male,10,83.97,867.86,Two year,Credit card,DSL,Yes,No,No,No,6,22.0,1,3,True,24,False,0
4565,59,Female,21,121.87,2651.17,Month-to-month,Credit card,Fiber optic,No,No,Yes,No,15,32.3,6,4,False,1,False,1
4566,45,Male,3,65.31,190.86,Month-to-month,Electronic check,DSL,Yes,Yes,No,No,2,69.3,2,2,False,1,False,1
4567,48,Female,25,125.34,3160.75,Month-to-month,Bank transfer,Fiber optic,Yes,Yes,No,No,5,111.4,3,1,False,1,False,1
4568,61,Male,47,50.86,2496.44,Month-to-month,Credit card,No,No,Yes,Yes,Yes,4,79.7,2,2,True,1,False,0
4569,48,Female,8,67.02,555.12,Month-to-month,Electronic check,DSL,Yes,Yes,Yes,No,13,120.3,0,2,False,1,False,1
4570,58,Male,14,73.33,991.44,One year,Mailed check,DSL,Yes,No,No,No,8,117.6,1,1,False,12,False,1
4571,40,Male,6,127.76,758.29,One year,Electronic check,Fiber optic,No,No,Yes,Yes,6,19.9,4,3,False,12,False,1
4572,64,Male,10,108.39,1040.32,Month-to-month,Electronic check,Fiber optic,No,Yes,Yes,Yes,6,45.8,1,2,True,1,False,0
4573,49,Male,1,135.25,139.76,Month-to-month,Electronic check,Fiber optic,No,No,Yes,Yes,1,30.8,2,3,False,1,False,1
4574,47,Female,71,85.44,6217.37,Month-to-month,Bank transfer,DSL,Yes,Yes,No,No,14,104.0,1,2,True,1,False,1
4575,25,Female,12,82.59,1010.95,One year,Credit card,DSL,No,Yes,No,No,9,10.6,3,2,True,12,False,0
4576,49,Male,37,85.47,3056.34,Month-to-month,Mailed check,DSL,No,No,Yes,Yes,9,120.2,2,2,False,1,False,0
4577,32,Female,3,129.36,396.85,Month-to-month,Bank transfer,Fiber optic,No,No,No,No,8,70.5,1,3,False,1,False,1
4578,35,Male,40,113.63,4420.37,Month-to-month,Mailed check,Fiber optic,No,Yes,No,No,10,41.8,2,0,False,1,False,1
4579,32,Female,47,102.14,5027.62,Month-to-month,Bank transfer,Fiber optic,No,No,No,No,8,96.4,2,0,False,1,False,1
4580,29,Male,30,65.97,2053.33,One year,Mailed check,DSL,Yes,No,No,No,4,102.9,1,2,False,12,False,0
4581,76,Female,56,82.05,4372.42,Month-to-month,Credit card,DSL,Yes,No,Yes,Yes,8,107.6,1,3,False,1,True,1
4582,64,Female,4,56.08,228.21,Month-to-month,Bank transfer,DSL,Yes,Yes,No,No,10,73.2,3,2,False,1,False,1
4583,73,Male,15,101.12,1492.08,Month-to-month,Mailed check,Fiber optic,Yes,No,No,No,1,93.8,2,3,False,1,True,1
4584,26,Male,23,72.76,1704.38,Two year,Credit card,DSL,No,No,No,No,10,29.7,1,1,False,24,False,1
4585,46,Male,21,43.92,892.5,One year,Electronic check,No,No,No,Yes,Yes,8,34.9,3,0,False,12,False,1
4586,25,Male,47,87.05,3998.5,Month-to-month,Credit card,DSL,No,Yes,Yes,Yes,10,18.4,2,0,False,1,False,0
4587,34,Male,5,87.45,417.41,Month-to-month,Electronic check,DSL,Yes,No,Yes,No,8,107.1,4,1,True,1,False,1
4588,31,Female,4,88.72,350.22,Two year,Credit card,Fiber optic,Yes,No,No,No,13,20.1,1,2,True,24,False,0
4589,63,Male,7,61.5,434.95,Month-to-month,Mailed check,DSL,Yes,Yes,No,No,7,63.9,3,0,True,1,False,1
4590,39,Female,53,138.51,6305.555,Two year,Credit card,Fiber optic,Yes,No,Yes,Yes,6,57.8,2,2,False,24,False,0
4591,61,Male,67,39.33,2558.95,Month-to-month,Electronic check,No,No,Yes,Yes,No,7,122.9,3,0,False,1,False,1
4592,54,Female,20,57.39,1191.22,Month-to-month,Bank transfer,DSL,No,Yes,No,No,7,24.1,1,1,False,1,False,1
4593,79,Female,16,90.5,1491.9,One year,Electronic check,Fiber optic,No,No,No,No,9,99.4,2,1,True,12,True,1
4594,22,Male,22,97.81,2183.68,One year,Credit card,Fiber optic,Yes,No,Yes,No,6,70.3,0,1,False,12,False,0
4595,63,Male,22,21.58,491.9,Two year,Mailed check,No,No,No,No,No,11,73.6,2,2,False,24,False,1
4596,62,Female,4,85.35,335.46,Two year,Credit card,DSL,Yes,No,Yes,No,5,110.9,1,0,True,24,False,0
4597,30,Female,27,80.91,2281.08,Month-to-month,Credit card,DSL,Yes,No,No,No,8,70.5,2,0,False,1,False,1
4598,60,Male,14,100.99,1368.51,One year,Electronic check,Fiber optic,No,Yes,Yes,Yes,8,117.4,3,5,False,12,False,0
4599,50,Female,17,134.07,2297.08,Two year,Credit card,Fiber optic,Yes,No,Yes,Yes,5,39.1,3,3,True,24,False,1
4600,41,Female,1,110.59,110.23,Month-to-month,Electronic check,Fiber optic,No,Yes,No,No,7,30.3,3,1,True,1,False,1
4601,32,Female,34,60.61,2112.34,Month-to-month,Electronic check,No,No,No,Yes,Yes,9,56.8,1,1,False,1,False,0
4602,34,Female,43,72.47,3069.08,Month-to-month,Credit card,DSL,No,No,Yes,Yes,11,35.6,2,4,False,1,False,0
4603,75,Female,23,133.68,3203.51,Month-to-month,Electronic check,Fiber optic,Yes,No,Yes,Yes,5,82.0,5,4,False,1,True,1
4604,45,Female,33,43.39,1374.05,Two year,Electronic check,No,No,No,Yes,Yes,7,122.8,0,0,False,24,False,0
4605,56,Male,17,39.13,672.75,Month-to-month,Electronic check,No,No,No,No,No,4,39.9,2,2,False,1,False,1
4606,33,Male,23,127.47,2806.94,Month-to-month,Bank transfer,Fiber optic,No,Yes,No,No,6,55.6,3,2,False,1,False,1
4607,33,Male,12,119.79,1505.3,Two year,Credit card,Fiber optic,No,No,Yes,Yes,8,110.5,0,1,False,24,False,0
4608,61,Male,37,89.1,3198.56,Month-to-month,Mailed check,DSL,No,No,Yes,No,8,99.5,1,1,True,1,False,1
4609,24,Female,15,48.3,744.26,One year,Bank transfer,No,No,No,Yes,No,5,101.7,2,1,False,12,False,0
4610,38,Male,27,81.11,2240.12,Two year,Electronic check,DSL,No,No,No,No,10,20.5,2,4,True,24,False,0
4611,45,Female,23,83.24,2005.65,Month-to-month,Bank transfer,DSL,No,Yes,Yes,Yes,7,80.3,5,0,True,1,False,0
4612,46,Female,29,110.01,3328.72,Month-to-month,Credit card,Fiber optic,No,Yes,No,No,6,71.1,5,4,True,1,False,1
4613,42,Male,36,125.01,4667.46,Month-to-month,Bank transfer,Fiber optic,No,No,Yes,No,14,39.3,5,4,False,1,False,1
4614,50,Male,17,104.05,1794.21,One year,Credit card,Fiber optic,No,No,Yes,Yes,9,73.5,2,5,True,12,False,1
4615,55,Female,40,130.39,5226.84,Month-to-month,Mailed check,Fiber optic,Yes,No,Yes,No,6,75.3,2,1,True,1,False,0
4616,56,Male,16,107.91,1675.17,Month-to-month,Electronic check,Fiber optic,No,No,Yes,Yes,5,67.8,3,3,False,1,False,1
4617,30,Male,71,76.44,5577.26,Month-to-month,Bank transfer,DSL,No,No,Yes,Yes,10,129.6,0,3,False,1,False,1
4618,40,Female,33,76.99,2595.7,One year,Electronic check,DSL,No,No,Yes,Yes,11,92.3,0,2,True,12,False,0
4619,62,Female,4,110.35,460.96,Month-to-month,Bank transfer,Fiber optic,Yes,No,Yes,No,11,69.8,2,2,True,1,False,1
4620,58,Female,42,97.88,4021.44,One year,Electronic check,DSL,Yes,No,Yes,No,8,124.4,2,3,False,12,False,0
4621,24,Female,19,134.08,2511.36,One year,Electronic check,Fiber optic,No,No,Yes,Yes,7,105.0,0,3,False,12,False,1
4622,50,Female,71,76.84,5504.38,One year,Credit card,DSL,No,Yes,No,No,4,85.0,2,2,False,12,False,0
4623,18,Female,30,59.68,1824.68,Two year,Electronic check,No,No,Yes,Yes,Yes,6,63.0,3,3,False,24,False,0
4624,45,Male,2,113.37,234.49,Month-to-month,Credit card,Fiber optic,No,No,No,No,7,23.6,3,4,True,1,False,1
4625,73,Male,12,141.98,1662.5,Month-to-month,Bank transfer,Fiber optic,No,No,Yes,No,9,127.3,3,2,False,1,True,1
4626,30,Male,17,79.75,1361.2,One year,Bank transfer,DSL,No,Yes,No,No,9,8.8,2,0,True,12,False,1
4627,32,Female,43,82.71,3468.28,Month-to-month,Electronic check,DSL,No,No,No,No,7,81.3,1,1,False,1,False,1
4628,56,Female,31,117.72,3636.34,One year,Bank transfer,Fiber optic,No,Yes,Yes,Yes,10,68.7,3,2,False,12,False,1
4629,21,Male,11,114.24,1311.23,Two year,Credit card,Fiber optic,No,No,Yes,Yes,4,57.9,5,3,False,24,False,1
4630,35,Male,25,106.06,2752.93,Two year,Credit card,DSL,No,Yes,Yes,Yes,4,124.9,2,2,False,24,False,1
4631,53,Male,20,89.91,1791.22,One year,Electronic check,DSL,Yes,No,Yes,No,8,29.6,1,4,False,12,False,0
4632,35,Female,3,32.52,96.26,Two year,Mailed check,No,No,No,No,No,10,35.9,2,1,False,24,False,1
4633,41,Male,6,86.28,520.0,Month-to-month,Bank transfer,DSL,No,No,No,No,3,106.8,2,0,False,1,False,1
4634,56,Male,10,62.91,643.78,Month-to-month,Bank transfer,DSL,No,No,No,No,6,45.5,1,1,False,1,False,0
4635,51,Male,5,106.99,514.46,Month-to-month,Bank transfer,DSL,Yes,No,Yes,Yes,14,122.7,1,2,False,1,False,1
4636,49,Female,3,115.84,338.02,Month-to-month,Credit card,Fiber optic,No,Yes,Yes,Yes,12,16.5,3,3,False,1,False,1
4637,39,Male,1,89.32,85.93,Month-to-month,Bank transfer,Fiber optic,No,No,No,No,5,82.8,3,2,False,1,False,1
4638,50,Male,49,59.72,2785.42,Two year,Bank transfer,DSL,Yes,No,No,No,3,28.5,1,3,False,24,False,0
4639,43,Female,8,80.28,660.48,One year,Bank transfer,DSL,Yes,No,Yes,Yes,8,95.2,3,1,True,12,False,0
4640,51,Female,8,129.27,1021.22,One year,Credit card,Fiber optic,Yes,No,Yes,Yes,7,90.5,5,3,False,12,False,1
4641,37,Female,5,66.94,343.54,Month-to-month,Electronic check,DSL,No,Yes,No,No,4,31.9,1,2,True,1,False,1
4642,42,Female,15,96.11,1441.11,Month-to-month,Bank transfer,DSL,Yes,Yes,Yes,Yes,5,54.7,3,6,False,1,False,1
4643,30,Female,17,64.08,1109.58,Two year,Mailed check,DSL,Yes,Yes,No,No,8,55.5,2,0,False,24,False,1
4644,44,Male,5,84.01,419.96,One year,Electronic check,DSL,Yes,Yes,Yes,No,10,47.2,0,1,False,12,False,1
4645,32,Male,22,129.07,2835.87,One year,Bank transfer,Fiber optic,No,No,No,No,7,37.1,2,5,True,12,False,1
4646,28,Female,30,141.07,4395.72,Two year,Electronic check,Fiber optic,Yes,No,Yes,Yes,10,15.5,3,1,False,24,False,0
4647,48,Female,11,108.19,1206.52,One year,Credit card,Fiber optic,No,Yes,No,No,7,18.0,1,4,False,12,False,1
4648,48,Female,21,96.73,1952.15,One year,Electronic check,Fiber optic,Yes,No,Yes,No,6,87.1,2,5,False,12,False,0
4649,56,Female,16,36.85,593.63,Month-to-month,Credit card,No,No,No,No,No,9,92.7,1,4,False,1,False,0
4650,38,Male,5,38.77,186.87,Month-to-month,Credit card,No,No,Yes,No,No,7,129.4,0,4,False,1,False,0
4651,51,Male,31,78.74,2460.85,One year,Bank transfer,DSL,Yes,No,Yes,Yes,6,21.2,1,2,False,12,False,1
4652,53,Female,38,70.06,2705.07,Month-to-month,Electronic check,DSL,No,Yes,No,No,6,42.5,1,5,True,1,False,0
4653,51,Female,25,129.63,3141.41,One year,Mailed check,Fiber optic,Yes,No,Yes,Yes,9,122.4,2,2,True,12,False,1
4654,32,Female,9,96.46,838.66,Month-to-month,Credit card,Fiber optic,Yes,Yes,No,No,3,121.1,0,1,True,1,False,1
4655,47,Female,62,40.29,2418.86,Month-to-month,Credit card,No,No,No,No,No,0,20.4,1,3,True,1,False,1
4656,50,Male,14,123.71,1787.93,Month-to-month,Bank transfer,Fiber optic,Yes,No,No,No,6,96.0,1,4,False,1,False,1
4657,45,Female,7,126.41,854.62,Month-to-month,Bank transfer,Fiber optic,Yes,No,Yes,Yes,8,88.3,3,1,False,1,False,1
4658,18,Female,12,76.23,940.41,Two year,Electronic check,DSL,Yes,Yes,No,No,11,45.1,3,0,True,24,False,1
4659,47,Male,28,115.44,3077.17,Month-to-month,Credit card,Fiber optic,Yes,No,Yes,No,3,106.6,2,2,False,1,False,1
4660,78,Female,44,58.38,2652.09,One year,Electronic check,No,No,Yes,Yes,Yes,7,84.8,0,6,False,12,True,0
4661,39,Male,10,33.77,329.03,Month-to-month,Electronic check,No,No,Yes,No,No,10,82.9,3,0,False,1,False,1
4662,34,Female,6,68.53,398.37,Month-to-month,Bank transfer,DSL,Yes,No,No,No,15,23.2,2,3,False,1,False,1
4663,50,Female,23,105.73,2463.61,Month-to-month,Mailed check,Fiber optic,No,No,No,No,13,55.4,3,3,False,1,False,1
4664,49,Male,60,101.95,6305.555,Two year,Credit card,Fiber optic,Yes,No,Yes,No,11,61.7,3,3,False,24,False,0
4665,62,Female,4,95.59,390.63,Month-to-month,Bank transfer,DSL,No,No,Yes,No,9,129.9,3,1,False,1,False,1
4666,26,Male,38,48.68,1861.05,Two year,Bank transfer,No,No,No,No,No,10,122.1,0,2,False,24,False,1
4667,55,Male,15,88.39,1291.33,Month-to-month,Bank transfer,Fiber optic,Yes,Yes,No,No,9,106.8,0,2,False,1,False,1
4668,53,Male,38,82.93,3122.56,Month-to-month,Bank transfer,DSL,Yes,No,Yes,No,11,20.1,1,2,True,1,False,0
4669,42,Female,16,123.91,2053.47,One year,Electronic check,Fiber optic,Yes,No,No,No,5,98.6,2,3,False,12,False,1
4670,50,Female,11,87.14,987.13,Month-to-month,Bank transfer,DSL,No,Yes,Yes,Yes,8,91.0,0,1,False,1,False,1
4671,60,Male,28,129.42,3522.96,Month-to-month,Bank transfer,Fiber optic,Yes,No,Yes,Yes,8,32.7,1,2,False,1,False,1
4672,58,Female,55,59.87,3416.99,Month-to-month,Bank transfer,DSL,Yes,Yes,No,No,6,65.0,1,4,True,1,False,1
4673,27,Female,9,91.95,806.01,Month-to-month,Credit card,DSL,No,Yes,Yes,No,8,65.2,3,1,True,1,False,1
4674,57,Female,14,90.14,1322.9,Month-to-month,Credit card,Fiber optic,No,No,No,No,13,63.1,6,1,False,1,False,1
4675,44,Male,6,105.43,647.99,Two year,Bank transfer,Fiber optic,No,Yes,Yes,No,8,67.8,0,1,False,24,False,0
4676,46,Male,4,128.76,525.78,Month-to-month,Credit card,Fiber optic,Yes,No,Yes,Yes,5,99.8,3,3,False,1,False,1
4677,46,Female,36,118.96,4318.37,Two year,Credit card,Fiber optic,No,No,Yes,Yes,7,90.7,2,5,True,24,False,1
4678,42,Male,5,37.49,194.12,Month-to-month,Electronic check,No,No,No,No,No,7,118.2,3,1,False,1,False,1
4679,62,Female,37,66.87,2569.07,Month-to-month,Bank transfer,No,No,No,Yes,No,11,68.3,4,1,True,1,False,1
4680,43,Female,13,101.18,1283.06,Month-to-month,Electronic check,Fiber optic,No,Yes,No,No,9,56.7,3,0,False,1,False,1
4681,28,Female,71,89.53,6305.555,Month-to-month,Credit card,DSL,Yes,No,Yes,Yes,5,115.0,3,1,False,1,False,1
4682,39,Male,5,69.73,336.98,Month-to-month,Credit card,DSL,Yes,Yes,Yes,Yes,7,88.7,2,1,True,1,False,1
4683,47,Male,2,108.36,214.44,Month-to-month,Mailed check,Fiber optic,Yes,No,Yes,No,9,29.8,1,1,False,1,False,1
4684,63,Female,1,41.68,43.41,Two year,Electronic check,No,No,Yes,Yes,Yes,12,103.0,1,1,False,24,False,1
4685,54,Male,43,110.18,4645.21,One year,Credit card,Fiber optic,Yes,Yes,Yes,Yes,12,42.6,2,2,False,12,False,0
4686,32,Female,13,128.12,1654.2,One year,Bank transfer,Fiber optic,No,Yes,Yes,No,12,34.3,3,1,False,12,False,1
4687,80,Male,1,104.97,104.14,Month-to-month,Credit card,Fiber optic,Yes,No,Yes,Yes,10,13.8,0,0,False,1,True,0
4688,48,Male,49,127.76,6304.45,Two year,Bank transfer,Fiber optic,No,No,Yes,Yes,10,51.0,3,0,True,24,False,0
4689,64,Male,50,57.17,2954.02,Month-to-month,Bank transfer,No,No,No,Yes,Yes,7,76.6,0,2,True,1,False,0
4690,42,Female,39,132.57,5194.57,Two year,Bank transfer,Fiber optic,Yes,No,Yes,Yes,8,122.3,1,3,False,24,False,0
4691,53,Female,6,110.0,688.99,Month-to-month,Electronic check,Fiber optic,No,No,No,No,6,92.6,2,2,False,1,False,1
4692,57,Female,11,97.63,1114.17,Month-to-month,Bank transfer,Fiber optic,Yes,Yes,No,No,16,18.8,4,2,False,1,False,1
4693,63,Male,32,70.8,2291.3,Two year,Credit card,DSL,Yes,Yes,Yes,Yes,9,101.2,0,4,False,24,False,0
4694,60,Female,16,94.41,1500.28,Month-to-month,Credit card,DSL,No,Yes,Yes,Yes,6,83.1,2,2,True,1,False,0
4695,58,Female,4,78.96,310.3,Two year,Mailed check,DSL,Yes,No,No,No,7,28.5,1,0,False,24,False,0
4696,40,Female,6,69.93,424.29,Month-to-month,Credit card,DSL,No,No,No,No,10,24.5,1,3,False,1,False,0
4697,36,Female,71,27.21,2019.55,Month-to-month,Mailed check,No,No,No,No,No,10,115.0,1,5,False,1,False,0
4698,49,Male,3,69.62,208.98,Two year,Credit card,DSL,No,No,No,No,13,116.7,3,1,False,24,False,1
4699,58,Male,31,109.25,3515.83,One year,Electronic check,DSL,No,No,Yes,Yes,3,38.9,3,0,False,12,False,0
4700,41,Female,15,111.18,1632.27,One year,Bank transfer,Fiber optic,No,No,Yes,No,6,73.2,2,1,False,12,False,0
4701,60,Male,33,135.03,4616.3,Month-to-month,Electronic check,Fiber optic,Yes,Yes,Yes,Yes,6,62.3,2,2,False,1,False,1
4702,66,Male,25,45.21,1148.77,Month-to-month,Bank transfer,No,No,No,Yes,Yes,6,104.4,3,2,True,1,True,1
4703,31,Male,13,99.21,1262.86,Month-to-month,Credit card,DSL,Yes,No,Yes,Yes,3,77.8,3,1,True,1,False,0
4704,32,Male,10,26.47,262.43,Month-to-month,Bank transfer,No,No,Yes,No,No,6,48.2,2,3,False,1,False,1
4705,42,Male,33,64.88,2042.2,Two year,Bank transfer,DSL,No,Yes,No,No,8,111.6,0,4,True,24,False,0
4706,49,Female,9,35.81,335.67,Month-to-month,Bank transfer,No,No,No,No,No,6,65.1,1,4,True,1,False,1
4707,37,Male,37,137.54,5225.55,One year,Electronic check,Fiber optic,Yes,No,Yes,Yes,12,55.4,3,3,False,12,False,1
4708,65,Female,27,95.58,2608.97,Two year,Credit card,Fiber optic,Yes,No,No,No,9,129.6,0,2,True,24,True,0
4709,51,Female,20,70.59,1478.32,Month-to-month,Credit card,DSL,No,No,No,No,4,98.1,3,0,False,1,False,1
4710,45,Female,11,111.53,1278.59,Two year,Mailed check,Fiber optic,Yes,Yes,No,No,8,114.5,4,2,True,24,False,0
4711,23,Male,5,103.5,539.06,Two year,Bank transfer,Fiber optic,Yes,Yes,No,No,9,127.7,2,0,False,24,False,0
4712,25,Male,29,100.14,2847.1,Month-to-month,Credit card,DSL,No,Yes,Yes,Yes,7,69.0,4,0,False,1,False,1
4713,49,Male,2,84.17,163.74,Month-to-month,Credit card,DSL,Yes,Yes,Yes,Yes,12,50.1,1,0,False,1,False,1
4714,18,Male,71,55.73,4110.34,Month-to-month,Electronic check,No,No,Yes,Yes,Yes,5,12.7,6,4,False,1,False,1
4715,60,Female,71,110.72,6305.555,One year,Electronic check,Fiber optic,No,No,Yes,No,5,123.2,2,2,True,12,False,1
4716,42,Female,3,24.79,72.67,Month-to-month,Bank transfer,No,No,No,No,No,6,74.0,1,4,False,1,False,1
4717,80,Female,2,104.6,204.02,One year,Credit card,Fiber optic,No,Yes,Yes,Yes,8,72.0,3,2,True,12,True,1
4718,79,Male,12,97.38,1118.22,Month-to-month,Electronic check,DSL,Yes,No,Yes,Yes,14,106.1,0,3,False,1,True,1
4719,42,Female,71,63.32,4661.44,Two year,Credit card,DSL,No,Yes,No,No,10,51.0,1,3,False,24,False,0
4720,43,Female,12,32.92,375.62,Two year,Electronic check,No,No,Yes,No,No,8,24.7,0,3,True,24,False,0
4721,59,Female,10,93.15,937.52,Two year,Electronic check,Fiber optic,Yes,No,No,No,9,29.4,3,4,False,24,False,0
4722,70,Male,29,60.05,1700.82,Month-to-month,Electronic check,DSL,No,No,No,No,8,34.6,1,2,False,1,True,1
4723,20,Female,4,99.04,402.81,Month-to-month,Credit card,Fiber optic,Yes,Yes,No,No,5,29.0,4,5,False,1,False,1
4724,18,Female,10,71.73,749.23,Month-to-month,Electronic check,DSL,Yes,Yes,No,No,12,104.1,3,0,True,1,False,1
4725,35,Male,8,33.36,271.98,Month-to-month,Electronic check,No,No,No,No,No,8,103.7,0,2,False,1,False,0
4726,53,Female,22,51.74,1124.43,Month-to-month,Credit card,DSL,No,No,No,No,6,27.2,1,2,False,1,False,1
4727,52,Male,4,68.91,266.77,Two year,Electronic check,DSL,No,Yes,No,No,5,36.4,4,1,True,24,False,1
4728,61,Female,19,64.85,1212.31,Two year,Electronic check,DSL,Yes,Yes,Yes,Yes,12,122.2,1,1,False,24,False,1
4729,27,Male,46,69.88,3201.24,Month-to-month,Credit card,DSL,No,No,No,No,4,81.9,3,0,False,1,False,1
4730,18,Male,17,92.04,1624.28,One year,Bank transfer,Fiber optic,No,No,No,No,6,52.0,3,1,False,12,False,0
4731,57,Male,27,127.5,3606.73,Month-to-month,Mailed check,Fiber optic,No,Yes,Yes,No,4,78.5,3,0,False,1,False,1
4732,32,Female,1,103.07,107.48,Month-to-month,Bank transfer,Fiber optic,Yes,Yes,No,No,7,43.6,2,1,False,1,False,1
4733,18,Female,14,139.58,1954.25,Two year,Electronic check,Fiber optic,Yes,Yes,Yes,Yes,9,99.4,2,3,False,24,False,1
4734,47,Male,2,100.39,200.21,Two year,Electronic check,DSL,No,No,Yes,No,6,47.5,1,1,False,24,False,0
4735,56,Male,21,94.25,1934.08,Month-to-month,Mailed check,Fiber optic,No,No,No,No,12,19.1,0,1,False,1,False,1
4736,43,Male,7,57.48,397.54,Two year,Bank transfer,No,No,No,Yes,Yes,11,82.2,3,1,False,24,False,0
4737,38,Male,8,80.61,671.79,Two year,Bank transfer,DSL,Yes,Yes,Yes,No,4,21.9,2,2,False,24,False,0
4738,42,Male,1,75.33,78.05,Month-to-month,Bank transfer,DSL,Yes,No,No,No,3,114.7,3,0,True,1,False,1
4739,39,Male,8,113.88,878.88,Month-to-month,Mailed check,Fiber optic,No,No,Yes,No,4,38.5,0,1,False,1,False,1
4740,24,Male,16,101.22,1595.98,One year,Credit card,DSL,Yes,No,Yes,No,9,100.7,5,1,False,12,False,1
4741,34,Male,21,87.94,1861.65,Two year,Bank transfer,DSL,Yes,No,Yes,Yes,13,65.3,4,2,False,24,False,0
4742,52,Male,1,122.04,117.3,Month-to-month,Credit card,Fiber optic,No,No,No,No,6,108.6,1,1,False,1,False,1
4743,49,Male,25,49.44,1217.69,Month-to-month,Mailed check,No,No,No,Yes,Yes,7,53.8,3,1,False,1,False,1
4744,47,Male,16,96.57,1558.22,One year,Bank transfer,Fiber optic,No,No,Yes,Yes,12,36.1,2,1,True,12,False,0
4745,30,Male,18,135.62,2429.36,One year,Electronic check,Fiber optic,Yes,Yes,Yes,No,10,120.7,2,2,False,12,False,0
4746,42,Female,42,88.63,3857.99,Month-to-month,Bank transfer,DSL,No,No,Yes,Yes,13,9.2,1,0,True,1,False,1
4747,18,Male,10,84.94,857.41,Month-to-month,Electronic check,Fiber optic,No,No,No,No,10,39.9,3,4,False,1,False,1
4748,47,Female,4,117.98,480.0,Two year,Credit card,Fiber optic,Yes,No,No,No,12,24.9,1,3,False,24,False,1
4749,66,Female,19,113.38,2160.13,One year,Bank transfer,Fiber optic,No,No,No,No,7,53.0,2,3,False,12,True,0
4750,22,Female,69,91.81,6213.72,Two year,Electronic check,DSL,Yes,No,No,No,7,46.8,1,0,False,24,False,0
4751,36,Male,17,117.39,2014.29,Two year,Credit card,Fiber optic,No,Yes,No,No,4,126.3,2,2,False,24,False,1
4752,49,Female,42,146.58,6305.555,Two year,Credit card,Fiber optic,No,No,Yes,No,6,33.2,4,2,False,24,False,1
4753,63,Male,33,108.11,3460.83,Two year,Credit card,Fiber optic,Yes,Yes,Yes,Yes,14,8.5,3,4,False,24,False,0
4754,38,Female,17,65.75,1142.76,Two year,Bank transfer,DSL,Yes,Yes,Yes,Yes,6,129.4,2,1,True,24,False,0
4755,34,Male,25,95.49,2437.87,One year,Credit card,DSL,No,Yes,Yes,Yes,5,54.1,2,1,True,12,False,0
4756,18,Male,12,70.93,875.02,One year,Electronic check,DSL,No,Yes,No,No,10,50.3,2,1,False,12,False,0
4757,46,Female,18,80.25,1435.48,One year,Electronic check,DSL,No,No,Yes,Yes,9,88.8,2,5,True,12,False,1
4758,75,Female,16,118.24,1799.28,One year,Electronic check,Fiber optic,Yes,No,No,No,9,61.3,2,0,False,12,True,1
4759,49,Male,29,109.5,3303.83,Month-to-month,Electronic check,Fiber optic,No,No,No,No,7,118.4,3,3,False,1,False,1
4760,44,Female,12,132.65,1553.26,Month-to-month,Electronic check,Fiber optic,No,No,No,No,14,56.2,4,1,False,1,False,1
4761,49,Male,2,50.23,99.47,Month-to-month,Credit card,No,No,Yes,Yes,Yes,9,74.5,1,0,False,1,False,1
4762,44,Male,37,72.44,2768.87,Month-to-month,Credit card,DSL,Yes,Yes,No,No,7,52.1,3,4,False,1,False,1
4763,32,Male,27,124.71,3492.41,Month-to-month,Bank transfer,Fiber optic,Yes,Yes,Yes,No,8,20.9,0,3,True,1,False,1
4764,57,Female,71,87.61,6305.555,Two year,Bank transfer,DSL,Yes,No,Yes,Yes,9,105.8,2,3,False,24,False,0
4765,48,Male,13,85.94,1110.49,Month-to-month,Bank transfer,DSL,No,No,Yes,Yes,6,118.7,2,0,False,1,False,1
4766,45,Male,1,88.48,89.76,Month-to-month,Credit card,DSL,No,No,Yes,No,6,62.3,3,3,True,1,False,1
4767,30,Male,3,45.61,135.89,One year,Bank transfer,No,No,Yes,Yes,Yes,8,86.0,1,3,True,12,False,0
4768,64,Male,35,132.26,4492.64,Month-to-month,Credit card,Fiber optic,Yes,No,No,No,6,50.5,2,4,True,1,False,1
4769,54,Female,1,81.86,80.53,Two year,Credit card,DSL,No,Yes,No,No,13,42.4,2,2,False,24,False,0
4770,36,Female,57,104.4,6012.8,Month-to-month,Electronic check,Fiber optic,No,No,Yes,No,8,99.1,3,3,False,1,False,1
4771,60,Female,7,102.86,690.19,Month-to-month,Credit card,DSL,Yes,No,Yes,No,10,70.9,2,1,False,1,False,1
4772,37,Female,54,71.36,3668.95,Two year,Electronic check,DSL,Yes,Yes,Yes,Yes,8,7.1,2,4,True,24,False,1
4773,33,Male,35,108.74,3617.4,One year,Bank transfer,Fiber optic,No,No,Yes,Yes,6,95.2,5,1,False,12,False,1
4774,33,Male,49,69.37,3267.3,Two year,Bank transfer,DSL,No,Yes,No,No,7,115.0,0,1,False,24,False,1
4775,18,Male,5,37.51,180.74,Month-to-month,Electronic check,No,No,No,Yes,Yes,10,64.2,2,1,False,1,False,1
4776,52,Male,21,109.58,2341.68,Month-to-month,Electronic check,Fiber optic,Yes,Yes,No,No,5,19.4,1,4,True,1,False,1
4777,18,Male,2,70.71,140.07,Month-to-month,Bank transfer,DSL,Yes,No,No,No,5,21.8,1,1,False,1,False,0
4778,26,Male,5,95.42,455.38,Month-to-month,Credit card,DSL,Yes,No,Yes,Yes,9,78.6,1,6,True,1,False,0
4779,18,Female,8,110.0,852.61,Month-to-month,Bank transfer,Fiber optic,Yes,Yes,Yes,Yes,8,69.6,0,1,True,1,False,0
4780,43,Male,32,71.78,2299.76,Month-to-month,Bank transfer,DSL,No,Yes,Yes,Yes,10,82.6,2,1,False,1,False,1
4781,42,Male,1,118.96,120.4,Two year,Mailed check,Fiber optic,Yes,No,Yes,Yes,10,119.9,1,4,True,24,False,1
4782,40,Male,56,129.85,6305.555,One year,Bank transfer,Fiber optic,Yes,Yes,Yes,Yes,2,80.8,4,0,False,12,False,1
4783,29,Female,1,87.58,87.74,Month-to-month,Credit card,Fiber optic,Yes,Yes,No,No,10,129.3,2,0,True,1,False,1
4784,27,Male,11,119.39,1263.25,Month-to-month,Electronic check,Fiber optic,No,Yes,Yes,Yes,8,28.3,3,5,True,1,False,0
4785,51,Male,2,51.83,105.19,Two year,Mailed check,No,No,No,Yes,No,13,106.6,1,5,False,24,False,1
4786,36,Male,35,77.65,2746.64,Month-to-month,Bank transfer,DSL,Yes,Yes,Yes,Yes,13,108.9,6,3,False,1,False,1
4787,49,Female,3,74.81,220.9,Month-to-month,Bank transfer,DSL,Yes,No,Yes,Yes,5,9.4,3,1,False,1,False,0
4788,31,Male,51,98.67,5112.06,Month-to-month,Credit card,Fiber optic,Yes,No,No,No,10,119.5,2,1,False,1,False,1
4789,47,Male,18,71.04,1333.68,One year,Electronic check,DSL,No,Yes,No,No,6,107.3,0,2,False,12,False,0
4790,64,Female,71,112.29,6305.555,Month-to-month,Credit card,Fiber optic,Yes,Yes,Yes,Yes,7,89.3,1,3,False,1,False,0
4791,53,Male,8,95.05,738.09,Two year,Electronic check,Fiber optic,Yes,No,No,No,12,78.7,0,2,True,24,False,0
4792,38,Female,14,92.94,1251.51,Month-to-month,Bank transfer,DSL,No,Yes,Yes,Yes,8,18.1,0,1,False,1,False,0
4793,48,Male,28,95.16,2719.19,Month-to-month,Bank transfer,DSL,Yes,Yes,Yes,Yes,7,26.6,1,3,True,1,False,1
4794,41,Female,42,100.11,4272.37,Month-to-month,Electronic check,Fiber optic,No,Yes,Yes,Yes,8,59.4,2,3,True,1,False,0
4795,45,Male,13,130.81,1631.43,Month-to-month,Electronic check,Fiber optic,No,No,Yes,Yes,5,82.1,2,5,False,1,False,1
4796,40,Male,53,68.82,3514.5,Month-to-month,Credit card,DSL,No,No,No,No,5,127.6,3,0,False,1,False,0
4797,42,Female,3,118.51,368.05,Two year,Credit card,Fiber optic,Yes,No,Yes,Yes,7,98.4,2,4,False,24,False,0
4798,48,Male,29,107.88,3157.46,Month-to-month,Bank transfer,Fiber optic,Yes,Yes,Yes,Yes,12,114.0,3,5,False,1,False,0
4799,30,Male,10,89.85,899.43,Two year,Bank transfer,DSL,Yes,Yes,Yes,No,11,89.0,0,3,False,24,False,1
4800,29,Female,2,76.59,153.58,Month-to-month,Mailed check,DSL,No,Yes,No,No,6,97.5,2,1,False,1,False,0
4801,24,Male,11,78.5,834.6,Month-to-month,Bank transfer,DSL,No,No,Yes,Yes,10,119.2,2,1,False,1,False,1
4802,20,Female,50,108.36,5362.66,Month-to-month,Credit card,Fiber optic,No,Yes,No,No,7,71.1,6,1,True,1,False,1
4803,26,Male,71,108.07,6305.555,Month-to-month,Bank transfer,Fiber optic,No,No,Yes,Yes,12,27.3,4,4,False,1,False,1
4804,47,Female,11,44.75,491.8,One year,Bank transfer,No,No,Yes,Yes,No,7,6.8,2,1,False,12,False,1
4805,31,Male,52,56.72,2928.35,Two year,Bank transfer,DSL,No,Yes,No,No,10,61.5,2,0,False,24,False,0
4806,52,Male,17,39.23,652.58,One year,Bank transfer,No,No,No,Yes,No,16,35.9,2,3,False,12,False,1
4807,45,Female,30,89.45,2648.3,Month-to-month,Bank transfer,Fiber optic,Yes,No,No,No,7,38.9,2,5,False,1,False,0
4808,18,Male,1,71.87,73.14,Month-to-month,Electronic check,DSL,No,No,Yes,Yes,9,23.9,1,2,False,1,False,1
4809,54,Female,19,87.52,1741.48,Two year,Bank transfer,DSL,Yes,Yes,Yes,Yes,14,89.1,3,2,False,24,False,0
4810,57,Female,1,124.12,129.04,Two year,Credit card,Fiber optic,Yes,No,Yes,Yes,3,66.1,3,1,False,24,False,0
4811,30,Female,7,116.06,836.69,Month-to-month,Electronic check,Fiber optic,Yes,No,No,No,4,124.3,2,3,False,1,False,0
4812,51,Male,20,116.27,2375.05,Month-to-month,Credit card,Fiber optic,No,No,No,No,5,112.6,2,4,False,1,False,1
4813,32,Male,39,112.48,4361.95,One year,Credit card,Fiber optic,No,Yes,No,No,11,101.9,2,3,False,12,False,1
4814,46,Male,19,78.28,1471.57,One year,Credit card,DSL,No,Yes,No,No,5,24.0,3,4,False,12,False,0
4815,26,Female,66,82.09,5503.81,Month-to-month,Electronic check,DSL,No,No,Yes,Yes,4,96.3,6,2,False,1,False,0
4816,18,Female,39,89.7,3387.97,Month-to-month,Credit card,DSL,Yes,No,Yes,No,9,28.7,5,0,False,1,False,1
4817,39,Female,4,91.2,380.52,Two year,Bank transfer,DSL,No,No,Yes,No,9,120.7,2,0,False,24,False,0
4818,43,Male,11,102.79,1087.49,Month-to-month,Bank transfer,Fiber optic,Yes,No,Yes,No,11,70.6,3,1,False,1,False,1
4819,39,Female,26,60.05,1501.18,Month-to-month,Credit card,No,No,Yes,Yes,No,9,115.3,2,1,False,1,False,1
4820,27,Male,66,88.09,5629.56,Month-to-month,Bank transfer,DSL,Yes,No,Yes,Yes,7,129.8,2,3,True,1,False,1
4821,39,Male,71,113.11,6305.555,Month-to-month,Electronic check,Fiber optic,Yes,No,No,No,7,95.6,3,1,False,1,False,1
4822,49,Male,34,91.8,2981.72,Two year,Electronic check,DSL,No,No,Yes,No,9,90.2,2,2,False,24,False,1
4823,44,Male,20,84.66,1634.35,One year,Bank transfer,DSL,Yes,Yes,No,No,9,26.4,3,0,False,12,False,1
4824,47,Male,33,64.6,2095.03,Two year,Credit card,DSL,No,No,No,No,12,45.5,3,1,False,24,False,0
4825,34,Male,7,85.06,599.5,Month-to-month,Electronic check,DSL,No,No,Yes,Yes,8,14.9,3,2,False,1,False,1
4826,62,Male,8,98.1,787.95,Two year,Bank transfer,DSL,Yes,No,Yes,Yes,8,42.2,5,1,True,24,False,0
4827,27,Male,25,94.63,2264.99,Month-to-month,Credit card,DSL,No,No,Yes,Yes,4,114.7,0,1,False,1,False,1
4828,52,Female,49,103.28,5161.33,Month-to-month,Credit card,Fiber optic,No,No,No,No,11,7.3,1,0,False,1,False,1
4829,62,Male,71,89.97,6305.555,Two year,Electronic check,DSL,Yes,No,Yes,No,10,92.3,4,2,False,24,False,1
4830,52,Male,10,82.46,817.43,Month-to-month,Mailed check,Fiber optic,Yes,No,No,No,6,119.3,1,0,False,1,False,0
4831,41,Female,38,85.39,3201.8,Month-to-month,Credit card,DSL,No,Yes,No,No,4,89.0,3,0,False,1,False,0
4832,37,Female,45,46.82,2105.91,Month-to-month,Bank transfer,No,No,No,No,No,11,68.9,3,2,True,1,False,1
4833,60,Female,23,90.44,1982.94,Month-to-month,Bank transfer,Fiber optic,Yes,Yes,No,No,11,33.9,0,3,True,1,False,0
4834,23,Female,10,56.09,543.7,Month-to-month,Electronic check,No,No,No,Yes,Yes,7,13.0,2,1,True,1,False,0
4835,30,Male,23,116.31,2582.5,One year,Bank transfer,Fiber optic,No,No,No,No,11,50.3,2,2,False,12,False,1
4836,39,Female,21,107.37,2323.07,Month-to-month,Electronic check,Fiber optic,Yes,No,No,No,10,121.1,0,0,False,1,False,1
4837,63,Female,22,85.3,1887.01,Month-to-month,Credit card,DSL,Yes,No,No,No,13,59.4,2,4,False,1,False,1
4838,50,Female,23,98.23,2318.18,One year,Bank transfer,Fiber optic,Yes,Yes,No,No,14,39.0,1,1,False,12,False,0
4839,30,Female,45,60.04,2757.55,Month-to-month,Credit card,DSL,Yes,Yes,No,No,6,29.2,3,2,True,1,False,0
4840,40,Male,4,83.69,326.98,One year,Credit card,DSL,Yes,No,No,No,10,112.6,3,6,True,12,False,1
4841,35,Female,10,62.78,628.46,Two year,Credit card,DSL,No,Yes,No,No,5,46.4,2,5,False,24,False,1
4842,34,Female,21,106.7,2161.16,Month-to-month,Bank transfer,Fiber optic,No,No,No,No,8,95.5,2,2,True,1,False,1
4843,59,Female,7,80.64,580.34,One year,Credit card,DSL,No,No,Yes,Yes,9,31.6,4,0,False,12,False,0
4844,24,Female,71,36.16,2526.67,Month-to-month,Mailed check,No,No,No,No,No,6,9.2,4,0,True,1,False,1
4845,69,Male,7,85.04,624.14,One year,Credit card,DSL,No,No,Yes,Yes,4,100.0,2,1,False,12,True,0
4846,57,Female,15,57.72,906.75,Month-to-month,Credit card,No,No,Yes,Yes,No,10,28.7,3,2,True,1,False,1
4847,61,Female,50,69.51,3359.33,Month-to-month,Electronic check,DSL,Yes,Yes,No,No,12,17.1,2,3,False,1,False,1
4848,38,Female,2,102.34,194.59,Month-to-month,Credit card,Fiber optic,Yes,Yes,No,No,10,38.9,3,3,True,1,False,1
4849,42,Male,41,127.98,5046.24,One year,Electronic check,Fiber optic,No,Yes,Yes,No,10,86.6,2,2,False,12,False,1
4850,23,Female,20,149.45,2961.71,Month-to-month,Bank transfer,Fiber optic,No,Yes,Yes,Yes,10,57.1,3,1,False,1,False,0
4851,37,Female,1,89.36,91.86,Month-to-month,Mailed check,Fiber optic,Yes,No,No,No,9,123.4,3,2,False,1,False,1
4852,52,Male,55,143.97,6305.555,Two year,Credit card,Fiber optic,No,Yes,Yes,Yes,7,122.3,1,2,False,24,False,1
4853,64,Female,1,132.65,132.42,Month-to-month,Credit card,Fiber optic,Yes,No,Yes,Yes,8,118.0,1,2,False,1,False,1
4854,28,Male,17,140.13,2470.86,One year,Electronic check,Fiber optic,No,Yes,Yes,Yes,7,72.6,2,2,True,12,False,1
4855,39,Male,1,116.86,121.35,Month-to-month,Credit card,Fiber optic,Yes,No,No,No,4,94.0,3,2,True,1,False,1
4856,42,Female,1,76.67,77.46,Two year,Bank transfer,DSL,Yes,Yes,Yes,Yes,6,95.3,4,1,False,24,False,0
4857,24,Female,52,92.74,4746.68,Month-to-month,Bank transfer,DSL,No,No,Yes,Yes,9,19.5,2,2,False,1,False,1
4858,53,Male,34,75.78,2639.61,Month-to-month,Credit card,DSL,No,Yes,No,No,11,108.3,1,1,False,1,False,1
4859,34,Male,5,53.38,271.45,One year,Credit card,No,No,No,Yes,Yes,4,68.0,1,1,False,12,False,0
4860,42,Female,23,144.12,3304.11,Two year,Credit card,Fiber optic,No,Yes,Yes,No,13,98.5,2,0,False,24,False,1
4861,38,Male,37,87.72,3333.29,Two year,Electronic check,DSL,Yes,Yes,Yes,Yes,9,16.4,2,0,False,24,False,0
4862,33,Male,52,65.92,3536.98,Month-to-month,Credit card,DSL,Yes,No,No,No,8,72.3,3,2,False,1,False,1
4863,44,Female,15,133.99,2039.96,Two year,Bank transfer,Fiber optic,No,No,Yes,No,12,47.3,1,0,False,24,False,1
4864,41,Male,54,91.27,4689.85,One year,Electronic check,DSL,Yes,Yes,Yes,Yes,12,103.7,1,2,False,12,False,0
4865,39,Male,17,86.4,1463.76,Two year,Bank transfer,Fiber optic,No,Yes,No,No,8,38.8,1,2,False,24,False,0
4866,34,Male,27,91.6,2457.53,Two year,Electronic check,Fiber optic,No,No,No,No,10,99.8,2,1,True,24,False,0
4867,49,Male,71,137.57,6305.555,Month-to-month,Mailed check,Fiber optic,No,Yes,Yes,Yes,7,87.7,0,2,False,1,False,0
4868,69,Male,6,46.93,281.87,One year,Credit card,No,No,No,Yes,Yes,8,54.7,1,3,True,12,True,1
4869,47,Male,4,127.19,502.39,One year,Credit card,Fiber optic,Yes,No,Yes,Yes,7,112.4,3,2,False,12,False,1
4870,59,Female,10,126.22,1238.58,One year,Electronic check,Fiber optic,Yes,No,No,No,5,119.2,2,0,True,12,False,0
4871,24,Male,4,100.03,403.98,Month-to-month,Bank transfer,Fiber optic,No,No,Yes,Yes,10,78.4,1,3,True,1,False,1
4872,47,Female,8,95.53,731.47,Month-to-month,Credit card,Fiber optic,Yes,Yes,Yes,No,8,6.9,1,2,False,1,False,1
4873,28,Female,32,45.18,1500.06,Month-to-month,Credit card,No,No,No,No,No,11,42.9,2,2,True,1,False,1
4874,22,Female,15,110.42,1676.23,Two year,Bank transfer,Fiber optic,Yes,Yes,No,No,7,126.1,2,4,True,24,False,0
4875,33,Female,11,88.85,952.15,Month-to-month,Bank transfer,DSL,Yes,Yes,Yes,No,7,95.0,5,5,True,1,False,0
4876,62,Female,11,34.92,375.88,Month-to-month,Electronic check,No,No,No,No,No,8,42.6,0,0,False,1,False,1
4877,59,Female,5,103.78,539.84,Month-to-month,Bank transfer,Fiber optic,No,Yes,Yes,No,9,31.2,4,0,True,1,False,0
4878,48,Female,14,95.4,1273.22,One year,Bank transfer,DSL,Yes,Yes,Yes,No,4,92.9,2,2,False,12,False,1
4879,22,Female,23,116.16,2618.97,Two year,Bank transfer,Fiber optic,No,No,Yes,No,9,13.5,3,0,False,24,False,1
4880,42,Male,3,52.45,154.11,One year,Electronic check,DSL,Yes,Yes,No,No,16,21.9,2,4,False,12,False,1
4881,49,Female,71,145.86,6305.555,Month-to-month,Bank transfer,Fiber optic,Yes,Yes,Yes,No,7,82.5,1,4,False,1,False,1
4882,47,Female,14,43.73,594.06,Two year,Credit card,No,No,No,Yes,Yes,8,18.3,2,1,False,24,False,0
4883,18,Female,70,81.88,5482.71,Month-to-month,Bank transfer,DSL,Yes,No,Yes,Yes,11,77.0,1,2,False,1,False,0
4884,31,Male,3,40.55,120.3,Two year,Bank transfer,No,No,No,No,No,9,51.8,1,0,True,24,False,0
4885,44,Female,34,86.95,3020.98,Month-to-month,Electronic check,Fiber optic,Yes,Yes,No,No,4,101.7,2,1,False,1,False,1
4886,53,Male,23,98.37,2162.84,One year,Credit card,Fiber optic,Yes,No,No,No,13,62.0,5,4,True,12,False,1
4887,18,Female,41,78.4,3108.87,Month-to-month,Credit card,DSL,No,No,No,No,10,112.1,1,1,False,1,False,1
4888,42,Female,22,91.16,2032.05,Two year,Bank transfer,DSL,No,No,Yes,Yes,6,107.6,5,1,True,24,False,0
4889,47,Male,71,142.89,6305.555,Month-to-month,Credit card,Fiber optic,Yes,Yes,Yes,Yes,5,118.6,1,3,False,1,False,0
4890,57,Female,23,51.29,1120.94,Month-to-month,Electronic check,DSL,No,No,No,No,8,102.5,1,2,True,1,False,1
4891,55,Male,36,129.26,4856.47,Two year,Bank transfer,Fiber optic,No,No,Yes,Yes,9,81.2,2,2,False,24,False,0
4892,53,Male,50,93.61,4624.04,Month-to-month,Bank transfer,Fiber optic,Yes,No,Yes,No,5,62.8,2,2,False,1,False,0
4893,33,Female,30,42.66,1262.09,One year,Electronic check,No,No,No,Yes,No,8,82.4,3,2,True,12,False,0
4894,18,Female,17,83.84,1473.52,One year,Credit card,DSL,No,Yes,Yes,Yes,6,74.6,1,1,False,12,False,1
4895,39,Male,7,81.63,549.1,One year,Bank transfer,DSL,No,No,No,No,4,59.3,3,3,False,12,False,1
4896,60,Male,46,106.73,4778.15,Month-to-month,Bank transfer,Fiber optic,Yes,No,Yes,No,7,23.9,1,1,False,1,False,0
4897,65,Female,15,91.47,1420.61,Two year,Mailed check,Fiber optic,No,No,No,No,11,113.4,1,2,False,24,True,1
4898,55,Female,23,35.73,827.01,Two year,Credit card,No,No,No,No,No,7,111.0,2,5,False,24,False,1
4899,51,Female,1,121.09,122.49,Month-to-month,Bank transfer,Fiber optic,Yes,No,Yes,Yes,10,108.4,3,2,False,1,False,1
4900,50,Male,16,103.33,1621.13,Month-to-month,Electronic check,Fiber optic,Yes,Yes,Yes,Yes,10,91.0,1,2,True,1,False,1
4901,36,Female,28,87.06,2446.03,Month-to-month,Credit card,DSL,No,No,No,No,8,66.9,2,5,False,1,False,1
4902,43,Male,21,93.38,2027.62,Month-to-month,Electronic check,DSL,Yes,Yes,Yes,No,4,50.9,0,2,False,1,False,0
4903,70,Female,14,65.05,954.63,Month-to-month,Bank transfer,DSL,Yes,No,No,No,8,87.2,4,4,True,1,True,1
4904,30,Male,6,84.42,500.86,Two year,Bank transfer,DSL,No,No,Yes,Yes,4,104.2,3,2,False,24,False,0
4905,69,Male,8,117.31,906.61,One year,Credit card,Fiber optic,No,No,Yes,Yes,6,100.9,4,0,True,12,True,1
4906,40,Female,28,138.53,3825.08,One year,Credit card,Fiber optic,Yes,No,Yes,Yes,8,77.4,2,2,False,12,False,1
4907,64,Male,6,108.54,641.25,Month-to-month,Bank transfer,Fiber optic,Yes,No,No,No,5,51.4,3,1,True,1,False,1
4908,23,Male,23,85.36,1934.74,Month-to-month,Bank transfer,Fiber optic,Yes,No,No,No,11,116.5,3,1,True,1,False,0
4909,53,Male,21,121.17,2482.08,One year,Electronic check,Fiber optic,Yes,No,No,No,7,108.8,1,1,False,12,False,0
4910,33,Male,71,95.55,6305.555,One year,Bank transfer,Fiber optic,Yes,No,No,No,11,102.5,1,1,True,12,False,1
4911,23,Male,1,101.05,105.79,One year,Credit card,Fiber optic,No,No,No,No,6,82.2,2,4,False,12,False,1
4912,48,Female,2,107.95,206.25,Month-to-month,Credit card,Fiber optic,Yes,Yes,Yes,Yes,3,98.9,1,1,False,1,False,0
4913,60,Female,16,88.31,1423.19,One year,Bank transfer,DSL,Yes,No,Yes,Yes,12,9.5,1,1,False,12,False,0
4914,32,Male,17,117.57,2089.79,Month-to-month,Electronic check,Fiber optic,No,Yes,No,No,10,67.4,4,1,True,1,False,1
4915,22,Female,1,82.31,81.66,Month-to-month,Credit card,Fiber optic,No,Yes,No,No,9,16.9,1,2,True,1,False,0
4916,43,Male,41,119.6,4925.86,One year,Credit card,Fiber optic,No,Yes,Yes,No,7,62.2,1,3,False,12,False,1
4917,43,Male,16,74.49,1145.21,Month-to-month,Electronic check,DSL,Yes,No,Yes,No,8,122.2,2,1,False,1,False,1
4918,53,Female,10,97.38,982.93,Two year,Bank transfer,DSL,No,No,Yes,Yes,9,101.6,0,3,True,24,False,0
4919,59,Male,9,69.36,617.17,Month-to-month,Mailed check,DSL,Yes,No,No,No,14,104.2,4,0,False,1,False,1
4920,44,Male,47,66.86,3213.79,One year,Mailed check,DSL,Yes,No,No,No,7,56.5,2,2,False,12,False,0
4921,72,Male,5,145.77,728.85,Two year,Bank transfer,Fiber optic,No,Yes,Yes,Yes,8,79.1,0,0,True,24,True,1
4922,48,Female,4,89.11,342.44,Month-to-month,Electronic check,Fiber optic,Yes,No,No,No,7,68.0,3,3,False,1,False,1
4923,39,Female,5,101.25,488.95,Two year,Bank transfer,Fiber optic,No,Yes,No,No,4,50.8,3,1,False,24,False,1
4924,20,Male,23,93.05,2222.15,One year,Bank transfer,DSL,Yes,No,Yes,Yes,7,126.5,0,3,False,12,False,0
4925,41,Male,39,61.7,2430.01,Two year,Credit card,DSL,Yes,No,No,No,14,122.8,3,2,True,24,False,0
4926,39,Male,9,110.03,947.7,Month-to-month,Electronic check,Fiber optic,Yes,Yes,No,No,8,91.4,2,0,True,1,False,1
4927,59,Male,4,114.07,447.41,Month-to-month,Bank transfer,Fiber optic,No,Yes,Yes,Yes,6,14.2,2,3,False,1,False,1
4928,51,Male,5,48.6,249.25,Month-to-month,Mailed check,No,No,No,Yes,No,8,57.0,0,2,False,1,False,1
4929,27,Female,23,85.34,1978.45,One year,Bank transfer,Fiber optic,Yes,Yes,No,No,12,38.6,2,1,False,12,False,1
4930,47,Female,6,102.4,637.66,Month-to-month,Credit card,Fiber optic,No,No,Yes,Yes,6,106.6,1,2,False,1,False,1
4931,55,Female,50,113.24,5541.39,Month-to-month,Electronic check,Fiber optic,No,No,No,No,7,17.3,2,4,False,1,False,1
4932,67,Female,2,48.81,101.26,Month-to-month,Credit card,No,No,No,Yes,Yes,7,38.0,1,0,False,1,True,1
4933,58,Male,1,37.82,37.53,Month-to-month,Electronic check,No,No,Yes,Yes,Yes,11,125.6,3,3,False,1,False,1
4934,56,Male,2,47.9,100.31,One year,Mailed check,No,No,No,Yes,No,8,63.7,3,1,False,12,False,1
4935,45,Female,44,51.75,2356.13,Month-to-month,Credit card,No,No,No,Yes,Yes,10,39.6,0,2,False,1,False,1
4936,50,Female,25,132.96,3464.18,Month-to-month,Bank transfer,Fiber optic,Yes,No,Yes,Yes,11,105.6,3,2,False,1,False,0
4937,63,Male,71,109.43,6305.555,Month-to-month,Electronic check,DSL,No,No,Yes,Yes,13,102.4,3,2,True,1,False,1
4938,25,Female,9,123.5,1138.63,One year,Credit card,Fiber optic,Yes,Yes,Yes,Yes,2,14.5,0,2,True,12,False,0
4939,39,Male,5,80.05,412.2,Two year,Electronic check,DSL,No,No,No,No,2,96.9,1,5,False,24,False,1
4940,33,Male,19,82.09,1568.77,One year,Credit card,DSL,Yes,No,No,No,9,112.4,2,3,False,12,False,0
4941,50,Male,18,89.54,1594.23,Month-to-month,Bank transfer,Fiber optic,Yes,Yes,No,No,11,22.7,2,3,False,1,False,1
4942,63,Female,21,134.1,2789.76,Month-to-month,Electronic check,Fiber optic,Yes,Yes,No,No,5,38.7,1,3,False,1,False,0
4943,36,Female,10,103.23,1024.92,Month-to-month,Credit card,Fiber optic,No,No,Yes,Yes,11,79.9,0,0,True,1,False,1
4944,18,Female,1,60.48,60.51,One year,Bank transfer,DSL,Yes,Yes,No,No,4,52.5,2,4,True,12,False,1
4945,38,Female,1,91.66,93.29,Month-to-month,Bank transfer,Fiber optic,No,No,No,No,7,74.6,1,2,False,1,False,0
4946,58,Female,26,47.71,1223.86,Two year,Electronic check,No,No,Yes,Yes,No,5,89.7,2,2,True,24,False,0
4947,53,Male,17,110.13,1906.22,Two year,Electronic check,Fiber optic,No,No,Yes,No,7,9.3,1,5,True,24,False,1
4948,51,Female,41,125.87,5076.22,Month-to-month,Bank transfer,Fiber optic,No,No,Yes,Yes,7,41.3,3,4,False,1,False,1
4949,40,Male,8,130.8,1053.95,Month-to-month,Bank transfer,Fiber optic,No,Yes,Yes,Yes,9,36.3,4,0,True,1,False,1
4950,25,Male,40,59.03,2398.74,Month-to-month,Bank transfer,No,No,Yes,Yes,Yes,5,23.7,2,4,False,1,False,0
4951,52,Male,13,96.23,1237.47,Month-to-month,Credit card,DSL,No,Yes,No,No,12,128.9,2,4,False,1,False,1
4952,32,Female,2,93.07,186.96,One year,Electronic check,DSL,No,No,Yes,Yes,10,60.5,1,2,True,12,False,1
4953,77,Female,71,108.26,6305.555,One year,Bank transfer,DSL,No,Yes,Yes,Yes,6,112.3,3,3,False,12,True,0
4954,53,Female,17,102.31,1735.1,Month-to-month,Electronic check,Fiber optic,Yes,No,No,No,11,42.7,6,2,False,1,False,0
4955,36,Female,23,62.21,1476.8,Two year,Bank transfer,DSL,Yes,No,No,No,13,15.6,0,0,False,24,False,1
4956,35,Female,26,127.67,3252.68,One year,Bank transfer,Fiber optic,Yes,No,Yes,Yes,10,48.9,1,5,False,12,False,0
4957,43,Female,10,82.75,808.12,Two year,Bank transfer,DSL,No,No,Yes,No,6,52.4,0,4,False,24,False,0
4958,41,Female,33,95.54,3238.71,One year,Electronic check,DSL,Yes,No,Yes,Yes,5,112.5,1,1,False,12,False,0
4959,61,Female,49,78.2,3763.1,One year,Credit card,DSL,Yes,Yes,No,No,7,113.8,2,3,False,12,False,0
4960,47,Male,11,57.46,625.05,Month-to-month,Mailed check,No,No,No,Yes,No,9,69.9,0,1,False,1,False,0
4961,34,Female,25,136.67,3526.53,One year,Bank transfer,Fiber optic,Yes,Yes,Yes,Yes,7,69.5,0,0,False,12,False,1
4962,73,Male,33,84.12,2655.01,Month-to-month,Bank transfer,DSL,No,No,Yes,Yes,5,40.7,1,2,False,1,True,0
4963,45,Male,5,85.03,443.64,One year,Bank transfer,DSL,No,Yes,Yes,Yes,8,10.4,1,1,False,12,False,0
4964,56,Male,9,140.17,1223.37,Month-to-month,Credit card,Fiber optic,Yes,Yes,Yes,Yes,14,116.5,1,3,True,1,False,1
4965,35,Male,2,125.93,244.71,Month-to-month,Electronic check,Fiber optic,No,Yes,No,No,9,57.9,0,3,False,1,False,1
4966,50,Female,22,113.95,2575.52,Month-to-month,Bank transfer,Fiber optic,No,No,Yes,Yes,2,89.1,1,1,False,1,False,1
4967,49,Female,38,44.95,1643.43,Month-to-month,Bank transfer,No,No,No,No,No,6,94.7,2,2,False,1,False,1
4968,18,Male,22,129.9,2755.15,Month-to-month,Electronic check,Fiber optic,No,No,Yes,No,12,111.5,4,0,False,1,False,1
4969,75,Male,4,53.7,206.02,Two year,Credit card,No,No,No,Yes,Yes,6,57.9,0,0,True,24,True,1
4970,64,Male,18,80.61,1466.21,Month-to-month,Electronic check,DSL,No,No,Yes,Yes,8,126.2,2,1,False,1,False,1
4971,39,Female,43,36.05,1603.12,One year,Bank transfer,No,No,No,Yes,Yes,8,82.3,2,1,False,12,False,0
4972,28,Male,8,94.06,728.4,Month-to-month,Mailed check,Fiber optic,Yes,No,Yes,Yes,10,68.8,2,3,False,1,False,1
4973,50,Male,42,61.98,2575.84,Month-to-month,Mailed check,DSL,Yes,No,No,No,7,21.4,1,0,False,1,False,1
4974,46,Female,36,72.76,2666.53,Month-to-month,Credit card,DSL,Yes,Yes,No,No,7,92.8,0,4,False,1,False,1
4975,50,Male,1,128.55,126.05,Month-to-month,Mailed check,Fiber optic,No,Yes,Yes,No,6,113.6,0,5,True,1,False,1
4976,47,Female,6,68.56,398.79,Month-to-month,Credit card,DSL,Yes,Yes,Yes,Yes,3,67.3,2,1,False,1,False,1
4977,52,Female,18,132.51,2482.07,Month-to-month,Electronic check,Fiber optic,Yes,No,Yes,No,6,64.7,2,2,True,1,False,1
4978,66,Male,30,118.76,3634.99,Month-to-month,Mailed check,Fiber optic,No,No,Yes,No,11,106.9,2,1,False,1,True,0
4979,53,Male,50,58.02,3024.37,Two year,Mailed check,DSL,No,Yes,No,No,8,17.9,0,3,False,24,False,1
4980,29,Male,24,62.34,1538.22,Month-to-month,Mailed check,DSL,Yes,No,No,No,4,85.6,3,4,False,1,False,1
4981,65,Female,11,45.95,497.76,Two year,Electronic check,No,No,Yes,Yes,Yes,10,84.8,2,4,False,24,True,0
4982,69,Female,4,73.59,280.39,Two year,Credit card,DSL,Yes,Yes,No,No,7,57.8,0,2,False,24,True,1
4983,80,Female,34,73.15,2478.91,One year,Mailed check,DSL,Yes,Yes,Yes,Yes,9,95.7,3,2,False,12,True,0
4984,28,Male,5,56.97,281.07,Two year,Electronic check,DSL,Yes,No,No,No,8,28.5,1,2,True,24,False,1
4985,48,Male,28,51.55,1444.13,Month-to-month,Electronic check,No,No,No,No,No,6,126.8,2,3,False,1,False,0
4986,18,Male,4,115.74,440.38,Two year,Electronic check,Fiber optic,Yes,No,Yes,Yes,9,43.6,2,1,True,24,False,1
4987,53,Male,2,109.29,219.31,Month-to-month,Credit card,Fiber optic,No,No,Yes,Yes,5,86.9,2,1,True,1,False,1
4988,36,Male,6,65.58,390.06,Month-to-month,Credit card,DSL,Yes,Yes,No,No,4,14.1,0,4,False,1,False,1
4989,73,Male,8,146.76,1195.25,One year,Credit card,Fiber optic,No,No,Yes,Yes,9,50.2,4,1,True,12,True,1
4990,33,Female,25,98.22,2398.81,Two year,Bank transfer,DSL,Yes,No,Yes,No,6,101.4,1,2,False,24,False,0
4991,19,Female,4,129.18,533.2,Two year,Credit card,Fiber optic,Yes,Yes,Yes,No,4,98.6,2,2,False,24,False,0
4992,37,Female,63,59.43,3905.02,Month-to-month,Bank transfer,DSL,No,No,No,No,7,77.1,1,1,True,1,False,0
4993,18,Male,19,97.05,1782.28,Month-to-month,Bank transfer,Fiber optic,No,No,Yes,No,7,20.6,1,3,False,1,False,1
4994,56,Female,16,135.7,2203.01,One year,Bank transfer,Fiber optic,Yes,Yes,Yes,Yes,5,10.1,6,0,True,12,False,1
4995,18,Female,13,58.29,767.89,One year,Credit card,DSL,No,Yes,No,No,6,108.4,1,1,False,12,False,0
4996,45,Female,20,37.61,740.18,Month-to-month,Bank transfer,No,No,Yes,No,No,7,53.9,2,3,True,1,False,1
4997,18,Male,1,70.66,67.93,Month-to-month,Bank transfer,DSL,No,No,Yes,Yes,13,84.5,2,2,False,1,False,1
4998,40,Male,71,92.85,6305.555,Two year,Credit card,DSL,Yes,Yes,Yes,Yes,9,95.0,1,2,False,24,False,0
4999,69,Female,19,37.28,705.17,One year,Bank transfer,No,No,Yes,No,No,5,66.7,5,4,False,12,True,1
5000,50,Male,1,89.18,86.43,Month-to-month,Bank transfer,DSL,No,Yes,Yes,No,11,74.2,2,3,True,1,False,1
5001,32,Male,21,58.95,1183.14,One year,Bank transfer,DSL,Yes,No,No,No,5,33.7,1,4,False,12,False,1
5002,44,Male,13,115.74,1571.73,One year,Bank transfer,Fiber optic,Yes,No,No,No,9,67.5,3,3,False,12,False,0
5003,45,Male,1,80.06,79.33,Two year,Bank transfer,DSL,Yes,No,Yes,Yes,8,20.1,0,1,False,24,False,1
5004,52,Female,61,31.46,1966.79,One year,Mailed check,No,No,Yes,No,No,11,123.6,1,1,False,12,False,0
5005,24,Male,1,95.01,91.56,Month-to-month,Bank transfer,DSL,No,Yes,Yes,Yes,9,61.1,2,3,True,1,False,1
5006,53,Female,20,79.96,1619.06,Two year,Electronic check,DSL,No,Yes,Yes,Yes,8,5.9,2,1,False,24,False,0
5007,18,Female,71,128.61,6305.555,Month-to-month,Bank transfer,Fiber optic,No,Yes,No,No,9,42.1,6,1,True,1,False,0
5008,35,Male,6,92.55,550.99,Two year,Credit card,DSL,Yes,No,Yes,No,10,120.1,2,1,False,24,False,1
5009,37,Male,7,52.07,355.21,One year,Bank transfer,No,No,Yes,Yes,Yes,8,122.0,2,3,False,12,False,1
5010,54,Male,1,104.6,102.88,Two year,Mailed check,DSL,No,Yes,Yes,Yes,10,50.8,2,2,True,24,False,1
5011,45,Female,1,61.15,61.91,Month-to-month,Credit card,DSL,Yes,Yes,No,No,10,69.8,1,5,False,1,False,1
5012,23,Female,1,65.57,64.62,One year,Credit card,DSL,Yes,Yes,No,No,11,103.7,0,4,False,12,False,1
5013,30,Female,41,76.36,3051.62,Two year,Mailed check,DSL,No,Yes,Yes,Yes,12,56.4,1,2,False,24,False,0
5014,47,Female,43,149.44,6305.555,One year,Bank transfer,Fiber optic,No,Yes,Yes,Yes,7,40.4,5,3,False,12,False,0
5015,43,Female,31,84.48,2629.87,Month-to-month,Bank transfer,DSL,Yes,No,Yes,No,9,42.0,0,3,False,1,False,0
5016,36,Female,10,83.09,841.48,Month-to-month,Credit card,Fiber optic,Yes,No,No,No,9,103.9,2,4,False,1,False,1
5017,37,Female,41,91.01,3687.52,One year,Credit card,DSL,No,Yes,Yes,Yes,5,79.3,2,3,True,12,False,0
5018,55,Male,18,88.79,1559.16,Month-to-month,Mailed check,DSL,No,Yes,No,No,6,105.1,5,3,False,1,False,1
5019,37,Female,8,82.86,646.29,One year,Credit card,DSL,No,No,Yes,Yes,8,127.7,1,1,False,12,False,1
5020,43,Female,13,114.79,1565.73,Month-to-month,Bank transfer,Fiber optic,Yes,Yes,Yes,Yes,5,117.8,3,1,True,1,False,1
5021,77,Female,1,85.29,86.71,Two year,Bank transfer,DSL,Yes,No,Yes,No,6,103.8,3,3,False,24,True,0
5022,23,Female,69,73.25,4852.06,Month-to-month,Bank transfer,DSL,No,No,Yes,Yes,8,7.3,3,0,False,1,False,0
5023,18,Male,23,58.59,1366.88,Month-to-month,Bank transfer,No,No,Yes,Yes,Yes,9,84.6,2,1,True,1,False,0
5024,56,Female,31,101.52,3022.26,Month-to-month,Bank transfer,DSL,No,Yes,Yes,Yes,9,121.5,3,1,False,1,False,1
5025,34,Female,27,81.65,2160.37,One year,Bank transfer,DSL,No,Yes,Yes,Yes,4,63.0,0,4,True,12,False,0
5026,40,Male,26,87.73,2359.79,Month-to-month,Bank transfer,DSL,No,Yes,Yes,Yes,7,45.7,0,2,False,1,False,0
5027,33,Male,1,81.19,84.55,Month-to-month,Bank transfer,DSL,Yes,No,No,No,10,42.8,4,1,True,1,False,1
5028,41,Female,17,126.14,2221.58,One year,Credit card,Fiber optic,No,Yes,Yes,No,6,15.1,0,0,False,12,False,0
5029,68,Female,41,71.87,2962.69,Month-to-month,Mailed check,DSL,No,No,No,No,3,103.4,3,3,False,1,True,1
5030,57,Female,1,109.81,109.3,Two year,Credit card,Fiber optic,Yes,Yes,Yes,Yes,8,95.9,2,2,False,24,False,1
5031,57,Female,71,133.3,6305.555,Two year,Credit card,Fiber optic,No,No,Yes,Yes,6,55.4,6,2,True,24,False,1
5032,23,Female,13,45.08,603.51,Month-to-month,Bank transfer,No,No,No,No,No,7,13.5,3,1,False,1,False,0
5033,27,Female,8,76.47,619.27,Two year,Bank transfer,DSL,Yes,Yes,No,No,8,19.2,0,5,True,24,False,1
5034,18,Male,18,118.96,2147.6,One year,Credit card,Fiber optic,No,Yes,Yes,Yes,7,25.1,4,0,False,12,False,1
5035,32,Male,38,68.21,2529.51,Month-to-month,Bank transfer,DSL,Yes,No,No,No,13,62.9,2,3,False,1,False,0
5036,59,Female,15,118.3,1740.84,One year,Bank transfer,Fiber optic,No,Yes,No,No,11,39.4,2,2,True,12,False,1
5037,52,Female,24,101.32,2369.72,Two year,Credit card,Fiber optic,No,No,Yes,Yes,6,59.2,3,2,True,24,False,0
5038,41,Female,16,90.82,1473.15,Two year,Electronic check,DSL,Yes,No,Yes,Yes,12,51.1,3,6,False,24,False,1
5039,44,Male,23,118.92,2765.64,One year,Mailed check,Fiber optic,Yes,No,Yes,Yes,11,46.1,4,1,False,12,False,0
5040,34,Female,3,137.06,397.67,Month-to-month,Bank transfer,Fiber optic,No,Yes,Yes,Yes,7,42.2,2,2,False,1,False,1
5041,48,Male,1,81.18,79.82,One year,Electronic check,DSL,Yes,Yes,Yes,Yes,9,63.6,0,0,False,12,False,1
5042,56,Male,3,102.82,293.56,Month-to-month,Bank transfer,DSL,No,No,Yes,No,5,115.5,2,2,False,1,False,1
5043,20,Female,8,80.9,626.34,One year,Bank transfer,DSL,Yes,No,No,No,6,58.5,2,1,False,12,False,1
5044,49,Male,7,67.38,473.01,Two year,Electronic check,DSL,Yes,Yes,Yes,No,8,123.7,1,1,False,24,False,1
5045,58,Female,22,78.83,1713.02,Month-to-month,Bank transfer,DSL,Yes,Yes,No,No,7,80.4,3,4,False,1,False,1
5046,38,Male,14,108.5,1532.25,Month-to-month,Bank transfer,Fiber optic,Yes,Yes,Yes,Yes,9,18.5,2,1,False,1,False,0
5047,55,Female,1,77.43,76.82,One year,Credit card,DSL,Yes,Yes,Yes,Yes,9,49.0,1,2,False,12,False,1
5048,80,Female,1,89.82,86.17,Month-to-month,Bank transfer,DSL,No,Yes,Yes,Yes,7,88.4,2,2,False,1,True,0
5049,43,Male,2,134.28,273.03,Month-to-month,Electronic check,Fiber optic,Yes,No,No,No,9,89.6,2,3,False,1,False,1
5050,50,Male,10,102.22,1067.67,One year,Mailed check,Fiber optic,Yes,Yes,Yes,Yes,8,122.5,1,3,False,12,False,1
5051,33,Male,1,55.28,54.03,Two year,Bank transfer,No,No,Yes,Yes,No,8,29.1,3,1,False,24,False,1
5052,47,Female,16,125.66,1951.77,One year,Bank transfer,Fiber optic,No,Yes,Yes,No,16,25.7,0,1,False,12,False,0
5053,51,Male,10,90.74,938.08,Month-to-month,Credit card,Fiber optic,No,No,No,No,9,69.2,0,2,False,1,False,1
5054,47,Male,19,89.89,1668.8,One year,Electronic check,DSL,Yes,No,Yes,Yes,9,87.7,3,2,False,12,False,1
5055,29,Female,30,129.62,3841.13,Month-to-month,Credit card,Fiber optic,Yes,Yes,Yes,No,5,57.7,2,5,False,1,False,0
5056,48,Female,6,112.13,654.09,Two year,Electronic check,Fiber optic,Yes,No,Yes,Yes,9,66.0,0,1,False,24,False,0
5057,66,Male,4,113.79,461.01,One year,Mailed check,Fiber optic,No,No,Yes,Yes,5,40.5,1,2,False,12,True,1
5058,51,Male,7,57.66,401.6,Two year,Bank transfer,DSL,Yes,No,No,No,6,99.8,3,0,True,24,False,0
5059,59,Male,1,99.66,98.36,Two year,Electronic check,Fiber optic,Yes,No,Yes,Yes,10,62.8,3,0,False,24,False,1
5060,41,Female,3,107.14,313.73,Month-to-month,Credit card,Fiber optic,Yes,No,No,No,11,75.5,1,2,True,1,False,1
5061,56,Female,33,74.91,2584.41,Two year,Electronic check,DSL,Yes,Yes,No,No,4,34.6,0,2,False,24,False,1
5062,49,Male,6,114.98,661.28,Two year,Electronic check,Fiber optic,Yes,No,Yes,Yes,9,13.1,0,3,True,24,False,1
5063,30,Female,71,85.94,6048.07,One year,Bank transfer,DSL,No,No,Yes,No,9,91.7,2,2,False,12,False,0
5064,49,Male,4,150.08,591.07,Month-to-month,Credit card,Fiber optic,No,No,Yes,No,9,34.6,3,2,False,1,False,0
5065,30,Male,37,131.05,5002.87,One year,Bank transfer,Fiber optic,No,No,Yes,Yes,6,47.1,2,2,False,12,False,1
5066,35,Female,29,56.01,1697.66,Month-to-month,Electronic check,DSL,No,Yes,No,No,8,21.8,2,3,True,1,False,0
5067,47,Male,9,124.93,1069.02,One year,Bank transfer,Fiber optic,No,Yes,Yes,Yes,6,53.0,3,4,False,12,False,0
5068,49,Male,9,63.31,595.99,Month-to-month,Credit card,No,No,Yes,Yes,Yes,7,75.1,2,2,False,1,False,1
5069,27,Female,19,101.03,2008.25,One year,Electronic check,DSL,Yes,No,Yes,No,13,117.3,3,0,False,12,False,1
5070,60,Male,45,93.22,4367.46,Two year,Bank transfer,DSL,Yes,No,Yes,Yes,11,31.5,1,1,False,24,False,1
5071,53,Male,11,133.09,1525.43,Month-to-month,Mailed check,Fiber optic,No,No,Yes,Yes,6,66.2,3,0,True,1,False,1
5072,34,Female,1,114.17,117.62,One year,Credit card,Fiber optic,No,No,Yes,Yes,8,11.8,1,1,False,12,False,0
5073,21,Male,11,110.6,1192.29,Month-to-month,Bank transfer,Fiber optic,No,No,No,No,11,5.6,2,0,False,1,False,1
5074,42,Male,5,118.34,609.53,One year,Bank transfer,Fiber optic,No,Yes,Yes,No,9,49.4,0,3,True,12,False,0
5075,38,Female,67,42.45,2841.05,One year,Bank transfer,No,No,No,Yes,Yes,7,103.0,3,0,True,12,False,1
5076,46,Female,28,125.19,3519.52,Month-to-month,Bank transfer,Fiber optic,Yes,Yes,Yes,Yes,7,11.3,2,4,False,1,False,1
5077,39,Female,1,75.89,72.27,One year,Credit card,DSL,Yes,No,Yes,Yes,10,75.2,6,1,False,12,False,1
5078,18,Male,8,97.04,774.39,Two year,Credit card,Fiber optic,Yes,No,No,No,10,57.9,3,2,False,24,False,0
5079,39,Female,1,154.62,151.08,Month-to-month,Bank transfer,Fiber optic,Yes,No,Yes,No,10,37.6,1,5,True,1,False,1
5080,40,Male,42,94.47,3903.23,One year,Electronic check,Fiber optic,Yes,No,No,No,10,74.9,1,2,False,12,False,1
5081,54,Female,56,88.8,4960.59,One year,Credit card,DSL,Yes,Yes,Yes,Yes,6,115.6,3,2,True,12,False,0
5082,34,Male,2,126.27,257.29,Month-to-month,Credit card,Fiber optic,Yes,Yes,Yes,Yes,7,116.1,3,4,False,1,False,1
5083,70,Male,13,120.51,1500.18,Two year,Electronic check,Fiber optic,Yes,Yes,No,No,9,37.2,3,1,False,24,True,1
5084,18,Female,64,118.42,6305.555,One year,Bank transfer,Fiber optic,Yes,No,No,No,10,124.9,0,1,False,12,False,0
5085,64,Male,3,88.1,259.02,Month-to-month,Credit card,DSL,Yes,Yes,Yes,No,7,111.1,0,3,False,1,False,0
5086,41,Male,8,58.68,484.8,Month-to-month,Electronic check,No,No,No,Yes,No,6,52.0,2,1,False,1,False,1
5087,57,Female,8,88.64,737.06,Month-to-month,Electronic check,Fiber optic,No,Yes,No,No,9,60.5,4,0,False,1,False,1
5088,46,Male,1,55.55,53.33,One year,Bank transfer,No,No,Yes,Yes,Yes,5,23.4,1,1,False,12,False,1
5089,62,Male,1,92.99,96.47,One year,Electronic check,DSL,No,Yes,Yes,No,8,72.5,4,1,True,12,False,1
5090,39,Male,71,129.36,6305.555,One year,Credit card,Fiber optic,Yes,Yes,Yes,Yes,8,27.0,1,3,False,12,False,1
5091,28,Female,20,48.75,942.23,One year,Mailed check,No,No,Yes,Yes,No,4,17.3,0,0,False,12,False,1
5092,66,Female,8,40.06,304.76,Month-to-month,Bank transfer,No,No,Yes,No,No,7,92.2,0,0,False,1,True,1
5093,43,Female,11,49.86,554.19,Month-to-month,Bank transfer,No,No,Yes,Yes,Yes,3,117.8,0,2,False,1,False,1
5094,48,Female,30,70.14,2110.95,Two year,Electronic check,DSL,Yes,Yes,Yes,Yes,8,87.0,0,3,False,24,False,1
5095,63,Female,10,100.55,1027.19,Two year,Credit card,Fiber optic,No,Yes,No,No,12,7.4,0,0,False,24,False,0
5096,29,Female,6,76.38,458.59,Month-to-month,Electronic check,DSL,Yes,Yes,Yes,Yes,9,53.0,2,3,True,1,False,0
5097,53,Female,2,76.48,145.65,One year,Mailed check,DSL,No,No,Yes,Yes,7,72.3,3,2,False,12,False,1
5098,36,Female,31,93.63,2882.98,Month-to-month,Bank transfer,DSL,No,No,Yes,No,8,106.1,2,3,True,1,False,1
5099,43,Male,4,124.91,516.68,Month-to-month,Bank transfer,Fiber optic,No,Yes,No,No,8,59.2,3,3,True,1,False,1
5100,46,Male,1,95.57,94.45,One year,Bank transfer,Fiber optic,Yes,No,No,No,8,122.5,1,3,True,12,False,0
5101,22,Male,13,139.24,1767.08,Month-to-month,Bank transfer,Fiber optic,Yes,Yes,Yes,Yes,9,125.2,3,1,True,1,False,0
5102,33,Male,1,105.1,102.91,Month-to-month,Mailed check,Fiber optic,Yes,No,Yes,No,7,75.1,1,1,True,1,False,1
5103,65,Female,71,82.11,5678.57,One year,Electronic check,DSL,Yes,Yes,No,No,7,110.8,0,0,False,12,True,1
5104,58,Male,23,117.07,2661.28,Two year,Electronic check,Fiber optic,Yes,Yes,No,No,9,92.3,1,4,False,24,False,0
5105,44,Male,3,83.11,256.28,Two year,Mailed check,DSL,Yes,No,Yes,Yes,8,85.5,1,1,False,24,False,1
5106,48,Male,4,117.16,448.02,One year,Mailed check,Fiber optic,Yes,Yes,No,No,4,96.2,1,0,False,12,False,1
5107,40,Male,20,128.88,2685.02,Month-to-month,Mailed check,Fiber optic,No,Yes,No,No,3,95.8,2,1,False,1,False,1
5108,65,Male,10,45.54,453.16,Month-to-month,Electronic check,No,No,No,Yes,Yes,8,68.4,3,1,True,1,True,1
5109,41,Female,35,52.99,1883.79,One year,Credit card,No,No,Yes,Yes,Yes,10,122.1,0,3,True,12,False,1
5110,48,Female,18,83.15,1477.72,Two year,Bank transfer,DSL,No,No,No,No,12,113.5,2,3,False,24,False,0
5111,62,Male,13,78.79,1000.38,Two year,Electronic check,DSL,Yes,Yes,Yes,No,12,5.3,3,0,True,24,False,1
5112,33,Male,71,134.82,6305.555,One year,Bank transfer,Fiber optic,Yes,No,Yes,Yes,9,78.0,2,4,True,12,False,1
5113,68,Male,11,128.8,1412.77,Month-to-month,Bank transfer,Fiber optic,No,Yes,Yes,Yes,4,43.8,1,1,False,1,True,1
5114,22,Male,12,142.06,1690.89,Month-to-month,Electronic check,Fiber optic,Yes,Yes,Yes,Yes,4,55.4,1,1,False,1,False,1
5115,69,Female,26,93.79,2456.18,Month-to-month,Electronic check,DSL,Yes,No,Yes,Yes,3,34.5,2,2,False,1,True,1
5116,39,Male,39,120.76,4663.43,Two year,Electronic check,Fiber optic,Yes,No,Yes,Yes,9,65.0,0,0,False,24,False,0
5117,41,Female,23,85.69,1960.56,Month-to-month,Credit card,DSL,Yes,No,Yes,Yes,10,55.7,2,1,False,1,False,1
5118,18,Male,28,82.72,2382.91,Month-to-month,Electronic check,DSL,No,Yes,Yes,Yes,2,22.4,4,4,False,1,False,1
5119,38,Female,11,75.72,801.84,Month-to-month,Bank transfer,DSL,No,No,No,No,9,117.1,3,3,False,1,False,1
5120,29,Female,15,49.81,740.26,One year,Bank transfer,No,No,Yes,No,No,10,12.6,3,1,False,12,False,1
5121,35,Female,5,89.87,433.15,One year,Credit card,DSL,Yes,Yes,Yes,No,5,33.0,3,3,True,12,False,0
5122,42,Male,27,124.88,3519.21,One year,Electronic check,Fiber optic,No,Yes,No,No,8,94.0,2,5,False,12,False,0
5123,59,Male,6,88.94,551.19,One year,Bank transfer,DSL,Yes,No,Yes,Yes,5,89.7,4,0,True,12,False,0
5124,48,Female,1,107.49,111.22,One year,Credit card,Fiber optic,No,Yes,Yes,Yes,8,9.3,3,2,True,12,False,1
5125,49,Male,65,51.68,3237.3,Month-to-month,Bank transfer,No,No,No,Yes,Yes,5,125.3,0,1,False,1,False,0
5126,28,Male,8,77.9,646.59,Month-to-month,Bank transfer,DSL,No,No,Yes,No,5,30.0,1,2,True,1,False,0
5127,31,Female,5,45.64,220.06,Two year,Electronic check,No,No,Yes,No,No,12,44.4,2,4,False,24,False,1
5128,71,Male,7,53.84,375.6,Month-to-month,Bank transfer,No,No,No,Yes,No,6,81.2,1,1,True,1,True,1
5129,33,Female,9,128.02,1106.1,Month-to-month,Bank transfer,Fiber optic,No,No,Yes,Yes,10,111.4,2,1,False,1,False,1
5130,69,Male,15,94.17,1473.31,Month-to-month,Bank transfer,DSL,Yes,No,Yes,Yes,10,87.1,2,2,False,1,True,1
5131,41,Male,1,98.74,103.52,Month-to-month,Credit card,Fiber optic,Yes,No,Yes,Yes,12,31.3,2,1,False,1,False,1
5132,45,Female,1,38.06,37.77,Month-to-month,Credit card,No,No,No,No,No,6,5.5,1,5,True,1,False,1
5133,61,Female,8,45.23,378.1,One year,Bank transfer,No,No,No,No,No,7,124.1,3,0,False,12,False,1
5134,64,Female,8,122.99,943.86,Two year,Mailed check,Fiber optic,Yes,No,Yes,No,6,86.3,2,4,False,24,False,0
5135,43,Female,3,120.72,377.03,One year,Mailed check,Fiber optic,Yes,No,No,No,9,91.5,0,1,False,12,False,0
5136,39,Male,12,109.81,1297.21,Month-to-month,Credit card,Fiber optic,Yes,Yes,No,No,4,14.9,2,3,True,1,False,1
5137,44,Male,8,139.58,1135.37,One year,Bank transfer,Fiber optic,No,Yes,Yes,No,13,124.7,3,3,False,12,False,1
5138,50,Male,1,83.86,82.67,Two year,Bank transfer,DSL,Yes,No,No,No,5,13.1,1,1,False,24,False,0
5139,58,Female,52,94.31,4952.63,Two year,Credit card,Fiber optic,Yes,Yes,No,No,12,20.4,1,2,True,24,False,0
5140,45,Male,52,125.56,6305.555,Month-to-month,Mailed check,Fiber optic,Yes,Yes,Yes,Yes,12,45.6,1,1,False,1,False,1
5141,54,Male,5,124.5,630.28,Month-to-month,Credit card,Fiber optic,Yes,No,No,No,5,47.7,3,3,False,1,False,1
5142,69,Male,4,107.97,432.27,Two year,Credit card,Fiber optic,No,Yes,No,No,16,79.8,1,3,False,24,True,1
5143,50,Female,19,75.93,1422.8,One year,Mailed check,DSL,Yes,No,Yes,No,6,121.6,3,1,False,12,False,0
5144,49,Female,23,85.09,1945.17,Month-to-month,Mailed check,DSL,Yes,Yes,Yes,No,3,42.5,2,2,False,1,False,1
5145,22,Male,71,78.51,5652.32,Month-to-month,Credit card,DSL,No,No,No,No,3,33.7,2,3,True,1,False,1
5146,18,Male,11,67.02,731.03,One year,Mailed check,DSL,No,Yes,Yes,Yes,9,113.5,4,1,False,12,False,1
5147,50,Female,23,131.67,2898.12,Month-to-month,Bank transfer,Fiber optic,Yes,No,Yes,Yes,5,125.6,3,2,False,1,False,0
5148,43,Female,50,40.32,2073.95,Month-to-month,Bank transfer,No,No,Yes,Yes,No,11,44.1,0,1,False,1,False,1
5149,37,Female,14,125.11,1780.32,Month-to-month,Credit card,Fiber optic,Yes,No,No,No,4,54.4,3,2,True,1,False,0
5150,48,Female,3,96.01,293.25,Month-to-month,Credit card,DSL,Yes,No,Yes,No,7,76.7,1,0,True,1,False,1
5151,44,Male,11,66.78,701.63,Month-to-month,Bank transfer,DSL,No,No,No,No,4,40.0,2,2,False,1,False,1
5152,61,Female,3,116.29,358.39,Month-to-month,Credit card,Fiber optic,No,No,Yes,Yes,7,5.9,1,3,False,1,False,1
5153,46,Male,1,95.19,97.82,Month-to-month,Electronic check,DSL,No,Yes,Yes,Yes,10,59.8,4,2,False,1,False,1
5154,33,Female,33,107.14,3639.78,Month-to-month,Bank transfer,Fiber optic,Yes,No,No,No,12,28.7,3,3,False,1,False,1
5155,59,Male,6,69.29,420.51,Month-to-month,Credit card,DSL,Yes,Yes,No,No,11,28.1,1,4,False,1,False,1
5156,41,Male,1,97.28,97.42,Month-to-month,Bank transfer,DSL,No,No,Yes,No,9,115.1,3,3,True,1,False,1
5157,52,Female,49,122.96,6249.61,Month-to-month,Mailed check,Fiber optic,Yes,No,Yes,Yes,9,97.4,1,1,False,1,False,1
5158,37,Male,14,142.61,2013.0,Month-to-month,Electronic check,Fiber optic,No,No,Yes,Yes,6,16.7,2,3,False,1,False,1
5159,35,Male,6,91.19,524.86,Month-to-month,Bank transfer,DSL,Yes,Yes,Yes,No,9,7.6,1,3,False,1,False,1
5160,46,Male,7,51.4,354.35,Month-to-month,Bank transfer,No,No,Yes,Yes,Yes,12,57.5,1,3,False,1,False,1
5161,45,Female,6,104.84,642.45,Month-to-month,Credit card,DSL,No,No,Yes,No,3,99.1,0,0,True,1,False,1
5162,52,Female,5,76.47,378.95,Two year,Bank transfer,DSL,Yes,Yes,Yes,No,7,96.3,2,1,False,24,False,0
5163,40,Female,44,111.28,5043.34,Month-to-month,Credit card,Fiber optic,Yes,No,No,No,9,108.3,0,1,False,1,False,0
5164,18,Male,4,130.96,522.12,Two year,Credit card,Fiber optic,No,Yes,Yes,Yes,10,129.8,3,3,True,24,False,1
5165,38,Male,19,93.74,1760.63,Month-to-month,Credit card,DSL,No,No,Yes,Yes,12,84.0,3,0,False,1,False,1
5166,56,Male,1,121.91,120.07,Two year,Credit card,Fiber optic,Yes,Yes,Yes,Yes,10,101.6,1,3,False,24,False,0
5167,40,Male,71,60.17,4193.02,Month-to-month,Bank transfer,DSL,No,Yes,No,No,6,67.3,4,1,False,1,False,0
5168,41,Female,22,50.67,1112.44,One year,Electronic check,No,No,Yes,Yes,No,10,67.7,1,3,False,12,False,0
5169,59,Male,56,115.15,6305.555,Month-to-month,Credit card,Fiber optic,Yes,No,No,No,6,114.6,1,2,True,1,False,1
5170,34,Male,12,75.0,938.23,Two year,Credit card,DSL,Yes,No,No,No,9,111.6,1,1,False,24,False,0
5171,21,Male,39,60.72,2422.97,Month-to-month,Bank transfer,DSL,Yes,Yes,No,No,8,65.6,3,0,False,1,False,1
5172,42,Female,46,123.66,5524.22,Two year,Mailed check,Fiber optic,Yes,No,Yes,Yes,15,63.8,6,3,False,24,False,1
5173,37,Male,29,88.23,2546.87,One year,Credit card,Fiber optic,Yes,Yes,No,No,7,30.1,2,1,False,12,False,1
5174,30,Female,2,124.27,243.73,One year,Bank transfer,Fiber optic,No,No,Yes,No,4,28.2,5,1,True,12,False,1
5175,42,Female,1,25.46,24.81,Two year,Bank transfer,No,No,Yes,No,No,9,105.4,4,0,False,24,False,1
5176,52,Male,4,93.36,379.35,Two year,Credit card,DSL,Yes,Yes,Yes,Yes,11,40.9,1,3,False,24,False,0
5177,44,Male,3,128.19,369.67,One year,Electronic check,Fiber optic,No,Yes,Yes,Yes,3,33.5,2,3,False,12,False,1
5178,49,Male,30,128.89,3683.41,Month-to-month,Bank transfer,Fiber optic,No,No,Yes,No,7,61.3,1,1,False,1,False,1
5179,72,Male,19,117.83,2219.42,Month-to-month,Electronic check,Fiber optic,No,No,Yes,Yes,5,60.0,1,4,True,1,True,0
5180,39,Female,17,116.96,1916.22,Month-to-month,Bank transfer,Fiber optic,Yes,No,Yes,Yes,8,37.7,4,0,False,1,False,1
5181,49,Female,6,93.26,560.17,Month-to-month,Credit card,DSL,Yes,No,No,No,14,65.8,3,4,True,1,False,1
5182,37,Female,4,103.16,414.71,Month-to-month,Bank transfer,DSL,No,No,Yes,Yes,4,106.3,0,4,True,1,False,1
5183,32,Female,5,115.63,558.83,One year,Electronic check,Fiber optic,Yes,No,Yes,Yes,3,118.7,1,4,True,12,False,1
5184,36,Female,12,92.38,1130.36,Two year,Bank transfer,Fiber optic,Yes,Yes,No,No,14,30.0,4,2,False,24,False,0
5185,37,Female,32,49.76,1530.86,Month-to-month,Credit card,No,No,No,Yes,Yes,11,68.9,0,2,False,1,False,0
5186,50,Female,7,95.37,675.43,One year,Credit card,DSL,No,No,Yes,No,8,126.4,3,1,False,12,False,1
5187,80,Female,28,92.16,2618.0,Month-to-month,Credit card,DSL,Yes,No,Yes,No,10,84.7,5,3,False,1,True,0
5188,34,Female,16,96.2,1586.82,Two year,Bank transfer,DSL,Yes,Yes,Yes,Yes,13,127.6,2,3,False,24,False,1
5189,38,Female,51,95.24,5045.15,Month-to-month,Mailed check,Fiber optic,No,Yes,No,No,9,65.8,2,3,False,1,False,0
5190,44,Male,6,48.23,294.31,One year,Bank transfer,No,No,No,No,No,7,76.2,0,3,True,12,False,1
5191,50,Male,14,76.33,1081.52,Two year,Credit card,DSL,No,Yes,Yes,No,10,47.3,0,5,False,24,False,0
5192,48,Male,2,112.76,229.52,Month-to-month,Credit card,Fiber optic,No,Yes,No,No,11,27.9,0,0,False,1,False,0
5193,64,Female,9,143.26,1292.87,One year,Bank transfer,Fiber optic,No,No,Yes,No,5,40.3,2,1,False,12,False,1
5194,18,Male,16,103.23,1670.99,Two year,Mailed check,Fiber optic,No,No,Yes,Yes,12,31.2,2,2,False,24,False,0
5195,18,Female,31,123.19,3973.92,Month-to-month,Electronic check,Fiber optic,No,Yes,Yes,Yes,11,68.3,4,3,False,1,False,1
5196,37,Female,5,98.06,499.83,Two year,Credit card,Fiber optic,Yes,No,No,No,10,47.6,2,1,False,24,False,1
5197,61,Male,5,119.01,583.22,Two year,Credit card,Fiber optic,Yes,Yes,Yes,Yes,9,17.8,1,1,True,24,False,0
5198,21,Female,23,67.92,1595.75,Month-to-month,Credit card,DSL,No,No,No,No,8,77.1,1,4,False,1,False,0
5199,18,Male,11,64.57,681.19,Month-to-month,Electronic check,No,No,Yes,Yes,Yes,7,107.9,3,2,False,1,False,1
5200,53,Female,15,109.97,1641.81,One year,Bank transfer,Fiber optic,Yes,No,No,No,9,25.4,2,3,True,12,False,0
5201,48,Female,43,87.32,3714.6,Two year,Mailed check,DSL,Yes,No,Yes,Yes,8,67.1,1,3,False,24,False,0
5202,28,Male,16,121.54,1912.43,Month-to-month,Bank transfer,Fiber optic,Yes,Yes,No,No,9,129.6,1,2,False,1,False,0
5203,30,Male,25,113.73,2878.31,One year,Credit card,Fiber optic,Yes,No,Yes,Yes,9,83.6,1,3,False,12,False,0
5204,30,Male,25,49.83,1204.53,Month-to-month,Mailed check,No,No,Yes,Yes,Yes,9,6.4,4,0,True,1,False,1
5205,46,Male,39,102.12,4158.71,Two year,Bank transfer,DSL,No,No,Yes,No,11,108.2,0,2,True,24,False,0
5206,35,Male,24,117.45,2750.44,One year,Bank transfer,Fiber optic,Yes,No,No,No,7,85.0,3,1,False,12,False,1
5207,52,Male,1,87.48,89.17,Month-to-month,Credit card,DSL,Yes,Yes,Yes,Yes,10,100.9,2,2,False,1,False,1
5208,18,Female,10,101.3,1006.69,One year,Mailed check,DSL,No,Yes,Yes,No,1,89.5,1,1,False,12,False,1
5209,32,Female,71,114.82,6305.555,Two year,Mailed check,Fiber optic,Yes,No,Yes,Yes,5,91.0,0,0,True,24,False,0
5210,28,Female,5,105.93,525.62,Month-to-month,Bank transfer,Fiber optic,No,No,Yes,Yes,10,61.2,1,2,False,1,False,0
5211,41,Female,21,117.28,2429.0,One year,Bank transfer,Fiber optic,No,No,No,No,8,129.7,2,2,False,12,False,0
5212,36,Male,44,99.78,4513.39,Month-to-month,Electronic check,Fiber optic,No,Yes,No,No,10,69.0,1,3,False,1,False,1
5213,56,Female,21,107.97,2303.33,One year,Bank transfer,Fiber optic,No,No,No,No,10,36.1,4,2,True,12,False,1
5214,18,Female,11,44.96,511.04,One year,Bank transfer,No,No,No,No,No,7,100.0,4,0,False,12,False,0
5215,45,Male,2,94.17,179.71,Month-to-month,Credit card,Fiber optic,No,No,Yes,Yes,6,31.9,1,1,False,1,False,0
5216,53,Female,10,66.9,691.26,One year,Bank transfer,DSL,No,No,No,No,11,31.2,3,2,False,12,False,0
5217,72,Male,4,104.72,415.18,One year,Bank transfer,Fiber optic,No,Yes,No,No,9,76.3,5,2,False,12,True,0
5218,37,Male,71,86.29,6062.86,Two year,Bank transfer,DSL,Yes,No,Yes,Yes,4,87.9,2,2,True,24,False,0
5219,49,Male,30,96.33,2804.33,Month-to-month,Mailed check,DSL,Yes,Yes,Yes,Yes,6,33.3,4,1,False,1,False,0
5220,18,Female,33,106.03,3445.33,Month-to-month,Credit card,Fiber optic,Yes,Yes,Yes,Yes,7,92.1,3,0,False,1,False,0
5221,18,Male,13,113.31,1450.38,Two year,Mailed check,Fiber optic,Yes,Yes,No,No,8,41.7,3,3,False,24,False,0
5222,57,Female,2,112.33,216.63,Two year,Credit card,Fiber optic,No,No,Yes,Yes,6,47.7,1,5,False,24,False,0
5223,44,Female,7,32.54,230.04,Month-to-month,Electronic check,No,No,Yes,No,No,10,67.8,2,1,True,1,False,1
5224,62,Female,7,66.48,445.94,Two year,Bank transfer,DSL,No,No,Yes,Yes,11,99.0,3,1,False,24,False,1
5225,24,Male,16,82.46,1319.38,One year,Bank transfer,DSL,Yes,Yes,Yes,Yes,7,67.1,2,3,False,12,False,0
5226,52,Male,14,99.7,1380.68,Two year,Credit card,DSL,No,No,Yes,Yes,7,126.9,0,1,False,24,False,0
5227,73,Male,13,103.33,1385.63,Month-to-month,Bank transfer,DSL,No,No,Yes,No,5,93.4,3,5,False,1,True,1
5228,51,Female,16,96.39,1499.09,Month-to-month,Credit card,Fiber optic,No,No,No,No,6,66.9,1,2,True,1,False,0
5229,49,Female,71,71.18,5155.74,Month-to-month,Credit card,DSL,No,Yes,No,No,10,28.1,1,1,False,1,False,1
5230,45,Male,8,154.55,1189.19,Two year,Bank transfer,Fiber optic,No,No,Yes,Yes,7,10.9,4,0,False,24,False,1
5231,21,Female,22,102.32,2299.87,Month-to-month,Credit card,Fiber optic,No,No,No,No,6,18.5,2,2,False,1,False,1
5232,65,Male,6,115.72,682.17,Two year,Mailed check,Fiber optic,Yes,No,Yes,Yes,9,123.6,1,2,True,24,True,1
5233,35,Male,15,69.36,1088.16,One year,Credit card,DSL,Yes,Yes,No,No,7,26.9,3,2,True,12,False,0
5234,52,Female,5,138.35,719.9,Month-to-month,Credit card,Fiber optic,Yes,No,Yes,No,10,94.5,0,1,False,1,False,1
5235,21,Female,19,108.91,2064.87,Month-to-month,Credit card,Fiber optic,Yes,No,Yes,Yes,13,110.1,2,2,True,1,False,1
5236,27,Male,7,59.45,428.19,One year,Electronic check,DSL,No,Yes,No,No,7,77.8,1,2,False,12,False,1
5237,66,Female,1,105.51,101.02,One year,Electronic check,Fiber optic,Yes,Yes,No,No,8,84.1,3,1,True,12,True,1
5238,39,Male,40,68.91,2834.22,Month-to-month,Bank transfer,DSL,No,No,No,No,6,30.9,0,2,False,1,False,1
5239,66,Male,3,52.71,157.3,Two year,Bank transfer,No,No,Yes,No,No,10,104.0,6,4,False,24,True,0
5240,43,Female,11,129.9,1370.98,One year,Bank transfer,Fiber optic,No,No,Yes,Yes,7,40.6,1,3,True,12,False,1
5241,18,Male,15,103.85,1523.22,Two year,Mailed check,Fiber optic,Yes,No,No,No,5,90.7,2,0,False,24,False,0
5242,58,Female,13,112.98,1439.27,One year,Credit card,Fiber optic,No,No,Yes,No,5,35.9,0,0,True,12,False,1
5243,36,Male,31,132.94,4210.46,Month-to-month,Electronic check,Fiber optic,Yes,Yes,Yes,Yes,9,41.0,3,1,False,1,False,1
5244,55,Female,21,121.89,2633.03,One year,Electronic check,Fiber optic,Yes,Yes,Yes,Yes,8,14.4,4,0,False,12,False,1
5245,45,Female,8,105.7,848.42,Two year,Credit card,Fiber optic,Yes,No,Yes,Yes,11,77.1,1,2,False,24,False,0
5246,21,Male,1,113.9,111.97,Month-to-month,Bank transfer,Fiber optic,Yes,No,No,No,6,35.8,2,1,False,1,False,0
5247,47,Female,35,128.92,4470.44,Two year,Credit card,Fiber optic,Yes,Yes,Yes,Yes,3,105.3,3,1,False,24,False,0
5248,77,Female,10,92.39,935.44,Month-to-month,Credit card,DSL,Yes,Yes,Yes,Yes,5,77.4,0,2,False,1,True,1
5249,52,Male,52,74.3,3914.4,Two year,Credit card,DSL,No,No,Yes,Yes,8,29.4,2,3,True,24,False,0
5250,44,Female,12,82.06,953.32,Two year,Electronic check,DSL,Yes,No,No,No,11,69.3,3,0,True,24,False,0
5251,61,Male,30,105.97,3179.28,One year,Bank transfer,Fiber optic,Yes,No,Yes,No,10,36.4,2,3,True,12,False,0
5252,48,Female,67,95.07,6305.555,Month-to-month,Bank transfer,DSL,Yes,Yes,No,No,8,8.7,1,2,False,1,False,0
5253,48,Male,25,113.21,2900.88,One year,Electronic check,Fiber optic,Yes,No,Yes,Yes,11,45.1,2,1,False,12,False,1
5254,28,Male,12,107.81,1289.47,Two year,Electronic check,DSL,Yes,Yes,Yes,No,10,60.0,1,1,True,24,False,0
5255,48,Male,20,95.74,1998.41,Month-to-month,Bank transfer,DSL,Yes,No,Yes,Yes,12,114.1,3,1,False,1,False,0
5256,60,Male,18,92.21,1687.27,One year,Credit card,Fiber optic,No,Yes,No,No,4,11.2,0,3,False,12,False,1
5257,32,Female,21,76.49,1641.97,One year,Credit card,DSL,No,No,Yes,No,7,34.3,5,3,False,12,False,1
5258,66,Male,3,133.04,402.57,Month-to-month,Credit card,Fiber optic,Yes,Yes,Yes,No,10,46.6,3,2,False,1,True,1
5259,43,Female,28,96.57,2797.37,Month-to-month,Credit card,Fiber optic,No,No,No,No,8,62.1,0,5,False,1,False,1
5260,31,Male,3,77.39,228.91,Month-to-month,Electronic check,DSL,Yes,No,No,No,5,34.4,1,3,True,1,False,1
5261,59,Female,1,46.13,43.97,Month-to-month,Credit card,No,No,No,Yes,Yes,6,67.9,3,0,True,1,False,0
5262,40,Male,23,118.96,2630.61,Two year,Bank transfer,Fiber optic,Yes,No,Yes,Yes,12,33.1,6,2,False,24,False,1
5263,56,Female,2,100.15,198.87,Two year,Credit card,Fiber optic,No,No,No,No,7,24.6,1,1,False,24,False,0
5264,40,Female,35,105.61,3656.56,Month-to-month,Bank transfer,Fiber optic,No,No,No,No,9,83.6,0,4,False,1,False,0
5265,44,Male,48,96.53,4608.91,Two year,Bank transfer,DSL,Yes,No,Yes,No,11,17.6,6,1,True,24,False,1
5266,52,Male,69,78.25,5420.28,Month-to-month,Credit card,DSL,Yes,No,Yes,Yes,10,87.0,2,1,True,1,False,0
5267,49,Male,26,130.96,3373.58,Month-to-month,Credit card,Fiber optic,Yes,No,Yes,Yes,7,17.5,3,1,False,1,False,1
5268,18,Female,15,122.11,1748.54,Month-to-month,Mailed check,Fiber optic,No,No,No,No,8,114.9,2,4,True,1,False,1
5269,28,Female,10,81.14,835.72,Two year,Bank transfer,DSL,No,No,No,No,8,97.5,5,3,True,24,False,1
5270,58,Female,16,99.17,1655.7,Two year,Credit card,DSL,No,No,Yes,Yes,6,33.1,1,4,False,24,False,0
5271,43,Female,5,130.0,655.14,One year,Electronic check,Fiber optic,Yes,No,Yes,Yes,4,38.9,2,1,False,12,False,1
5272,37,Male,10,62.95,627.48,Month-to-month,Electronic check,DSL,No,No,No,No,8,117.3,2,3,False,1,False,1
5273,24,Male,30,82.01,2365.34,Month-to-month,Credit card,DSL,Yes,Yes,No,No,11,12.9,2,0,False,1,False,0
5274,28,Male,5,109.35,569.89,One year,Credit card,DSL,No,No,Yes,Yes,7,107.0,3,1,True,12,False,0
5275,18,Male,7,121.06,835.7,Month-to-month,Electronic check,Fiber optic,No,No,Yes,Yes,13,56.4,4,3,False,1,False,1
5276,43,Female,33,74.73,2534.01,Month-to-month,Electronic check,DSL,Yes,No,Yes,No,7,129.5,0,2,True,1,False,0
5277,36,Female,4,87.45,339.07,One year,Bank transfer,Fiber optic,No,No,No,No,7,53.4,1,1,False,12,False,1
5278,30,Male,6,44.24,276.3,Month-to-month,Bank transfer,No,No,No,No,No,12,122.5,1,1,True,1,False,0
5279,43,Female,1,97.6,99.67,Month-to-month,Bank transfer,Fiber optic,Yes,Yes,No,No,11,27.8,5,1,False,1,False,1
5280,50,Male,30,120.5,3547.53,Month-to-month,Credit card,Fiber optic,Yes,No,Yes,Yes,10,12.6,0,5,True,1,False,0
5281,76,Female,23,108.34,2556.23,One year,Electronic check,Fiber optic,No,No,Yes,Yes,7,59.3,2,0,False,12,True,1
5282,22,Female,28,141.73,3890.77,Two year,Credit card,Fiber optic,Yes,No,Yes,No,10,29.9,3,0,True,24,False,0
5283,62,Female,5,82.17,399.13,Month-to-month,Bank transfer,DSL,Yes,No,No,No,11,100.5,2,1,False,1,False,1
5284,59,Female,27,79.7,2218.11,Month-to-month,Bank transfer,DSL,Yes,No,Yes,Yes,4,73.2,0,1,False,1,False,0
5285,33,Female,21,80.22,1757.05,Month-to-month,Credit card,DSL,Yes,Yes,No,No,7,89.5,1,0,False,1,False,0
5286,48,Female,10,59.91,572.25,Month-to-month,Electronic check,DSL,No,No,No,No,9,65.8,0,1,False,1,False,1
5287,38,Male,13,64.21,800.26,One year,Credit card,No,No,No,Yes,No,9,21.4,1,2,False,12,False,0
5288,47,Female,20,47.09,978.17,Month-to-month,Credit card,No,No,No,Yes,No,4,73.0,2,3,False,1,False,1
5289,67,Male,16,72.39,1210.04,Month-to-month,Bank transfer,DSL,No,No,Yes,No,3,33.2,4,0,False,1,True,1
5290,54,Male,24,112.41,2753.49,One year,Credit card,Fiber optic,Yes,No,Yes,No,4,90.7,0,2,False,12,False,0
5291,52,Male,4,107.59,427.37,Month-to-month,Credit card,Fiber optic,Yes,No,Yes,No,10,23.5,2,0,True,1,False,0
5292,38,Male,18,143.27,2583.33,Two year,Electronic check,Fiber optic,No,No,Yes,Yes,3,128.9,4,2,False,24,False,0
5293,22,Male,14,117.95,1630.0,Month-to-month,Electronic check,Fiber optic,No,No,No,No,10,9.8,2,2,True,1,False,1
5294,41,Male,14,59.66,872.31,Month-to-month,Credit card,DSL,Yes,No,No,No,5,91.9,3,2,False,1,False,0
5295,63,Female,15,108.11,1651.08,Month-to-month,Electronic check,Fiber optic,No,No,No,No,14,127.6,1,2,False,1,False,1
5296,22,Female,51,134.12,6305.555,Month-to-month,Bank transfer,Fiber optic,No,No,Yes,Yes,8,120.3,2,2,False,1,False,1
5297,29,Female,40,109.26,4546.96,Two year,Bank transfer,Fiber optic,No,No,No,No,5,95.5,2,1,False,24,False,1
5298,46,Male,23,123.96,2903.94,One year,Electronic check,Fiber optic,No,Yes,Yes,Yes,14,90.0,4,1,False,12,False,1
5299,30,Male,30,41.85,1222.1,Month-to-month,Credit card,No,No,No,No,No,5,123.0,6,1,False,1,False,1
5300,33,Male,1,114.77,114.19,One year,Credit card,Fiber optic,No,No,Yes,Yes,6,75.8,1,2,False,12,False,1
5301,38,Female,32,89.77,2922.59,Two year,Electronic check,Fiber optic,Yes,No,No,No,10,32.9,0,1,False,24,False,0
5302,24,Female,15,65.91,985.58,Month-to-month,Mailed check,DSL,No,No,Yes,Yes,5,122.2,4,1,False,1,False,0
5303,30,Female,9,99.51,890.44,Month-to-month,Mailed check,Fiber optic,Yes,No,Yes,No,12,113.4,0,2,False,1,False,1
5304,55,Male,3,82.41,245.33,Month-to-month,Credit card,Fiber optic,Yes,No,No,No,10,54.6,2,1,False,1,False,1
5305,25,Male,1,85.55,82.8,Two year,Credit card,DSL,No,No,No,No,10,116.7,3,1,True,24,False,0
5306,21,Male,1,99.08,97.95,Month-to-month,Credit card,Fiber optic,Yes,No,Yes,Yes,8,89.1,1,0,False,1,False,1
5307,35,Female,4,57.51,241.26,Month-to-month,Bank transfer,DSL,Yes,Yes,No,No,7,70.9,3,1,False,1,False,1
5308,55,Male,1,104.01,101.48,Month-to-month,Credit card,DSL,Yes,No,Yes,No,5,57.7,1,2,False,1,False,1
5309,42,Male,31,112.37,3417.46,One year,Credit card,DSL,Yes,No,Yes,Yes,7,59.4,1,1,False,12,False,0
5310,38,Male,6,69.09,433.75,Two year,Electronic check,DSL,No,No,No,No,5,8.7,1,1,False,24,False,1
5311,45,Male,11,131.42,1447.36,Month-to-month,Credit card,Fiber optic,No,Yes,Yes,Yes,7,21.5,1,0,False,1,False,0
5312,18,Female,41,49.41,2080.86,Month-to-month,Mailed check,No,No,Yes,No,No,9,111.2,2,1,True,1,False,1
5313,52,Female,2,112.98,220.23,Two year,Bank transfer,Fiber optic,Yes,Yes,Yes,Yes,9,30.4,1,3,True,24,False,1
5314,50,Male,43,123.67,5266.05,Month-to-month,Credit card,Fiber optic,Yes,Yes,Yes,Yes,7,55.2,2,1,False,1,False,1
5315,38,Male,24,114.18,2773.83,Month-to-month,Electronic check,Fiber optic,No,No,Yes,Yes,4,15.4,2,3,False,1,False,1
5316,60,Female,10,85.29,831.62,One year,Bank transfer,DSL,Yes,Yes,No,No,11,89.0,1,3,True,12,False,1
5317,28,Female,3,76.48,226.8,One year,Credit card,DSL,No,Yes,No,No,9,13.1,1,5,False,12,False,1
5318,61,Male,2,78.14,155.9,Month-to-month,Credit card,DSL,Yes,No,No,No,7,108.0,0,0,False,1,False,0
5319,47,Female,9,119.6,1113.16,Month-to-month,Bank transfer,Fiber optic,No,Yes,No,No,5,15.1,3,2,True,1,False,1
5320,39,Female,3,106.79,326.54,One year,Mailed check,Fiber optic,No,Yes,No,No,12,41.2,2,1,False,12,False,1
5321,44,Male,7,84.06,612.92,One year,Credit card,DSL,Yes,Yes,Yes,Yes,8,13.2,5,0,False,12,False,1
5322,43,Female,1,109.77,114.9,Two year,Bank transfer,Fiber optic,Yes,Yes,Yes,Yes,6,118.5,3,2,False,24,False,0
5323,63,Female,21,35.41,741.59,Two year,Credit card,No,No,No,Yes,No,9,81.5,5,1,False,24,False,1
5324,28,Female,3,52.57,156.45,Month-to-month,Credit card,DSL,Yes,No,No,No,7,93.7,3,0,True,1,False,1
5325,33,Female,33,114.78,3810.67,Two year,Bank transfer,Fiber optic,Yes,Yes,Yes,Yes,8,86.3,2,1,False,24,False,0
5326,60,Male,5,68.04,353.74,Month-to-month,Bank transfer,DSL,No,No,No,No,10,24.9,1,1,True,1,False,1
5327,36,Female,38,97.52,3527.79,Two year,Electronic check,Fiber optic,No,No,No,No,9,98.1,3,3,False,24,False,0
5328,58,Female,5,100.0,486.6,One year,Bank transfer,Fiber optic,Yes,No,No,No,8,22.1,0,4,True,12,False,1
5329,70,Male,30,116.96,3627.26,One year,Credit card,Fiber optic,No,No,Yes,Yes,4,26.9,1,3,True,12,True,0
5330,38,Female,9,138.18,1246.36,One year,Bank transfer,Fiber optic,Yes,Yes,Yes,No,8,58.4,1,0,False,12,False,0
5331,55,Male,20,127.32,2631.27,Month-to-month,Bank transfer,Fiber optic,Yes,No,No,No,12,99.5,1,1,False,1,False,1
5332,27,Male,1,69.39,70.44,Month-to-month,Electronic check,DSL,No,Yes,No,No,10,96.9,0,2,False,1,False,1
5333,56,Female,16,80.79,1333.1,Month-to-month,Bank transfer,DSL,Yes,Yes,No,No,11,115.0,1,3,False,1,False,1
5334,47,Female,3,131.93,392.56,Two year,Electronic check,Fiber optic,Yes,No,Yes,Yes,9,8.7,2,3,False,24,False,1
5335,52,Female,15,84.79,1209.53,Month-to-month,Bank transfer,DSL,Yes,No,No,No,8,40.9,2,3,True,1,False,0
5336,35,Female,3,91.48,279.22,Month-to-month,Bank transfer,DSL,Yes,Yes,Yes,No,6,13.8,3,3,False,1,False,1
5337,20,Female,13,75.23,977.7,Two year,Electronic check,DSL,Yes,No,Yes,No,7,5.7,1,0,False,24,False,0
5338,52,Male,2,77.8,163.12,Month-to-month,Bank transfer,DSL,No,Yes,No,No,15,26.7,1,2,False,1,False,1
5339,18,Female,5,72.27,347.63,Two year,Credit card,DSL,Yes,Yes,No,No,14,16.3,3,1,False,24,False,0
5340,40,Male,21,102.88,2186.3,Month-to-month,Bank transfer,Fiber optic,No,No,No,No,10,60.4,1,4,False,1,False,1
5341,59,Female,71,93.33,6305.555,Month-to-month,Bank transfer,DSL,No,Yes,Yes,No,8,63.7,1,1,True,1,False,1
5342,47,Male,14,96.47,1350.9,Month-to-month,Bank transfer,Fiber optic,No,No,No,No,5,13.3,1,0,True,1,False,1
5343,74,Female,27,118.44,3061.44,Two year,Electronic check,Fiber optic,No,No,No,No,6,21.6,1,3,False,24,True,1
5344,60,Female,18,100.51,1874.49,Month-to-month,Credit card,Fiber optic,Yes,No,No,No,11,21.6,2,1,False,1,False,1
5345,35,Female,16,100.3,1667.63,Month-to-month,Electronic check,Fiber optic,No,No,No,No,5,58.6,2,2,True,1,False,1
5346,45,Female,1,58.01,57.96,One year,Mailed check,No,No,No,Yes,No,4,77.8,0,3,False,12,False,1
5347,44,Female,3,84.69,243.49,Two year,Credit card,DSL,Yes,No,No,No,5,43.3,0,3,False,24,False,1
5348,21,Male,51,102.35,5262.21,Month-to-month,Mailed check,Fiber optic,Yes,Yes,Yes,No,7,7.6,3,3,True,1,False,1
5349,30,Female,12,91.18,1070.82,One year,Bank transfer,DSL,Yes,No,Yes,Yes,5,40.0,4,2,False,12,False,0
5350,36,Female,22,98.05,2054.63,One year,Bank transfer,Fiber optic,Yes,Yes,No,No,6,99.6,2,0,False,12,False,1
5351,18,Female,18,103.09,1916.8,One year,Credit card,DSL,Yes,Yes,Yes,Yes,3,87.9,2,3,False,12,False,1
5352,45,Male,11,57.97,614.02,Month-to-month,Bank transfer,DSL,No,Yes,No,No,7,44.7,2,2,True,1,False,0
5353,41,Female,11,83.4,956.4,Month-to-month,Mailed check,DSL,Yes,Yes,Yes,No,7,108.3,2,1,False,1,False,1
5354,19,Male,19,89.19,1722.25,Month-to-month,Credit card,Fiber optic,No,No,No,No,8,48.1,2,2,False,1,False,1
5355,51,Female,3,59.67,172.62,One year,Electronic check,DSL,Yes,Yes,No,No,6,60.5,1,4,True,12,False,1
5356,55,Male,11,108.28,1163.24,Month-to-month,Bank transfer,Fiber optic,No,Yes,Yes,Yes,10,48.4,4,3,False,1,False,1
5357,48,Female,14,42.46,622.77,One year,Electronic check,No,No,Yes,No,No,4,75.0,0,0,False,12,False,0
5358,40,Female,71,94.76,6305.555,Month-to-month,Bank transfer,DSL,Yes,No,Yes,Yes,9,37.1,2,2,True,1,False,1
5359,53,Male,10,51.75,516.57,Month-to-month,Credit card,No,No,No,No,No,4,20.9,1,4,False,1,False,1
5360,55,Female,24,76.18,1911.34,One year,Electronic check,DSL,Yes,Yes,No,No,4,93.6,0,4,False,12,False,1
5361,49,Male,3,106.31,303.95,Two year,Bank transfer,Fiber optic,No,Yes,Yes,No,10,45.1,1,1,True,24,False,0
5362,32,Female,1,59.79,59.09,One year,Credit card,No,No,No,Yes,Yes,6,55.7,2,1,False,12,False,0
5363,49,Female,49,53.78,2719.08,Month-to-month,Credit card,No,No,No,Yes,Yes,10,8.9,4,4,False,1,False,0
5364,62,Male,31,100.15,3245.95,Month-to-month,Credit card,Fiber optic,No,Yes,No,No,9,102.0,1,3,False,1,False,0
5365,36,Female,9,52.16,482.78,One year,Electronic check,No,No,No,Yes,Yes,9,69.5,1,5,True,12,False,1
5366,76,Male,16,90.8,1472.74,Month-to-month,Bank transfer,DSL,Yes,No,Yes,Yes,8,127.6,0,1,False,1,True,0
5367,37,Male,3,107.18,309.6,One year,Credit card,Fiber optic,No,No,No,No,6,5.4,0,3,False,12,False,1
5368,45,Female,29,83.07,2417.9,Month-to-month,Bank transfer,DSL,Yes,No,No,No,6,49.6,2,2,False,1,False,0
5369,34,Female,1,73.17,73.72,Two year,Bank transfer,DSL,No,No,Yes,Yes,8,76.3,0,0,False,24,False,0
5370,48,Female,33,123.24,4200.43,Two year,Credit card,Fiber optic,No,No,No,No,5,18.8,3,1,False,24,False,1
5371,18,Male,18,89.11,1631.1,Month-to-month,Bank transfer,DSL,No,No,Yes,No,10,40.4,0,3,True,1,False,1
5372,36,Male,7,54.95,397.94,One year,Bank transfer,No,No,No,Yes,Yes,3,26.9,2,1,True,12,False,1
5373,28,Female,47,122.5,5803.95,Month-to-month,Bank transfer,Fiber optic,Yes,Yes,No,No,6,76.6,0,0,False,1,False,0
5374,47,Male,71,45.89,3183.65,Month-to-month,Credit card,No,No,Yes,Yes,No,9,69.3,1,2,False,1,False,0
5375,59,Male,7,121.04,868.4,Month-to-month,Bank transfer,Fiber optic,Yes,No,Yes,Yes,7,47.6,2,1,True,1,False,0
5376,54,Male,39,125.32,4954.04,One year,Credit card,Fiber optic,No,Yes,No,No,15,109.4,3,2,False,12,False,1
5377,18,Male,33,97.61,3172.22,Month-to-month,Electronic check,DSL,Yes,No,Yes,Yes,6,79.7,1,2,False,1,False,1
5378,75,Female,33,113.51,3865.54,Two year,Mailed check,Fiber optic,No,No,Yes,No,12,128.6,1,4,False,24,True,1
5379,49,Female,71,75.74,5662.26,Month-to-month,Credit card,DSL,Yes,No,No,No,5,88.8,5,1,False,1,False,0
5380,33,Female,16,94.24,1543.11,Month-to-month,Mailed check,DSL,No,No,Yes,Yes,7,66.0,2,6,False,1,False,1
5381,47,Male,26,93.78,2434.38,Month-to-month,Electronic check,DSL,No,No,No,No,6,122.8,5,1,False,1,False,1
5382,47,Male,41,116.75,4695.47,One year,Bank transfer,Fiber optic,Yes,Yes,Yes,Yes,6,128.5,1,2,False,12,False,1
5383,34,Male,15,97.99,1429.95,Month-to-month,Electronic check,DSL,No,No,Yes,Yes,11,39.7,3,6,True,1,False,1
5384,47,Male,15,114.64,1776.45,Month-to-month,Electronic check,Fiber optic,No,No,Yes,Yes,8,82.1,2,2,True,1,False,1
5385,35,Female,9,99.28,906.99,Month-to-month,Electronic check,Fiber optic,No,No,No,No,10,68.4,1,2,False,1,False,1
5386,38,Male,36,59.11,2157.91,Month-to-month,Credit card,DSL,No,Yes,No,No,11,75.6,2,3,False,1,False,1
5387,34,Male,27,142.62,3735.39,Month-to-month,Credit card,Fiber optic,Yes,No,Yes,Yes,8,38.5,3,0,False,1,False,0
5388,23,Female,14,113.53,1598.26,Month-to-month,Credit card,Fiber optic,No,No,No,No,5,87.3,1,1,False,1,False,1
5389,47,Female,13,42.23,575.75,Month-to-month,Bank transfer,No,No,Yes,No,No,7,101.4,0,1,False,1,False,1
5390,53,Female,1,103.93,103.38,Month-to-month,Credit card,DSL,Yes,No,Yes,No,11,38.3,3,0,False,1,False,0
5391,52,Male,1,120.51,121.13,Month-to-month,Mailed check,Fiber optic,No,No,No,No,6,17.6,2,3,True,1,False,1
5392,57,Male,18,93.94,1754.5,One year,Bank transfer,Fiber optic,Yes,Yes,No,No,8,48.7,1,5,False,12,False,0
5393,49,Male,12,33.05,411.42,Month-to-month,Bank transfer,No,No,Yes,No,No,10,54.4,3,3,True,1,False,1
5394,37,Male,38,115.34,4192.72,Month-to-month,Credit card,Fiber optic,No,No,Yes,No,9,77.3,4,4,False,1,False,1
5395,57,Male,18,110.87,2076.05,One year,Electronic check,Fiber optic,No,Yes,No,No,16,74.9,0,2,True,12,False,1
5396,24,Male,66,87.19,5844.37,One year,Credit card,DSL,Yes,No,Yes,Yes,7,39.5,6,4,False,12,False,0
5397,31,Female,5,87.29,429.57,Two year,Credit card,DSL,No,No,Yes,Yes,14,70.8,0,1,False,24,False,0
5398,30,Male,71,86.54,6305.555,Month-to-month,Electronic check,DSL,No,Yes,Yes,Yes,6,51.0,1,1,False,1,False,1
5399,61,Female,8,103.39,826.15,Two year,Bank transfer,Fiber optic,No,Yes,No,No,7,50.7,2,4,False,24,False,0
5400,59,Female,24,98.86,2384.06,One year,Mailed check,Fiber optic,No,No,Yes,Yes,5,104.6,1,3,False,12,False,1
5401,52,Female,16,105.62,1713.2,Two year,Mailed check,DSL,Yes,No,Yes,Yes,11,49.1,2,2,True,24,False,0
5402,61,Male,10,124.3,1281.09,Two year,Electronic check,Fiber optic,Yes,No,No,No,7,98.5,5,2,True,24,False,0
5403,31,Male,3,87.5,261.76,Month-to-month,Bank transfer,DSL,Yes,No,Yes,No,5,108.4,4,5,False,1,False,0
5404,50,Female,3,86.48,253.2,Month-to-month,Credit card,Fiber optic,No,Yes,No,No,7,122.0,3,2,False,1,False,1
5405,43,Male,29,130.93,3839.64,One year,Credit card,Fiber optic,Yes,Yes,Yes,Yes,7,127.0,2,2,False,12,False,0
5406,57,Male,11,57.25,659.45,Month-to-month,Bank transfer,No,No,No,Yes,Yes,10,76.8,3,1,False,1,False,1
5407,43,Female,71,70.97,4904.14,Two year,Bank transfer,DSL,No,No,Yes,Yes,8,70.2,3,3,True,24,False,1
5408,39,Male,9,119.73,1024.41,Month-to-month,Bank transfer,Fiber optic,No,Yes,Yes,Yes,12,124.1,6,0,False,1,False,1
5409,53,Male,71,41.44,2950.34,Two year,Credit card,No,No,No,Yes,Yes,7,38.1,1,1,False,24,False,1
5410,58,Male,5,118.74,596.32,Month-to-month,Mailed check,Fiber optic,Yes,No,Yes,Yes,8,47.8,3,1,False,1,False,1
5411,34,Male,2,84.07,168.32,Month-to-month,Bank transfer,DSL,No,No,Yes,Yes,5,36.3,3,4,False,1,False,1
5412,44,Female,8,92.28,724.59,Two year,Credit card,Fiber optic,No,Yes,No,No,5,100.6,2,3,False,24,False,1
5413,29,Female,52,125.43,6305.555,Month-to-month,Bank transfer,Fiber optic,Yes,Yes,Yes,Yes,12,29.4,3,3,False,1,False,0
5414,18,Male,17,86.71,1436.32,Month-to-month,Credit card,DSL,Yes,No,Yes,Yes,7,102.6,2,0,False,1,False,1
5415,48,Male,3,57.83,166.94,Month-to-month,Credit card,DSL,No,No,No,No,6,116.0,3,6,True,1,False,1
5416,54,Male,5,139.33,677.4,Two year,Bank transfer,Fiber optic,No,No,Yes,Yes,6,73.4,1,4,True,24,False,1
5417,48,Female,8,90.79,697.07,One year,Credit card,Fiber optic,No,No,No,No,5,44.2,3,5,False,12,False,1
5418,18,Male,21,49.0,1064.59,Two year,Electronic check,No,No,No,Yes,Yes,5,98.8,2,1,False,24,False,0
5419,39,Male,9,76.71,683.59,Month-to-month,Bank transfer,DSL,No,No,No,No,6,33.1,1,3,True,1,False,1
5420,18,Female,32,147.57,4878.38,Month-to-month,Credit card,Fiber optic,No,No,Yes,Yes,4,68.2,3,2,False,1,False,0
5421,65,Male,22,84.21,1878.18,Month-to-month,Bank transfer,DSL,Yes,No,Yes,Yes,12,111.9,2,2,False,1,True,1
5422,28,Female,49,61.52,3006.81,Month-to-month,Mailed check,No,No,Yes,Yes,No,6,24.7,2,4,True,1,False,0
5423,63,Male,16,83.07,1276.26,Month-to-month,Mailed check,DSL,No,Yes,No,No,7,25.3,5,2,False,1,False,1
5424,59,Female,9,78.92,677.4,One year,Electronic check,DSL,No,No,Yes,Yes,11,33.8,2,1,False,12,False,1
5425,31,Male,71,91.65,6305.555,Month-to-month,Electronic check,DSL,Yes,Yes,Yes,Yes,16,72.7,2,3,False,1,False,1
5426,28,Male,10,122.0,1183.4,Month-to-month,Credit card,Fiber optic,No,No,No,No,10,113.1,1,1,False,1,False,1
5427,50,Female,13,69.06,892.67,Month-to-month,Electronic check,DSL,Yes,No,No,No,9,101.2,3,2,True,1,False,1
5428,32,Female,39,115.93,4723.11,Month-to-month,Mailed check,Fiber optic,Yes,No,Yes,Yes,7,8.9,3,5,False,1,False,1
5429,46,Female,2,139.26,268.32,Month-to-month,Mailed check,Fiber optic,Yes,Yes,Yes,Yes,7,32.8,2,0,True,1,False,1
5430,37,Female,11,105.02,1179.08,Month-to-month,Electronic check,Fiber optic,No,Yes,Yes,No,5,74.2,6,1,False,1,False,1
5431,18,Female,2,60.37,117.26,Month-to-month,Bank transfer,DSL,No,No,No,No,4,16.8,2,0,True,1,False,0
5432,18,Male,3,103.52,302.51,Two year,Electronic check,DSL,Yes,No,Yes,Yes,9,48.3,1,2,False,24,False,1
5433,48,Female,1,97.0,98.34,Month-to-month,Credit card,DSL,Yes,No,Yes,Yes,4,57.0,1,2,False,1,False,1
5434,36,Female,1,129.07,124.31,Two year,Credit card,Fiber optic,Yes,No,Yes,Yes,7,24.2,2,2,False,24,False,0
5435,36,Female,11,95.42,1037.83,Month-to-month,Credit card,Fiber optic,No,No,No,No,7,22.6,0,1,False,1,False,1
5436,55,Female,39,77.61,2990.53,One year,Bank transfer,DSL,No,No,Yes,No,13,15.4,0,3,True,12,False,1
5437,62,Male,21,121.14,2532.57,Month-to-month,Bank transfer,Fiber optic,Yes,No,Yes,No,12,20.5,3,0,False,1,False,1
5438,40,Male,24,50.8,1197.07,One year,Credit card,DSL,No,No,No,No,9,63.8,3,2,False,12,False,0
5439,39,Male,17,99.5,1653.17,Month-to-month,Credit card,Fiber optic,Yes,No,No,No,6,73.0,3,3,True,1,False,0
5440,52,Male,41,53.52,2256.19,Month-to-month,Electronic check,No,No,No,Yes,Yes,16,11.0,1,1,False,1,False,1
5441,24,Male,50,78.35,3752.87,Two year,Credit card,DSL,No,Yes,No,No,9,44.6,4,1,True,24,False,0
5442,48,Female,45,100.15,4664.41,One year,Electronic check,Fiber optic,Yes,Yes,No,No,10,94.1,1,2,False,12,False,1
5443,53,Male,40,112.38,4647.31,Month-to-month,Mailed check,Fiber optic,Yes,No,No,No,7,59.1,1,1,False,1,False,1
5444,55,Male,4,107.6,449.02,Month-to-month,Bank transfer,Fiber optic,No,No,Yes,Yes,6,45.8,1,3,False,1,False,1
5445,18,Female,21,115.26,2357.46,Month-to-month,Electronic check,Fiber optic,No,No,No,No,11,108.2,2,2,True,1,False,1
5446,33,Female,20,112.23,2338.06,One year,Bank transfer,Fiber optic,No,No,Yes,Yes,10,88.6,3,1,False,12,False,1
5447,31,Male,18,89.21,1597.82,One year,Electronic check,DSL,No,No,Yes,Yes,8,106.6,2,2,False,12,False,1
5448,46,Male,15,115.57,1765.41,Month-to-month,Credit card,Fiber optic,No,Yes,No,No,5,7.2,2,2,False,1,False,0
5449,52,Female,2,115.36,238.84,Month-to-month,Credit card,Fiber optic,Yes,No,No,No,9,58.8,1,3,False,1,False,1
5450,67,Male,2,34.42,65.83,Month-to-month,Electronic check,No,No,No,No,No,11,89.4,1,2,True,1,True,1
5451,37,Female,55,110.3,5784.24,Month-to-month,Bank transfer,Fiber optic,Yes,No,No,No,10,84.6,4,2,True,1,False,1
5452,37,Female,23,79.96,1784.24,Month-to-month,Credit card,DSL,Yes,Yes,Yes,Yes,8,62.6,3,1,True,1,False,1
5453,62,Male,7,113.52,799.47,One year,Credit card,Fiber optic,Yes,Yes,Yes,Yes,13,65.2,0,2,False,12,False,1
5454,49,Male,7,134.53,967.9,One year,Electronic check,Fiber optic,No,No,Yes,Yes,8,42.8,0,2,True,12,False,0
5455,64,Male,22,114.98,2599.24,Month-to-month,Bank transfer,Fiber optic,No,Yes,No,No,6,36.7,4,3,False,1,False,1
5456,49,Female,12,109.55,1366.27,Two year,Bank transfer,Fiber optic,Yes,No,No,No,5,28.6,1,1,False,24,False,1
5457,27,Female,13,35.55,464.75,Month-to-month,Bank transfer,No,No,No,No,No,7,78.0,2,2,False,1,False,1
5458,25,Male,1,74.37,74.82,One year,Credit card,DSL,No,No,Yes,Yes,9,61.0,2,1,False,12,False,1
5459,21,Male,3,88.71,254.91,Two year,Bank transfer,DSL,No,No,Yes,Yes,12,17.9,3,1,False,24,False,1
5460,54,Male,11,143.68,1622.41,Month-to-month,Mailed check,Fiber optic,No,Yes,Yes,No,4,31.8,3,2,False,1,False,1
5461,62,Female,28,124.57,3481.19,Month-to-month,Bank transfer,Fiber optic,No,No,Yes,No,12,123.0,4,3,False,1,False,1
5462,72,Female,1,110.89,107.66,Month-to-month,Credit card,Fiber optic,Yes,Yes,No,No,7,73.4,1,1,False,1,True,1
5463,57,Female,9,99.96,865.91,Two year,Bank transfer,Fiber optic,Yes,No,Yes,No,7,44.2,1,6,False,24,False,1
5464,62,Male,28,104.86,3050.35,Month-to-month,Bank transfer,Fiber optic,Yes,No,Yes,Yes,9,103.3,2,3,False,1,False,1
5465,36,Female,37,86.37,3220.11,One year,Mailed check,DSL,Yes,No,Yes,Yes,7,15.8,1,3,False,12,False,1
5466,27,Female,5,99.21,501.91,Month-to-month,Mailed check,Fiber optic,No,No,Yes,No,9,112.1,3,1,True,1,False,1
5467,57,Male,31,79.67,2405.74,Month-to-month,Bank transfer,DSL,Yes,Yes,No,No,6,114.4,3,5,True,1,False,1
5468,51,Female,71,123.3,6305.555,Month-to-month,Electronic check,Fiber optic,No,No,Yes,No,4,29.9,1,1,True,1,False,0
5469,46,Male,56,52.94,2863.56,Month-to-month,Bank transfer,No,No,Yes,Yes,Yes,5,107.1,2,4,False,1,False,1
5470,50,Female,37,105.22,3861.56,Two year,Bank transfer,DSL,No,No,Yes,Yes,8,77.5,2,3,True,24,False,0
5471,49,Male,29,75.89,2144.93,Two year,Bank transfer,DSL,No,No,No,No,8,87.4,2,2,False,24,False,1
5472,64,Male,6,71.08,412.26,Month-to-month,Mailed check,DSL,Yes,No,Yes,Yes,8,93.7,1,1,False,1,False,1
5473,64,Female,24,78.06,1929.54,Month-to-month,Electronic check,DSL,Yes,No,Yes,Yes,7,105.5,2,0,True,1,False,1
5474,53,Male,24,84.09,2050.79,Month-to-month,Credit card,DSL,No,No,No,No,3,105.9,2,2,True,1,False,1
5475,57,Female,12,148.71,1837.98,One year,Bank transfer,Fiber optic,Yes,No,Yes,Yes,8,120.8,1,1,False,12,False,0
5476,52,Male,16,98.89,1635.39,Month-to-month,Credit card,Fiber optic,Yes,Yes,No,No,4,96.2,0,4,False,1,False,1
5477,38,Male,28,63.99,1771.97,One year,Mailed check,DSL,No,No,No,No,7,103.2,2,0,False,12,False,0
5478,56,Male,71,119.9,6305.555,Month-to-month,Electronic check,Fiber optic,No,Yes,Yes,Yes,9,115.1,1,1,False,1,False,1
5479,24,Female,8,55.43,453.81,One year,Mailed check,No,No,No,Yes,Yes,10,99.4,3,4,True,12,False,1
5480,60,Male,6,73.37,429.07,Two year,Bank transfer,DSL,No,No,No,No,10,94.0,3,4,False,24,False,0
5481,27,Male,22,117.02,2623.13,Month-to-month,Credit card,Fiber optic,Yes,No,No,No,8,65.9,2,3,True,1,False,0
5482,49,Female,3,72.71,227.47,Two year,Bank transfer,DSL,No,No,No,No,9,71.8,1,3,False,24,False,0
5483,32,Male,20,97.47,1985.62,One year,Bank transfer,DSL,Yes,No,Yes,Yes,6,18.7,4,2,False,12,False,0
5484,53,Male,2,114.72,225.48,One year,Bank transfer,Fiber optic,No,Yes,Yes,Yes,10,105.7,6,1,True,12,False,1
5485,44,Male,16,87.46,1427.62,Month-to-month,Electronic check,DSL,Yes,Yes,Yes,Yes,10,81.1,4,0,True,1,False,0
5486,21,Male,23,85.01,1971.12,Month-to-month,Electronic check,DSL,Yes,No,Yes,Yes,12,43.5,1,3,True,1,False,0
5487,51,Female,1,88.61,91.32,Two year,Bank transfer,DSL,No,No,Yes,Yes,11,123.3,2,1,False,24,False,0
5488,36,Male,5,51.86,253.38,One year,Credit card,No,No,No,Yes,No,13,53.3,3,0,False,12,False,1
5489,58,Male,9,72.86,633.59,One year,Bank transfer,DSL,No,Yes,No,No,6,107.0,2,2,False,12,False,1
5490,45,Female,11,123.91,1353.81,One year,Bank transfer,Fiber optic,Yes,No,Yes,Yes,11,114.5,1,1,False,12,False,1
5491,50,Male,27,110.04,3008.61,Month-to-month,Bank transfer,Fiber optic,No,No,Yes,No,6,93.9,2,6,True,1,False,0
5492,30,Male,18,67.77,1170.67,Two year,Mailed check,DSL,No,No,Yes,Yes,5,124.6,1,0,False,24,False,0
5493,36,Female,11,80.77,867.43,Month-to-month,Credit card,DSL,No,No,Yes,Yes,7,124.6,1,3,False,1,False,1
5494,38,Female,14,65.4,885.11,Two year,Bank transfer,DSL,Yes,Yes,No,No,9,61.4,4,2,False,24,False,0
5495,57,Female,1,74.05,76.05,Month-to-month,Bank transfer,DSL,No,No,No,No,8,85.1,2,4,False,1,False,1
5496,70,Female,35,66.68,2381.52,Month-to-month,Electronic check,DSL,Yes,Yes,No,No,3,123.7,2,1,False,1,True,1
5497,32,Male,1,70.65,71.54,Month-to-month,Bank transfer,DSL,No,Yes,No,No,7,121.7,2,1,False,1,False,1
5498,61,Female,42,83.76,3504.93,Two year,Bank transfer,DSL,Yes,No,Yes,Yes,10,108.1,0,2,False,24,False,1
5499,18,Male,18,64.89,1161.88,Two year,Bank transfer,DSL,Yes,No,Yes,No,7,36.5,1,0,True,24,False,0
5500,27,Female,18,126.55,2281.86,Two year,Credit card,Fiber optic,No,No,Yes,Yes,12,15.1,0,3,False,24,False,0
5501,30,Male,29,94.13,2816.72,Month-to-month,Mailed check,DSL,Yes,Yes,Yes,Yes,7,19.7,0,2,False,1,False,1
5502,24,Female,47,23.5,1115.12,Month-to-month,Bank transfer,No,No,Yes,No,No,5,121.9,3,0,False,1,False,1
5503,21,Female,68,88.93,6196.28,One year,Credit card,DSL,Yes,No,Yes,No,6,97.8,1,2,False,12,False,0
5504,51,Male,18,109.2,1918.66,Month-to-month,Electronic check,Fiber optic,No,Yes,Yes,Yes,6,39.4,2,0,False,1,False,0
5505,41,Female,3,45.81,137.12,One year,Bank transfer,No,No,Yes,Yes,No,9,124.6,5,3,True,12,False,1
5506,50,Female,50,91.11,4614.9,One year,Bank transfer,DSL,No,Yes,No,No,10,34.7,1,1,False,12,False,0
5507,55,Female,1,128.41,126.04,Month-to-month,Credit card,Fiber optic,No,Yes,Yes,Yes,15,36.0,2,4,False,1,False,1
5508,48,Male,39,125.69,4911.45,One year,Mailed check,Fiber optic,No,Yes,Yes,No,10,21.3,1,4,False,12,False,0
5509,54,Female,27,61.87,1727.3,Two year,Credit card,No,No,No,Yes,Yes,8,106.7,3,2,True,24,False,0
5510,43,Female,56,104.39,5598.77,Two year,Credit card,Fiber optic,No,Yes,No,No,12,123.9,2,0,True,24,False,0
5511,27,Male,54,75.03,4176.81,One year,Credit card,DSL,Yes,Yes,Yes,No,10,7.4,1,3,False,12,False,0
5512,60,Male,1,125.38,126.67,One year,Credit card,Fiber optic,Yes,No,Yes,No,8,78.8,4,0,True,12,False,1
5513,36,Female,22,117.15,2554.43,Month-to-month,Mailed check,Fiber optic,Yes,Yes,Yes,Yes,8,65.4,2,2,False,1,False,1
5514,30,Male,3,92.84,280.23,Month-to-month,Electronic check,DSL,Yes,No,Yes,Yes,6,18.0,1,1,False,1,False,1
5515,42,Male,1,92.19,93.17,Month-to-month,Bank transfer,Fiber optic,Yes,Yes,No,No,8,70.9,5,5,False,1,False,1
5516,31,Male,14,126.6,1822.16,Month-to-month,Bank transfer,Fiber optic,No,Yes,Yes,Yes,6,27.7,1,1,False,1,False,0
5517,38,Female,2,68.15,140.42,Month-to-month,Electronic check,DSL,Yes,No,No,No,7,22.9,2,0,False,1,False,0
5518,50,Female,31,26.17,830.74,Month-to-month,Electronic check,No,No,No,No,No,9,31.7,2,1,False,1,False,1
5519,50,Male,71,95.3,6305.555,Two year,Bank transfer,DSL,No,No,Yes,No,9,112.0,1,3,False,24,False,1
5520,31,Female,20,114.98,2312.73,One year,Credit card,Fiber optic,No,No,Yes,Yes,6,67.7,5,2,False,12,False,1
5521,37,Male,6,62.56,372.79,Month-to-month,Credit card,DSL,Yes,No,No,No,9,108.8,4,2,False,1,False,1
5522,61,Female,44,26.65,1181.55,Month-to-month,Electronic check,No,No,Yes,No,No,9,94.8,1,3,True,1,False,1
5523,52,Male,46,120.19,5587.05,Month-to-month,Electronic check,Fiber optic,No,Yes,Yes,No,12,62.5,5,2,False,1,False,1
5524,76,Female,31,140.11,4393.84,Month-to-month,Bank transfer,Fiber optic,Yes,No,Yes,No,12,22.5,5,3,False,1,True,1
5525,62,Male,22,24.76,536.55,Month-to-month,Credit card,No,No,Yes,No,No,4,8.5,1,1,True,1,False,0
5526,62,Female,48,92.03,4394.01,Two year,Mailed check,DSL,Yes,No,Yes,Yes,3,25.6,3,1,True,24,False,1
5527,24,Female,4,60.15,228.95,One year,Bank transfer,DSL,Yes,No,No,No,8,99.8,0,2,True,12,False,1
5528,56,Male,64,115.56,6305.555,One year,Credit card,Fiber optic,Yes,Yes,No,No,8,53.7,1,1,True,12,False,0
5529,44,Female,70,126.78,6305.555,Month-to-month,Bank transfer,Fiber optic,Yes,No,Yes,Yes,7,16.4,0,2,False,1,False,1
5530,36,Female,49,99.69,4836.42,Month-to-month,Bank transfer,Fiber optic,No,No,No,No,6,105.8,2,2,False,1,False,1
5531,47,Female,6,104.06,619.34,Month-to-month,Mailed check,Fiber optic,Yes,Yes,No,No,11,81.4,3,3,False,1,False,1
5532,59,Female,46,108.27,4960.26,One year,Electronic check,Fiber optic,No,No,Yes,Yes,9,120.4,1,2,False,12,False,0
5533,52,Female,16,78.25,1226.14,One year,Electronic check,DSL,Yes,No,Yes,No,12,99.3,2,0,False,12,False,0
5534,31,Female,21,31.23,651.6,Month-to-month,Bank transfer,No,No,Yes,No,No,9,18.1,3,1,False,1,False,1
5535,56,Female,44,117.59,5100.83,Two year,Credit card,Fiber optic,No,No,No,No,10,111.8,2,2,True,24,False,0
5536,35,Female,1,62.87,59.85,Month-to-month,Credit card,No,No,No,Yes,Yes,4,90.9,2,2,False,1,False,1
5537,48,Male,10,42.89,412.89,Month-to-month,Credit card,No,No,Yes,No,No,7,97.3,2,4,False,1,False,1
5538,40,Female,40,82.37,3155.98,One year,Electronic check,DSL,Yes,No,Yes,Yes,5,56.9,6,2,True,12,False,1
5539,41,Male,40,129.78,5055.6,Month-to-month,Electronic check,Fiber optic,Yes,No,Yes,Yes,6,63.5,2,0,False,1,False,0
5540,56,Female,45,84.55,3652.48,One year,Electronic check,DSL,Yes,Yes,No,No,5,127.1,4,5,True,12,False,0
5541,29,Male,4,84.28,328.02,Month-to-month,Mailed check,Fiber optic,No,No,No,No,16,85.7,1,3,False,1,False,1
5542,74,Female,29,106.27,2928.99,Month-to-month,Credit card,Fiber optic,No,Yes,No,No,7,63.7,3,1,False,1,True,0
5543,18,Male,3,75.5,237.57,Month-to-month,Electronic check,DSL,Yes,No,No,No,6,88.0,4,4,True,1,False,1
5544,36,Male,36,44.77,1548.74,Month-to-month,Mailed check,No,No,No,Yes,Yes,8,113.3,3,1,False,1,False,1
5545,50,Female,6,137.34,852.06,Month-to-month,Credit card,Fiber optic,Yes,Yes,Yes,No,3,111.4,4,3,True,1,False,0
5546,53,Male,32,63.21,1942.23,One year,Bank transfer,No,No,Yes,Yes,Yes,7,47.2,2,0,False,12,False,0
5547,43,Female,14,77.24,1060.96,Month-to-month,Bank transfer,DSL,No,No,Yes,Yes,10,33.8,2,3,True,1,False,1
5548,44,Female,71,21.76,1635.9,Month-to-month,Credit card,No,No,No,No,No,6,81.4,0,0,False,1,False,1
5549,51,Male,20,150.06,2944.42,One year,Electronic check,Fiber optic,Yes,Yes,Yes,Yes,7,87.1,2,2,False,12,False,1
5550,41,Female,24,94.94,2313.79,Two year,Credit card,Fiber optic,Yes,No,No,No,6,64.1,3,3,False,24,False,0
5551,65,Male,11,123.16,1330.14,One year,Credit card,Fiber optic,No,Yes,Yes,No,2,98.6,2,3,False,12,True,1
5552,57,Male,31,120.65,3905.8,Two year,Electronic check,Fiber optic,Yes,Yes,Yes,Yes,12,80.7,2,3,False,24,False,1
5553,58,Female,16,115.55,1758.3,One year,Credit card,Fiber optic,Yes,No,Yes,Yes,8,124.9,0,3,True,12,False,1
5554,30,Female,1,63.39,61.81,Month-to-month,Electronic check,DSL,No,No,No,No,9,7.1,2,2,False,1,False,0
5555,43,Female,22,128.35,2799.18,One year,Electronic check,Fiber optic,No,No,No,No,4,100.2,1,0,False,12,False,1
5556,40,Female,42,120.69,5233.45,Month-to-month,Electronic check,Fiber optic,No,Yes,Yes,Yes,14,124.3,2,3,False,1,False,1
5557,29,Female,6,112.67,680.96,Month-to-month,Electronic check,Fiber optic,No,No,Yes,Yes,5,104.5,3,1,True,1,False,1
5558,50,Male,5,70.79,367.92,Month-to-month,Bank transfer,DSL,Yes,No,No,No,7,90.5,3,2,True,1,False,1
5559,36,Male,22,96.2,2197.61,Month-to-month,Bank transfer,DSL,Yes,Yes,No,No,10,13.7,1,2,False,1,False,1
5560,54,Female,40,64.82,2710.85,One year,Bank transfer,DSL,Yes,No,No,No,11,39.6,2,3,False,12,False,1
5561,28,Female,6,116.96,679.49,One year,Bank transfer,Fiber optic,Yes,No,Yes,No,4,116.0,0,4,False,12,False,0
5562,70,Female,64,72.73,4618.55,Month-to-month,Bank transfer,DSL,Yes,No,Yes,No,8,11.8,2,1,False,1,True,1
5563,31,Male,62,110.45,6305.555,Two year,Credit card,DSL,No,No,Yes,No,8,103.3,3,2,False,24,False,0
5564,48,Male,5,129.79,624.49,One year,Bank transfer,Fiber optic,Yes,No,Yes,No,8,47.8,3,3,False,12,False,1
5565,56,Male,7,95.71,699.79,Month-to-month,Bank transfer,DSL,No,No,Yes,Yes,9,69.1,2,0,False,1,False,1
5566,36,Female,28,33.92,936.72,Two year,Credit card,No,No,No,No,No,4,61.8,3,2,False,24,False,0
5567,57,Female,71,113.4,6305.555,Month-to-month,Bank transfer,Fiber optic,No,Yes,Yes,Yes,11,43.6,2,1,False,1,False,1
5568,26,Male,29,41.14,1205.49,One year,Bank transfer,No,No,No,No,No,10,11.9,1,2,True,12,False,0
5569,66,Female,14,75.59,1030.42,Month-to-month,Electronic check,DSL,No,Yes,Yes,No,7,110.7,1,2,False,1,True,0
5570,45,Female,4,87.31,351.76,One year,Credit card,DSL,No,No,Yes,No,8,56.4,2,6,False,12,False,1
5571,36,Male,14,87.13,1190.1,Two year,Bank transfer,DSL,Yes,No,Yes,Yes,12,9.3,1,1,False,24,False,0
5572,40,Male,22,130.36,2806.5,Month-to-month,Credit card,Fiber optic,No,No,Yes,Yes,7,94.5,2,2,False,1,False,0
5573,57,Female,9,82.89,749.78,Month-to-month,Credit card,DSL,Yes,No,Yes,No,11,101.8,5,3,False,1,False,1
5574,36,Male,17,75.14,1271.87,Month-to-month,Mailed check,DSL,Yes,No,Yes,Yes,11,103.1,1,3,False,1,False,1
5575,33,Female,3,53.13,158.17,Month-to-month,Bank transfer,No,No,Yes,Yes,Yes,4,103.4,1,5,False,1,False,0
5576,41,Male,14,60.53,838.38,One year,Electronic check,DSL,No,No,No,No,7,128.3,2,3,False,12,False,0
5577,27,Male,2,117.82,241.64,Month-to-month,Mailed check,Fiber optic,Yes,No,No,No,14,56.8,4,1,True,1,False,1
5578,72,Female,1,132.66,129.75,Month-to-month,Electronic check,Fiber optic,No,No,Yes,Yes,6,7.0,4,2,True,1,True,1
5579,36,Female,46,100.84,4551.74,One year,Credit card,DSL,No,Yes,Yes,No,6,92.7,0,3,True,12,False,1
5580,57,Male,5,109.07,549.68,Month-to-month,Electronic check,Fiber optic,No,No,No,No,8,115.3,1,2,True,1,False,1
5581,48,Female,20,95.43,1997.22,Two year,Bank transfer,Fiber optic,Yes,Yes,No,No,7,108.6,1,3,False,24,False,0
5582,30,Male,3,97.0,284.92,Month-to-month,Electronic check,DSL,Yes,No,Yes,Yes,8,124.3,0,2,True,1,False,1
5583,44,Female,7,109.09,757.22,Month-to-month,Electronic check,DSL,Yes,No,Yes,Yes,9,59.4,2,4,True,1,False,1
5584,56,Male,10,123.32,1187.37,Month-to-month,Credit card,Fiber optic,No,Yes,Yes,Yes,12,9.2,0,4,True,1,False,0
5585,42,Male,3,62.17,189.14,Two year,Credit card,DSL,Yes,No,No,No,7,19.7,1,3,False,24,False,0
5586,62,Male,1,118.57,115.62,Month-to-month,Credit card,Fiber optic,No,No,No,No,6,13.4,2,3,False,1,False,1
5587,60,Female,50,114.21,5725.36,Month-to-month,Credit card,Fiber optic,Yes,No,No,No,6,110.7,3,2,False,1,False,0
5588,58,Male,1,86.51,85.82,Month-to-month,Bank transfer,DSL,No,Yes,Yes,Yes,9,17.2,2,1,False,1,False,1
5589,38,Male,1,22.93,23.56,One year,Credit card,No,No,Yes,No,No,10,121.7,1,3,True,12,False,1
5590,28,Male,39,71.19,2868.83,Month-to-month,Credit card,DSL,Yes,No,Yes,Yes,5,48.3,3,0,False,1,False,0
5591,35,Male,7,69.45,497.69,One year,Bank transfer,DSL,No,No,No,No,8,88.4,1,3,True,12,False,1
5592,47,Female,30,145.32,4337.95,Month-to-month,Bank transfer,Fiber optic,Yes,Yes,Yes,No,10,14.0,3,1,True,1,False,0
5593,53,Female,3,73.49,218.6,Month-to-month,Electronic check,DSL,No,No,No,No,10,79.9,4,3,False,1,False,1
5594,18,Male,6,125.28,745.09,Month-to-month,Electronic check,Fiber optic,No,No,Yes,No,11,51.0,1,2,True,1,False,0
5595,44,Male,20,62.77,1255.61,Month-to-month,Mailed check,No,No,Yes,Yes,No,7,76.8,1,4,False,1,False,1
5596,47,Female,71,101.89,6305.555,Two year,Credit card,DSL,No,No,Yes,Yes,4,96.5,2,1,False,24,False,1
5597,40,Male,1,88.18,86.63,Month-to-month,Credit card,DSL,Yes,No,Yes,No,9,56.3,3,0,False,1,False,1
5598,64,Female,12,78.52,964.1,One year,Bank transfer,DSL,Yes,Yes,No,No,10,123.1,1,0,False,12,False,1
5599,51,Male,1,131.97,137.33,Month-to-month,Bank transfer,Fiber optic,No,No,Yes,Yes,11,125.8,1,2,False,1,False,1
5600,64,Female,5,93.14,445.57,Two year,Electronic check,DSL,No,Yes,Yes,Yes,8,101.9,1,2,False,24,False,1
5601,41,Male,57,78.06,4236.58,Month-to-month,Bank transfer,DSL,Yes,No,Yes,Yes,7,72.6,3,5,False,1,False,1
5602,59,Female,2,119.17,242.52,Two year,Bank transfer,Fiber optic,Yes,Yes,Yes,Yes,8,27.0,3,3,False,24,False,1
5603,69,Female,46,111.61,5208.96,Month-to-month,Bank transfer,Fiber optic,Yes,No,Yes,Yes,15,33.8,0,3,False,1,True,1
5604,64,Female,4,93.44,372.2,One year,Credit card,DSL,No,Yes,Yes,Yes,11,6.8,1,1,False,12,False,0
5605,28,Male,47,49.65,2410.15,Month-to-month,Electronic check,No,No,Yes,Yes,No,6,129.8,4,3,False,1,False,1
5606,41,Female,18,67.34,1242.35,Month-to-month,Credit card,DSL,No,No,No,No,13,44.8,0,2,False,1,False,1
5607,39,Female,50,115.33,6035.6,Month-to-month,Electronic check,Fiber optic,No,Yes,Yes,Yes,8,108.7,1,2,False,1,False,1
5608,52,Male,3,77.51,240.34,Two year,Credit card,DSL,Yes,Yes,Yes,Yes,8,53.0,2,3,False,24,False,1
5609,55,Male,34,29.84,972.14,Month-to-month,Electronic check,No,No,Yes,No,No,10,103.9,3,2,False,1,False,1
5610,32,Male,27,97.86,2620.03,One year,Electronic check,DSL,No,No,Yes,No,7,51.6,3,1,True,12,False,1
5611,46,Male,18,65.61,1164.03,Month-to-month,Mailed check,DSL,No,No,No,No,11,115.0,2,3,True,1,False,0
5612,18,Female,39,73.36,2956.89,Two year,Bank transfer,DSL,No,No,No,No,9,35.0,4,3,False,24,False,0
5613,66,Male,25,57.7,1404.37,One year,Credit card,No,No,No,Yes,No,6,100.7,3,2,False,12,True,0
5614,37,Male,50,93.19,4477.77,Month-to-month,Credit card,DSL,Yes,No,Yes,Yes,10,124.4,1,1,False,1,False,1
5615,45,Male,11,85.82,904.19,Month-to-month,Credit card,DSL,Yes,No,Yes,No,7,123.3,0,0,False,1,False,0
5616,40,Male,21,107.23,2265.78,Month-to-month,Bank transfer,Fiber optic,Yes,Yes,Yes,No,7,15.3,3,1,False,1,False,1
5617,62,Male,49,89.68,4309.04,Month-to-month,Credit card,DSL,No,Yes,Yes,No,10,68.0,0,3,False,1,False,0
5618,18,Male,5,97.08,470.32,Month-to-month,Bank transfer,Fiber optic,No,No,No,No,13,50.5,3,3,False,1,False,1
5619,44,Male,15,124.92,1950.53,Two year,Electronic check,Fiber optic,Yes,No,No,No,7,86.4,6,0,False,24,False,1
5620,43,Female,71,84.68,5801.27,Two year,Bank transfer,DSL,Yes,No,Yes,Yes,12,21.5,1,3,False,24,False,1
5621,38,Female,15,137.75,2054.1,Month-to-month,Electronic check,Fiber optic,Yes,No,Yes,No,8,84.8,3,1,False,1,False,1
5622,70,Female,6,99.52,596.26,Month-to-month,Bank transfer,DSL,Yes,No,Yes,Yes,6,103.4,3,3,False,1,True,0
5623,31,Female,10,118.63,1190.93,Month-to-month,Electronic check,Fiber optic,Yes,No,Yes,No,13,59.3,3,1,False,1,False,0
5624,56,Female,51,135.87,6305.555,Month-to-month,Bank transfer,Fiber optic,No,No,Yes,Yes,7,69.3,1,1,False,1,False,0
5625,50,Male,71,123.38,6305.555,Month-to-month,Bank transfer,Fiber optic,No,No,Yes,No,7,22.9,3,1,False,1,False,0
5626,63,Male,71,66.67,4608.93,One year,Bank transfer,DSL,No,Yes,No,No,7,81.9,2,4,True,12,False,0
5627,34,Male,28,80.12,2306.5,Two year,Bank transfer,DSL,Yes,No,No,No,9,68.1,0,0,False,24,False,0
5628,34,Male,17,61.85,1034.55,Month-to-month,Bank transfer,No,No,Yes,Yes,No,9,117.1,0,0,True,1,False,1
5629,61,Female,4,31.06,125.18,Month-to-month,Bank transfer,No,No,Yes,No,No,10,13.2,2,5,False,1,False,1
5630,51,Female,3,72.37,212.39,Month-to-month,Bank transfer,DSL,Yes,Yes,No,No,11,115.6,1,3,False,1,False,1
5631,21,Male,1,71.07,68.11,Two year,Credit card,DSL,Yes,Yes,No,No,6,113.0,1,0,True,24,False,0
5632,36,Male,1,52.91,51.6,Month-to-month,Bank transfer,No,No,No,Yes,Yes,7,61.1,0,2,True,1,False,1
5633,50,Female,50,138.09,6305.555,One year,Bank transfer,Fiber optic,No,No,Yes,Yes,9,17.1,5,0,True,12,False,1
5634,57,Female,39,119.77,4596.56,Two year,Bank transfer,Fiber optic,Yes,No,Yes,No,8,117.4,2,2,True,24,False,0
5635,34,Female,20,96.27,1934.82,Month-to-month,Electronic check,Fiber optic,Yes,No,No,No,16,90.6,1,1,True,1,False,1
5636,18,Male,71,58.92,4035.68,One year,Bank transfer,DSL,No,Yes,No,No,9,129.6,1,3,False,12,False,0
5637,52,Male,71,125.66,6305.555,Month-to-month,Credit card,Fiber optic,Yes,No,Yes,Yes,4,76.0,2,4,False,1,False,1
5638,26,Female,25,49.48,1264.78,Two year,Bank transfer,No,No,No,No,No,14,87.9,0,3,False,24,False,0
5639,18,Female,14,88.07,1243.08,Month-to-month,Credit card,DSL,No,No,Yes,No,5,65.3,6,1,False,1,False,1
5640,18,Male,3,104.39,298.22,Two year,Electronic check,Fiber optic,No,No,No,No,10,10.6,3,4,False,24,False,1
5641,57,Male,17,115.64,1871.75,Two year,Credit card,Fiber optic,No,Yes,No,No,8,98.1,2,4,True,24,False,0
5642,46,Male,4,41.65,173.05,One year,Bank transfer,No,No,Yes,No,No,8,119.2,2,2,False,12,False,0
5643,41,Male,12,108.22,1261.56,Month-to-month,Credit card,DSL,Yes,Yes,Yes,Yes,3,16.9,2,2,False,1,False,1
5644,65,Female,68,55.79,3863.13,One year,Credit card,No,No,Yes,Yes,Yes,13,57.2,2,5,True,12,True,1
5645,54,Female,10,85.18,811.89,Month-to-month,Mailed check,DSL,Yes,No,Yes,Yes,8,88.3,2,2,False,1,False,1
5646,69,Female,3,128.56,378.15,Month-to-month,Electronic check,Fiber optic,No,No,Yes,Yes,10,76.1,1,0,False,1,True,1
5647,24,Male,20,61.95,1217.31,Month-to-month,Mailed check,DSL,No,No,No,No,12,6.9,1,2,False,1,False,1
5648,44,Male,22,31.81,724.47,One year,Bank transfer,No,No,Yes,No,No,4,33.6,6,3,False,12,False,0
5649,20,Male,5,58.29,300.32,Two year,Bank transfer,DSL,Yes,Yes,No,No,8,90.5,1,6,True,24,False,0
5650,41,Female,5,48.54,250.76,Two year,Bank transfer,No,No,No,Yes,Yes,12,70.8,1,4,True,24,False,0
5651,41,Female,71,102.83,6305.555,One year,Credit card,Fiber optic,Yes,No,Yes,No,10,76.7,3,0,False,12,False,0
5652,54,Female,6,99.79,591.08,One year,Bank transfer,Fiber optic,Yes,No,Yes,No,9,16.4,0,2,False,12,False,0
5653,45,Male,43,62.33,2604.57,Two year,Electronic check,DSL,Yes,Yes,No,No,5,111.6,5,5,False,24,False,1
5654,54,Male,15,84.01,1290.02,Two year,Mailed check,DSL,No,No,Yes,Yes,7,60.6,2,2,True,24,False,0
5655,55,Female,13,138.0,1719.23,Month-to-month,Credit card,Fiber optic,Yes,No,Yes,Yes,6,14.2,3,3,False,1,False,0
5656,77,Male,8,140.01,1173.57,Month-to-month,Electronic check,Fiber optic,No,Yes,Yes,Yes,5,21.2,3,0,False,1,True,1
5657,40,Female,35,93.22,3342.67,Month-to-month,Bank transfer,DSL,Yes,Yes,Yes,No,16,42.4,1,2,False,1,False,1
5658,30,Female,51,80.79,4031.74,One year,Electronic check,Fiber optic,Yes,No,No,No,10,102.9,3,1,False,12,False,1
5659,48,Female,7,83.85,604.03,One year,Electronic check,DSL,Yes,No,Yes,No,3,109.8,0,3,False,12,False,1
5660,32,Female,2,96.62,201.19,Two year,Electronic check,Fiber optic,Yes,No,No,No,7,30.2,2,2,False,24,False,0
5661,67,Male,3,89.56,259.34,Two year,Electronic check,DSL,No,No,Yes,No,10,122.6,4,2,False,24,True,1
5662,40,Male,37,84.65,3182.38,Month-to-month,Bank transfer,DSL,No,No,Yes,Yes,12,96.6,0,2,False,1,False,1
5663,36,Male,13,52.73,661.03,Month-to-month,Credit card,No,No,Yes,Yes,Yes,9,66.8,5,2,True,1,False,1
5664,37,Male,3,90.06,272.03,Month-to-month,Bank transfer,Fiber optic,No,No,No,No,5,86.4,2,1,False,1,False,1
5665,55,Male,9,137.93,1201.95,Month-to-month,Electronic check,Fiber optic,Yes,No,Yes,Yes,8,118.5,2,1,False,1,False,1
5666,42,Male,17,76.79,1306.78,Month-to-month,Mailed check,DSL,No,Yes,Yes,Yes,5,16.9,1,3,True,1,False,0
5667,35,Female,45,77.5,3487.03,Two year,Electronic check,DSL,Yes,Yes,No,No,14,95.7,2,4,False,24,False,0
5668,69,Male,24,111.82,2629.62,Month-to-month,Bank transfer,Fiber optic,No,No,Yes,Yes,6,95.3,2,2,False,1,True,1
5669,32,Male,4,89.29,341.24,One year,Bank transfer,DSL,Yes,No,Yes,Yes,8,87.8,0,2,False,12,False,0
5670,45,Male,4,77.69,319.72,Month-to-month,Mailed check,DSL,No,No,Yes,Yes,10,23.2,1,2,False,1,False,1
5671,54,Female,12,82.98,993.3,Month-to-month,Credit card,DSL,No,Yes,Yes,Yes,7,32.3,1,3,False,1,False,1
5672,20,Male,1,77.61,79.0,Two year,Credit card,DSL,No,No,Yes,No,10,80.5,2,2,True,24,False,1
5673,52,Female,33,76.98,2635.15,One year,Electronic check,DSL,Yes,No,Yes,Yes,6,76.7,2,1,True,12,False,1
5674,29,Male,12,36.27,424.6,Month-to-month,Electronic check,No,No,No,No,No,5,110.8,4,2,False,1,False,1
5675,57,Male,10,118.18,1191.09,Two year,Mailed check,Fiber optic,No,No,No,No,4,115.5,2,1,False,24,False,1
5676,30,Male,17,117.3,2057.86,Month-to-month,Credit card,Fiber optic,No,No,Yes,Yes,11,94.0,1,4,False,1,False,0
5677,55,Female,29,89.75,2715.42,One year,Credit card,DSL,No,No,Yes,No,7,45.4,3,2,False,12,False,0
5678,61,Female,20,138.43,2649.13,Month-to-month,Credit card,Fiber optic,No,No,Yes,Yes,7,96.2,3,2,False,1,False,1
5679,57,Male,38,79.42,2912.15,One year,Credit card,DSL,Yes,No,No,No,8,78.8,2,2,True,12,False,0
5680,48,Male,23,98.37,2176.96,Month-to-month,Electronic check,DSL,No,Yes,Yes,Yes,4,86.4,2,1,False,1,False,1
5681,41,Male,37,80.37,2856.79,One year,Mailed check,DSL,No,No,No,No,5,59.5,2,1,True,12,False,0
5682,36,Female,28,100.36,2928.57,One year,Mailed check,Fiber optic,No,Yes,No,No,6,20.0,3,0,True,12,False,0
5683,67,Female,5,38.7,196.21,Month-to-month,Credit card,No,No,Yes,Yes,Yes,5,76.9,1,6,False,1,True,1
5684,34,Male,1,86.23,89.47,Two year,Mailed check,DSL,Yes,Yes,No,No,11,115.8,2,2,False,24,False,1
5685,29,Female,56,48.58,2701.53,Month-to-month,Bank transfer,No,No,No,Yes,Yes,11,20.7,3,2,False,1,False,1
5686,54,Female,69,56.7,4065.81,Two year,Credit card,No,No,No,Yes,Yes,8,102.8,1,0,True,24,False,0
5687,33,Female,31,90.79,2852.89,Month-to-month,Credit card,DSL,No,No,Yes,No,10,29.1,4,1,False,1,False,1
5688,30,Female,30,103.19,3187.82,One year,Bank transfer,DSL,No,Yes,Yes,Yes,5,59.1,0,3,True,12,False,0
5689,23,Male,7,41.91,295.66,One year,Mailed check,No,No,No,No,No,6,71.3,1,2,True,12,False,1
5690,37,Male,18,104.73,1847.2,Month-to-month,Mailed check,DSL,Yes,Yes,Yes,No,7,21.0,0,3,False,1,False,0
5691,43,Female,71,133.24,6305.555,Month-to-month,Bank transfer,Fiber optic,Yes,Yes,Yes,Yes,7,58.1,3,3,False,1,False,0
5692,48,Female,46,47.54,2236.42,Month-to-month,Credit card,No,No,No,Yes,Yes,10,84.5,1,4,False,1,False,0
5693,59,Female,8,109.46,890.42,Two year,Bank transfer,Fiber optic,Yes,No,Yes,Yes,5,78.8,3,1,False,24,False,1
5694,52,Male,8,108.71,866.71,Two year,Bank transfer,Fiber optic,Yes,No,Yes,Yes,11,87.9,1,6,False,24,False,1
5695,42,Male,15,105.49,1506.6,Month-to-month,Bank transfer,Fiber optic,Yes,Yes,No,No,6,103.5,1,5,False,1,False,0
5696,42,Female,12,119.06,1440.04,Month-to-month,Bank transfer,Fiber optic,No,No,No,No,5,7.4,2,3,False,1,False,1
5697,52,Female,11,101.37,1162.53,One year,Credit card,Fiber optic,Yes,Yes,Yes,No,11,128.9,2,3,False,12,False,0
5698,64,Female,23,108.84,2609.83,Month-to-month,Credit card,DSL,No,Yes,Yes,Yes,6,28.3,5,5,False,1,False,1
5699,46,Female,1,113.41,117.5,Two year,Credit card,Fiber optic,No,Yes,No,No,16,120.7,3,3,False,24,False,1
5700,37,Male,34,58.26,2004.49,Month-to-month,Credit card,No,No,Yes,Yes,Yes,6,63.1,2,2,True,1,False,0
5701,30,Male,32,118.76,3803.89,Month-to-month,Credit card,Fiber optic,No,No,No,No,10,64.9,3,2,False,1,False,1
5702,23,Male,42,102.35,4093.66,One year,Bank transfer,Fiber optic,No,No,No,No,10,116.2,2,4,True,12,False,0
5703,54,Male,44,137.51,5959.89,Month-to-month,Electronic check,Fiber optic,Yes,No,Yes,Yes,6,47.3,2,2,True,1,False,0
5704,53,Male,20,39.21,811.93,One year,Credit card,No,No,Yes,No,No,7,47.6,2,0,True,12,False,0
5705,53,Male,36,84.82,2949.25,Month-to-month,Bank transfer,DSL,No,No,Yes,Yes,4,74.1,2,1,False,1,False,0
5706,43,Female,16,121.11,1997.29,Month-to-month,Bank transfer,Fiber optic,Yes,No,Yes,Yes,10,44.0,4,3,True,1,False,1
5707,66,Female,71,40.48,2847.9,One year,Electronic check,No,No,Yes,Yes,Yes,7,125.5,1,3,True,12,True,1
5708,37,Male,5,84.26,423.29,Month-to-month,Credit card,DSL,Yes,Yes,Yes,Yes,7,74.5,3,3,False,1,False,1
5709,59,Male,59,57.06,3296.6,Month-to-month,Bank transfer,No,No,Yes,Yes,Yes,7,28.8,2,3,False,1,False,0
5710,44,Male,7,58.61,400.99,Two year,Electronic check,No,No,No,Yes,Yes,7,119.4,0,3,False,24,False,1
5711,35,Female,2,32.48,67.38,Two year,Electronic check,No,No,No,No,No,2,86.0,2,2,True,24,False,1
5712,53,Female,13,123.76,1639.64,Two year,Bank transfer,Fiber optic,No,No,Yes,No,15,44.3,1,1,True,24,False,0
5713,51,Female,22,89.84,1920.22,Two year,Bank transfer,DSL,No,Yes,Yes,Yes,9,120.0,6,1,False,24,False,1
5714,50,Female,6,101.57,608.07,Month-to-month,Bank transfer,Fiber optic,No,No,Yes,No,11,24.7,1,1,False,1,False,0
5715,46,Male,19,94.54,1798.52,Month-to-month,Bank transfer,DSL,Yes,No,Yes,No,6,29.7,3,1,False,1,False,0
5716,44,Female,39,84.29,3362.77,Month-to-month,Mailed check,DSL,Yes,No,Yes,Yes,5,5.6,1,2,False,1,False,0
5717,80,Male,7,52.3,372.7,Two year,Mailed check,No,No,Yes,Yes,Yes,7,26.7,2,4,False,24,True,1
5718,62,Female,20,100.8,2051.04,One year,Credit card,Fiber optic,Yes,No,No,No,7,47.2,1,1,False,12,False,0
5719,55,Female,9,73.95,657.61,One year,Bank transfer,DSL,Yes,Yes,No,No,8,61.9,2,0,False,12,False,0
5720,46,Female,18,79.9,1399.56,Two year,Bank transfer,DSL,No,Yes,Yes,Yes,7,29.0,2,0,True,24,False,1
5721,60,Female,26,113.11,2941.65,One year,Credit card,Fiber optic,No,No,Yes,Yes,14,113.1,1,2,False,12,False,1
5722,52,Male,10,52.86,542.08,Month-to-month,Bank transfer,No,No,Yes,Yes,Yes,8,107.6,1,3,True,1,False,0
5723,45,Male,71,120.68,6305.555,Month-to-month,Bank transfer,Fiber optic,Yes,No,Yes,Yes,9,64.8,2,1,True,1,False,1
5724,40,Male,19,92.74,1803.21,Month-to-month,Bank transfer,DSL,Yes,No,Yes,Yes,7,118.4,1,1,False,1,False,0
5725,43,Male,41,124.15,5036.78,Month-to-month,Mailed check,Fiber optic,Yes,No,No,No,7,113.5,0,2,False,1,False,0
5726,18,Male,30,104.69,3284.3,Month-to-month,Electronic check,DSL,No,No,Yes,Yes,10,88.5,3,0,True,1,False,1
5727,48,Male,45,71.28,3325.19,One year,Bank transfer,DSL,No,No,No,No,12,53.4,3,3,False,12,False,0
5728,37,Male,4,123.77,515.12,Month-to-month,Electronic check,Fiber optic,No,No,No,No,7,66.6,0,2,False,1,False,0
5729,68,Female,6,145.6,854.7,One year,Bank transfer,Fiber optic,No,Yes,Yes,Yes,12,7.2,3,1,False,12,True,1
5730,45,Male,16,116.94,1961.4,Month-to-month,Bank transfer,Fiber optic,No,No,No,No,8,57.9,1,3,False,1,False,1
5731,27,Female,45,130.29,5728.03,Two year,Electronic check,Fiber optic,Yes,No,No,No,11,13.1,1,0,False,24,False,1
5732,44,Male,5,95.31,460.51,One year,Credit card,Fiber optic,No,No,Yes,No,6,122.8,0,2,False,12,False,1
5733,29,Female,71,45.52,3183.09,Two year,Credit card,No,No,Yes,Yes,Yes,13,66.1,0,3,False,24,False,0
5734,52,Male,3,127.38,387.84,Month-to-month,Credit card,Fiber optic,Yes,Yes,No,No,10,22.9,1,2,False,1,False,0
5735,49,Female,4,102.09,404.3,Month-to-month,Bank transfer,Fiber optic,Yes,Yes,No,No,6,44.5,4,2,False,1,False,1
5736,59,Male,4,59.89,231.43,Month-to-month,Credit card,DSL,Yes,No,No,No,8,6.1,1,2,True,1,False,0
5737,33,Male,21,39.48,849.62,Month-to-month,Bank transfer,No,No,No,No,No,7,29.8,3,3,False,1,False,0
5738,45,Male,59,48.71,2770.38,Month-to-month,Bank transfer,No,No,No,Yes,Yes,8,87.9,3,1,False,1,False,1
5739,24,Male,7,101.72,681.6,Month-to-month,Bank transfer,DSL,Yes,No,Yes,Yes,11,84.7,1,6,False,1,False,1
5740,55,Female,19,142.2,2798.34,Month-to-month,Bank transfer,Fiber optic,No,No,Yes,Yes,9,18.5,4,1,True,1,False,0
5741,52,Male,4,80.66,323.99,Two year,Bank transfer,DSL,Yes,No,Yes,Yes,2,58.9,2,2,True,24,False,1
5742,52,Male,23,95.45,2225.64,Month-to-month,Bank transfer,DSL,Yes,No,Yes,No,7,82.5,2,4,False,1,False,1
5743,45,Female,3,101.26,318.93,Two year,Bank transfer,Fiber optic,No,No,No,No,11,50.8,5,3,True,24,False,1
5744,51,Male,16,95.81,1602.87,Month-to-month,Mailed check,DSL,Yes,No,Yes,Yes,10,102.5,1,2,False,1,False,0
5745,69,Female,25,78.59,1948.06,Month-to-month,Electronic check,DSL,Yes,Yes,No,No,6,73.7,6,3,True,1,True,1
5746,40,Female,20,124.82,2494.77,Month-to-month,Credit card,Fiber optic,Yes,No,Yes,No,8,34.5,0,2,False,1,False,0
5747,47,Male,3,36.4,104.39,Two year,Electronic check,No,No,Yes,Yes,Yes,13,116.6,3,1,False,24,False,0
5748,28,Male,4,133.23,532.3,One year,Bank transfer,Fiber optic,Yes,Yes,Yes,Yes,5,68.0,1,1,False,12,False,0
5749,31,Female,26,63.13,1605.31,One year,Credit card,No,No,No,Yes,Yes,11,92.6,0,0,False,12,False,1
5750,46,Male,39,82.21,3288.56,Month-to-month,Electronic check,Fiber optic,Yes,Yes,No,No,6,83.8,0,2,False,1,False,1
5751,61,Female,57,104.89,5896.44,Month-to-month,Bank transfer,Fiber optic,Yes,No,No,No,14,56.6,0,1,True,1,False,0
5752,41,Male,40,109.58,4170.03,Month-to-month,Electronic check,Fiber optic,No,Yes,Yes,Yes,6,42.0,1,2,True,1,False,1
5753,41,Male,71,114.96,6305.555,Month-to-month,Credit card,Fiber optic,Yes,No,No,No,10,44.3,0,2,False,1,False,0
5754,38,Female,12,79.56,926.58,Two year,Bank transfer,DSL,No,No,Yes,Yes,5,18.9,1,4,True,24,False,0
5755,36,Male,9,96.09,845.34,Two year,Bank transfer,DSL,Yes,Yes,Yes,No,3,64.1,2,2,True,24,False,0
5756,49,Male,1,53.08,50.84,Month-to-month,Mailed check,No,No,Yes,Yes,No,9,5.8,3,3,False,1,False,1
5757,22,Male,14,71.19,1024.57,One year,Bank transfer,DSL,Yes,No,No,No,15,29.5,3,2,True,12,False,1
5758,64,Female,25,102.64,2500.71,One year,Electronic check,DSL,No,Yes,Yes,Yes,9,119.7,4,2,False,12,False,1
5759,35,Male,40,115.33,4734.44,Month-to-month,Credit card,Fiber optic,Yes,Yes,No,No,9,34.5,4,5,False,1,False,1
5760,55,Female,7,43.75,291.68,Month-to-month,Mailed check,No,No,No,Yes,Yes,9,110.5,2,2,False,1,False,1
5761,25,Male,17,83.1,1433.15,Month-to-month,Electronic check,DSL,No,No,No,No,9,30.4,3,1,False,1,False,1
5762,55,Female,26,89.67,2242.94,One year,Bank transfer,Fiber optic,No,No,No,No,6,20.3,2,0,False,12,False,0
5763,55,Male,19,98.03,1848.03,Month-to-month,Mailed check,DSL,No,No,Yes,Yes,6,49.8,0,1,True,1,False,1
5764,50,Male,7,83.5,573.38,Two year,Credit card,Fiber optic,No,No,No,No,4,87.7,3,4,True,24,False,0
5765,30,Female,38,126.57,4944.51,Month-to-month,Electronic check,Fiber optic,Yes,Yes,Yes,No,6,55.9,1,0,False,1,False,1
5766,48,Male,4,71.59,294.75,Month-to-month,Mailed check,DSL,Yes,Yes,No,No,7,18.3,1,2,False,1,False,1
5767,27,Female,56,51.4,2979.68,Month-to-month,Bank transfer,No,No,Yes,Yes,No,9,107.9,0,4,False,1,False,1
5768,41,Male,71,127.84,6305.555,One year,Electronic check,Fiber optic,Yes,Yes,Yes,No,8,32.0,1,3,True,12,False,0
5769,60,Female,10,65.46,677.49,One year,Bank transfer,DSL,No,Yes,Yes,No,5,28.9,1,3,False,12,False,0
5770,56,Male,11,77.14,826.63,One year,Credit card,DSL,Yes,No,No,No,10,26.7,1,4,False,12,False,0
5771,45,Female,32,79.62,2633.21,Month-to-month,Credit card,DSL,Yes,Yes,No,No,9,121.6,3,3,False,1,False,1
5772,30,Male,14,57.51,832.22,Month-to-month,Bank transfer,No,No,No,Yes,Yes,7,129.4,4,2,False,1,False,0
5773,54,Female,1,90.6,88.09,Month-to-month,Bank transfer,DSL,No,No,Yes,Yes,4,100.1,2,0,False,1,False,1
5774,45,Female,60,70.99,4151.2,Month-to-month,Bank transfer,DSL,No,No,No,No,7,90.7,1,1,False,1,False,0
5775,18,Male,13,143.04,1796.67,One year,Mailed check,Fiber optic,No,No,Yes,Yes,12,87.9,1,3,True,12,False,0
5776,56,Female,5,79.05,382.55,Month-to-month,Credit card,DSL,No,Yes,No,No,14,94.2,2,2,False,1,False,1
5777,44,Female,19,93.74,1862.07,Month-to-month,Bank transfer,DSL,Yes,No,Yes,Yes,6,28.2,1,3,False,1,False,0
5778,63,Male,5,138.09,682.49,Month-to-month,Credit card,Fiber optic,Yes,No,Yes,Yes,10,101.3,3,4,True,1,False,1
5779,28,Male,5,70.82,337.8,Month-to-month,Electronic check,DSL,No,No,No,No,9,59.3,1,0,False,1,False,0
5780,18,Male,18,28.33,501.24,One year,Electronic check,No,No,No,No,No,4,47.1,0,1,False,12,False,0
5781,49,Male,11,46.25,485.79,Two year,Electronic check,No,No,No,Yes,Yes,7,44.4,3,4,False,24,False,0
5782,49,Male,20,116.82,2448.9,Two year,Bank transfer,Fiber optic,No,No,No,No,8,50.5,3,2,False,24,False,1
5783,19,Male,71,113.33,6305.555,One year,Mailed check,Fiber optic,No,No,Yes,Yes,6,42.1,0,0,False,12,False,0
5784,30,Female,47,113.0,5317.56,Month-to-month,Credit card,Fiber optic,Yes,No,No,No,10,109.0,1,2,False,1,False,1
5785,80,Female,1,123.04,118.27,One year,Electronic check,Fiber optic,No,Yes,Yes,Yes,8,6.7,2,2,False,12,True,1
5786,40,Female,1,71.03,69.37,Month-to-month,Bank transfer,DSL,No,Yes,No,No,3,93.8,4,2,True,1,False,0
5787,55,Male,22,85.63,1934.87,One year,Credit card,DSL,No,No,Yes,Yes,10,101.0,5,1,False,12,False,1
5788,35,Male,23,30.75,735.68,One year,Credit card,No,No,No,No,No,7,31.2,1,5,False,12,False,0
5789,18,Female,50,88.06,4544.1,One year,Bank transfer,DSL,No,No,Yes,Yes,9,81.1,0,0,True,12,False,0
5790,42,Female,23,101.99,2385.33,Month-to-month,Electronic check,Fiber optic,No,No,Yes,Yes,9,29.8,0,2,True,1,False,0
5791,41,Male,6,128.49,774.24,Two year,Credit card,Fiber optic,Yes,Yes,Yes,Yes,6,7.7,0,2,False,24,False,0
5792,39,Female,15,81.04,1211.3,One year,Bank transfer,DSL,Yes,No,Yes,Yes,7,79.0,0,1,False,12,False,0
5793,43,Male,39,132.92,5006.26,One year,Credit card,Fiber optic,No,No,Yes,Yes,15,106.3,4,0,False,12,False,1
5794,48,Male,61,51.7,3033.31,Month-to-month,Electronic check,No,No,No,Yes,No,9,103.5,3,3,False,1,False,1
5795,42,Female,6,91.52,566.01,Month-to-month,Credit card,DSL,No,Yes,Yes,No,8,76.4,5,1,True,1,False,1
5796,26,Male,18,23.19,429.51,Month-to-month,Credit card,No,No,Yes,No,No,7,23.2,3,1,False,1,False,1
5797,52,Male,4,86.74,330.23,Month-to-month,Credit card,DSL,Yes,Yes,Yes,Yes,5,69.6,4,2,False,1,False,1
5798,18,Male,16,98.44,1578.21,One year,Bank transfer,Fiber optic,Yes,Yes,Yes,No,12,31.2,2,0,False,12,False,0
5799,18,Male,2,111.45,215.13,Two year,Credit card,Fiber optic,Yes,Yes,No,No,9,62.2,4,1,True,24,False,0
5800,56,Female,68,102.43,6305.555,Month-to-month,Credit card,Fiber optic,No,No,No,No,12,43.9,2,0,False,1,False,1
5801,52,Male,24,87.43,2031.94,One year,Bank transfer,DSL,No,No,Yes,Yes,8,73.5,2,2,False,12,False,0
5802,44,Male,46,102.52,4721.86,Month-to-month,Bank transfer,DSL,No,Yes,Yes,Yes,10,6.9,0,2,False,1,False,1
5803,24,Female,71,59.9,4387.47,Month-to-month,Credit card,No,No,No,Yes,No,8,98.0,2,1,False,1,False,1
5804,34,Male,4,100.6,397.99,Two year,Bank transfer,Fiber optic,No,Yes,No,No,8,66.5,2,1,False,24,False,0
5805,41,Male,28,129.73,3694.64,One year,Credit card,Fiber optic,Yes,No,Yes,Yes,7,108.5,3,1,False,12,False,0
5806,21,Female,52,28.84,1561.78,Month-to-month,Mailed check,No,No,Yes,No,No,10,124.6,0,0,False,1,False,0
5807,33,Female,20,124.7,2548.81,Month-to-month,Credit card,Fiber optic,No,No,Yes,Yes,8,59.5,2,0,True,1,False,1
5808,54,Male,24,63.5,1496.98,Month-to-month,Electronic check,DSL,Yes,No,No,No,6,84.7,2,2,False,1,False,0
5809,66,Male,12,54.5,644.33,Month-to-month,Mailed check,No,No,No,Yes,Yes,7,123.3,1,1,False,1,True,1
5810,38,Female,26,46.17,1180.56,Month-to-month,Credit card,No,No,No,Yes,Yes,8,20.1,0,3,True,1,False,0
5811,56,Male,12,50.34,602.88,Month-to-month,Credit card,DSL,No,Yes,No,No,8,102.7,0,2,False,1,False,1
5812,18,Male,15,98.04,1410.35,One year,Electronic check,Fiber optic,Yes,Yes,No,No,11,86.1,1,4,True,12,False,1
5813,54,Male,2,47.64,90.71,Month-to-month,Bank transfer,No,No,No,Yes,No,6,24.7,1,1,False,1,False,0
5814,32,Female,1,71.65,70.29,Month-to-month,Credit card,DSL,Yes,Yes,Yes,Yes,10,34.4,1,2,False,1,False,1
5815,49,Male,1,67.34,69.48,One year,Credit card,DSL,No,No,No,No,6,14.1,3,2,False,12,False,0
5816,41,Female,5,106.66,552.95,Two year,Bank transfer,Fiber optic,No,No,Yes,Yes,8,97.5,4,2,False,24,False,1
5817,64,Female,14,83.66,1200.29,Two year,Electronic check,DSL,Yes,Yes,Yes,No,12,102.8,0,0,False,24,False,1
5818,31,Female,1,121.65,117.81,Two year,Electronic check,Fiber optic,No,No,Yes,Yes,8,58.3,2,5,False,24,False,1
5819,54,Female,4,114.06,455.95,Month-to-month,Bank transfer,Fiber optic,Yes,Yes,Yes,Yes,10,65.0,4,4,False,1,False,1
5820,40,Male,36,91.85,3309.09,Month-to-month,Bank transfer,DSL,No,No,Yes,Yes,9,42.0,3,6,False,1,False,1
5821,42,Female,34,45.27,1491.72,Two year,Credit card,No,No,No,Yes,Yes,10,54.6,2,2,False,24,False,0
5822,42,Male,37,84.84,3097.2,Two year,Bank transfer,DSL,No,No,No,No,8,36.8,3,3,False,24,False,1
5823,32,Female,61,94.35,5637.05,One year,Bank transfer,DSL,Yes,No,Yes,Yes,11,125.9,2,2,False,12,False,1
5824,44,Female,3,69.06,202.06,Month-to-month,Credit card,DSL,Yes,No,No,No,7,114.4,0,1,True,1,False,0
5825,44,Male,4,96.88,383.89,Month-to-month,Credit card,Fiber optic,No,No,No,No,7,40.7,3,2,False,1,False,1
5826,48,Female,9,60.93,538.4,Two year,Electronic check,DSL,No,Yes,No,No,10,83.7,4,1,True,24,False,1
5827,46,Female,59,60.7,3734.76,Month-to-month,Credit card,DSL,No,No,No,No,9,32.9,2,1,False,1,False,0
5828,56,Male,35,39.43,1397.97,One year,Bank transfer,No,No,Yes,No,No,9,68.2,0,2,False,12,False,0
5829,58,Female,9,60.63,550.1,Two year,Bank transfer,No,No,No,Yes,No,7,81.9,1,3,True,24,False,0
5830,29,Female,2,93.1,184.67,One year,Credit card,DSL,No,No,Yes,Yes,11,39.0,2,0,False,12,False,0
5831,58,Female,22,71.61,1568.3,Month-to-month,Electronic check,DSL,No,No,Yes,Yes,8,8.0,3,6,False,1,False,1
5832,27,Male,7,130.7,910.38,Month-to-month,Credit card,Fiber optic,No,No,Yes,Yes,5,117.3,3,1,False,1,False,1
5833,53,Female,18,95.54,1636.75,Month-to-month,Credit card,Fiber optic,No,No,No,No,8,48.2,2,2,True,1,False,1
5834,54,Male,68,39.75,2826.79,One year,Bank transfer,No,No,No,No,No,11,127.7,4,3,False,12,False,1
5835,18,Male,20,58.73,1199.98,Month-to-month,Credit card,DSL,No,Yes,No,No,5,101.9,2,1,False,1,False,0
5836,46,Male,61,88.33,5413.62,Month-to-month,Electronic check,DSL,No,Yes,Yes,Yes,4,76.3,0,1,False,1,False,1
5837,37,Female,11,115.22,1234.02,Month-to-month,Electronic check,Fiber optic,Yes,Yes,No,No,8,16.3,1,2,False,1,False,0
5838,33,Female,24,91.58,2088.98,Month-to-month,Bank transfer,Fiber optic,No,Yes,No,No,12,53.9,5,5,False,1,False,0
5839,65,Female,53,109.51,5675.38,Two year,Credit card,Fiber optic,Yes,No,Yes,Yes,8,120.1,3,3,False,24,True,1
5840,35,Female,21,43.76,944.9,Two year,Credit card,No,No,No,Yes,Yes,11,112.6,1,0,True,24,False,1
5841,32,Male,22,105.38,2427.61,Month-to-month,Bank transfer,Fiber optic,Yes,Yes,No,No,6,127.1,5,0,False,1,False,1
5842,46,Male,30,88.22,2715.39,Two year,Credit card,DSL,Yes,Yes,Yes,Yes,8,32.3,1,4,True,24,False,0
5843,55,Female,51,126.35,6305.555,One year,Electronic check,Fiber optic,No,No,Yes,Yes,9,79.2,1,1,False,12,False,1
5844,42,Female,2,74.63,154.45,One year,Electronic check,DSL,Yes,Yes,Yes,No,4,17.7,2,3,False,12,False,1
5845,62,Male,9,108.11,1021.24,One year,Electronic check,Fiber optic,No,Yes,No,No,11,33.4,1,4,True,12,False,0
5846,52,Female,12,40.22,473.37,One year,Mailed check,No,No,No,Yes,Yes,4,72.9,3,2,False,12,False,1
5847,18,Female,57,140.84,6305.555,Month-to-month,Electronic check,Fiber optic,Yes,No,Yes,No,5,34.2,1,2,False,1,False,0
5848,37,Female,71,57.49,4111.02,One year,Credit card,DSL,No,Yes,No,No,9,53.5,0,0,False,12,False,0
5849,36,Female,3,95.53,283.25,Two year,Electronic check,Fiber optic,No,Yes,No,No,5,14.3,4,2,True,24,False,0
5850,52,Female,3,103.09,313.72,Month-to-month,Bank transfer,DSL,No,No,Yes,Yes,7,85.7,1,0,False,1,False,1
5851,18,Female,65,100.47,6305.555,Month-to-month,Electronic check,DSL,Yes,Yes,Yes,No,9,69.3,2,2,False,1,False,1
5852,80,Male,8,108.39,898.85,Month-to-month,Bank transfer,Fiber optic,No,No,Yes,Yes,9,86.8,2,5,True,1,True,1
5853,52,Male,6,128.07,737.94,Month-to-month,Mailed check,Fiber optic,No,Yes,Yes,Yes,8,108.3,1,3,False,1,False,1
5854,47,Male,1,99.94,95.24,Month-to-month,Credit card,Fiber optic,Yes,No,Yes,Yes,4,123.0,2,3,False,1,False,0
5855,62,Male,7,106.97,743.98,One year,Electronic check,Fiber optic,Yes,Yes,No,No,5,23.5,1,2,True,12,False,0
5856,80,Female,28,86.14,2325.92,Month-to-month,Credit card,DSL,No,No,No,No,8,42.4,1,3,False,1,True,0
5857,58,Female,13,81.21,1010.32,Month-to-month,Credit card,DSL,No,Yes,Yes,Yes,4,23.6,1,5,False,1,False,0
5858,59,Male,17,86.68,1415.75,Two year,Bank transfer,DSL,Yes,No,Yes,No,7,8.6,3,4,False,24,False,1
5859,46,Male,59,135.48,6305.555,One year,Bank transfer,Fiber optic,Yes,No,Yes,Yes,10,18.8,2,4,True,12,False,1
5860,42,Male,2,116.94,230.38,Month-to-month,Electronic check,Fiber optic,Yes,No,No,No,5,44.8,3,1,True,1,False,1
5861,37,Male,1,51.07,51.74,Month-to-month,Bank transfer,No,No,No,No,No,6,88.7,1,3,False,1,False,0
5862,32,Male,45,103.3,4437.6,One year,Electronic check,Fiber optic,Yes,Yes,No,No,9,18.5,1,2,True,12,False,1
5863,34,Female,35,97.07,3544.51,One year,Electronic check,Fiber optic,No,No,No,No,8,26.2,3,3,False,12,False,1
5864,24,Female,7,83.04,608.42,Month-to-month,Credit card,DSL,Yes,No,Yes,No,8,103.0,2,0,False,1,False,1
5865,43,Male,9,105.5,990.74,Two year,Credit card,DSL,No,No,Yes,Yes,5,96.8,3,0,False,24,False,1
5866,19,Male,8,141.51,1102.32,One year,Electronic check,Fiber optic,No,No,Yes,No,7,26.6,1,0,False,12,False,1
5867,47,Female,25,142.42,3688.71,Two year,Bank transfer,Fiber optic,Yes,No,Yes,Yes,6,64.1,3,2,False,24,False,1
5868,44,Female,1,147.91,146.26,Month-to-month,Bank transfer,Fiber optic,No,No,Yes,No,5,115.2,0,0,True,1,False,1
5869,47,Female,16,138.13,2253.88,Month-to-month,Mailed check,Fiber optic,Yes,Yes,Yes,No,4,118.7,1,1,True,1,False,1
5870,37,Male,3,41.41,120.36,Month-to-month,Credit card,No,No,No,Yes,Yes,5,19.1,1,4,False,1,False,0
5871,80,Female,41,71.45,2906.4,Month-to-month,Electronic check,DSL,No,No,No,No,8,64.1,0,3,False,1,True,0
5872,65,Male,11,78.88,901.92,Month-to-month,Bank transfer,DSL,No,Yes,Yes,Yes,9,106.0,6,0,False,1,True,1
5873,26,Male,17,37.85,640.72,Month-to-month,Credit card,No,No,Yes,No,No,7,59.5,4,1,True,1,False,1
5874,48,Female,1,99.12,103.39,One year,Electronic check,DSL,Yes,Yes,Yes,Yes,8,38.9,0,3,False,12,False,1
5875,35,Female,1,59.3,58.45,Month-to-month,Credit card,No,No,No,Yes,No,5,110.1,2,2,False,1,False,1
5876,29,Female,26,72.4,1900.25,Month-to-month,Electronic check,DSL,Yes,No,No,No,9,44.2,3,0,False,1,False,1
5877,24,Male,34,96.96,3277.49,Two year,Bank transfer,Fiber optic,Yes,No,No,No,5,21.7,2,3,False,24,False,0
5878,51,Female,29,82.49,2303.56,Month-to-month,Credit card,DSL,Yes,Yes,Yes,Yes,8,111.0,2,2,False,1,False,1
5879,34,Female,32,81.54,2603.91,Month-to-month,Electronic check,DSL,No,No,Yes,Yes,5,7.9,2,2,False,1,False,1
5880,59,Male,2,106.96,210.93,One year,Credit card,Fiber optic,No,Yes,No,No,7,16.3,1,3,False,12,False,0
5881,59,Female,28,98.81,2682.74,Two year,Bank transfer,DSL,Yes,No,Yes,Yes,10,94.3,0,5,False,24,False,0
5882,65,Female,4,75.85,301.08,Two year,Bank transfer,DSL,Yes,Yes,Yes,Yes,7,51.0,3,2,False,24,True,0
5883,32,Male,2,108.58,212.46,Month-to-month,Credit card,Fiber optic,No,No,Yes,No,7,90.0,1,2,False,1,False,1
5884,52,Male,33,45.97,1480.22,Two year,Electronic check,No,No,No,Yes,Yes,7,6.0,2,2,False,24,False,0
5885,54,Male,52,68.55,3692.51,Month-to-month,Bank transfer,DSL,No,No,Yes,Yes,8,40.2,3,3,False,1,False,1
5886,37,Male,30,83.11,2559.83,One year,Credit card,DSL,No,Yes,Yes,Yes,5,50.7,2,2,False,12,False,0
5887,33,Male,39,126.08,5004.1,Month-to-month,Bank transfer,Fiber optic,No,No,No,No,9,58.3,1,1,False,1,False,1
5888,69,Female,71,132.16,6305.555,One year,Bank transfer,Fiber optic,Yes,No,Yes,No,9,81.5,3,2,False,12,True,1
5889,48,Female,3,44.32,129.39,Month-to-month,Bank transfer,No,No,Yes,No,No,9,32.1,1,2,True,1,False,0
5890,54,Male,71,73.74,5378.98,One year,Credit card,DSL,No,Yes,No,No,8,127.3,1,0,False,12,False,0
5891,32,Female,22,91.93,1977.73,One year,Electronic check,Fiber optic,No,No,No,No,7,99.2,2,3,False,12,False,1
5892,26,Female,40,108.21,4436.56,Month-to-month,Bank transfer,DSL,No,Yes,Yes,Yes,9,66.3,2,2,False,1,False,0
5893,36,Male,25,104.42,2605.79,Month-to-month,Credit card,DSL,Yes,Yes,Yes,No,6,96.4,1,2,False,1,False,1
5894,43,Male,20,64.85,1350.22,One year,Electronic check,DSL,Yes,No,No,No,5,116.9,1,3,False,12,False,1
5895,29,Male,29,63.14,1903.79,Month-to-month,Electronic check,DSL,Yes,No,No,No,4,87.4,0,3,False,1,False,0
5896,44,Female,9,132.55,1186.18,Month-to-month,Bank transfer,Fiber optic,Yes,No,Yes,Yes,9,65.2,3,1,False,1,False,1
5897,19,Male,61,88.03,5613.75,One year,Bank transfer,DSL,No,No,Yes,Yes,8,85.3,4,1,False,12,False,1
5898,28,Female,2,39.78,80.84,Two year,Credit card,No,No,Yes,No,No,8,80.0,2,2,True,24,False,0
5899,55,Female,9,125.63,1142.55,Month-to-month,Credit card,Fiber optic,No,No,No,No,11,87.9,2,1,False,1,False,1
5900,54,Female,1,74.98,71.93,Month-to-month,Credit card,DSL,Yes,No,Yes,Yes,3,69.9,1,2,False,1,False,1
5901,39,Female,7,36.92,270.91,Month-to-month,Bank transfer,No,No,Yes,No,No,6,20.6,2,2,True,1,False,1
5902,29,Male,5,48.29,231.59,Month-to-month,Bank transfer,No,No,No,Yes,Yes,11,91.3,2,4,True,1,False,1
5903,29,Female,1,136.17,133.03,Month-to-month,Electronic check,Fiber optic,No,Yes,Yes,Yes,7,115.0,0,3,False,1,False,1
5904,39,Male,16,62.63,969.04,One year,Bank transfer,DSL,No,Yes,No,No,4,28.1,1,2,False,12,False,0
5905,54,Female,15,73.31,1050.95,One year,Mailed check,DSL,Yes,Yes,Yes,Yes,9,42.9,1,3,False,12,False,0
5906,58,Male,1,91.6,96.17,Month-to-month,Electronic check,DSL,Yes,No,Yes,Yes,3,86.1,3,2,True,1,False,1
5907,37,Male,7,110.91,762.32,One year,Mailed check,Fiber optic,No,No,No,No,7,45.0,0,1,False,12,False,1
5908,27,Male,71,81.14,5576.91,Month-to-month,Credit card,DSL,Yes,Yes,Yes,Yes,8,92.7,2,4,True,1,False,1
5909,49,Female,2,126.15,242.84,Month-to-month,Electronic check,Fiber optic,Yes,No,Yes,Yes,7,78.6,3,3,False,1,False,0
5910,32,Female,8,77.69,605.14,Month-to-month,Credit card,DSL,No,No,No,No,6,108.0,1,2,False,1,False,0
5911,37,Female,1,130.2,124.19,Month-to-month,Mailed check,Fiber optic,No,No,Yes,No,13,23.9,0,4,False,1,False,1
5912,64,Male,3,131.23,379.78,Month-to-month,Bank transfer,Fiber optic,No,No,Yes,No,5,57.6,2,1,False,1,False,1
5913,57,Female,28,92.16,2459.72,One year,Bank transfer,DSL,No,No,Yes,Yes,16,53.1,0,2,False,12,False,1
5914,47,Female,10,83.82,810.26,One year,Electronic check,Fiber optic,Yes,No,No,No,8,26.6,3,1,False,12,False,1
5915,25,Female,14,126.1,1755.72,Two year,Credit card,Fiber optic,No,No,Yes,No,7,82.7,2,3,False,24,False,1
5916,48,Male,4,110.78,464.2,Month-to-month,Credit card,Fiber optic,Yes,No,Yes,Yes,10,103.1,3,2,False,1,False,1
5917,60,Female,27,104.39,2868.37,Month-to-month,Bank transfer,Fiber optic,No,No,Yes,No,7,21.8,1,1,False,1,False,1
5918,39,Female,33,114.29,3785.56,Two year,Mailed check,Fiber optic,No,No,No,No,9,82.0,0,1,True,24,False,0
5919,65,Male,4,37.71,158.23,Month-to-month,Mailed check,No,No,No,No,No,5,38.2,2,1,False,1,True,1
5920,64,Male,1,123.53,126.04,One year,Electronic check,Fiber optic,No,No,No,No,8,87.8,3,3,False,12,False,1
5921,69,Male,2,79.11,156.17,Two year,Credit card,DSL,No,No,No,No,10,122.2,2,2,False,24,True,0
5922,49,Male,25,61.18,1574.31,One year,Bank transfer,DSL,No,No,No,No,7,23.4,0,2,False,12,False,0
5923,53,Male,3,73.73,220.79,Month-to-month,Electronic check,DSL,No,No,Yes,No,7,30.2,2,0,False,1,False,1
5924,66,Male,16,99.55,1519.56,Two year,Mailed check,DSL,No,Yes,Yes,Yes,5,125.7,3,6,False,24,True,1
5925,51,Female,3,116.49,354.22,One year,Bank transfer,Fiber optic,No,No,Yes,Yes,8,30.4,1,0,False,12,False,1
5926,37,Female,4,123.7,506.2,One year,Credit card,Fiber optic,Yes,Yes,Yes,Yes,4,39.4,0,0,False,12,False,1
5927,38,Male,1,60.2,63.08,One year,Bank transfer,No,No,Yes,Yes,Yes,6,54.0,2,4,False,12,False,0
5928,48,Female,9,103.35,892.74,Month-to-month,Electronic check,DSL,No,No,Yes,Yes,9,100.0,2,2,False,1,False,0
5929,25,Male,2,127.91,251.27,Month-to-month,Electronic check,Fiber optic,No,Yes,Yes,No,9,118.0,4,1,False,1,False,1
5930,42,Female,12,94.41,1158.09,Two year,Bank transfer,Fiber optic,Yes,No,Yes,Yes,6,120.1,1,2,False,24,False,0
5931,61,Male,21,48.5,1033.36,Month-to-month,Bank transfer,No,No,No,Yes,Yes,8,77.9,2,3,False,1,False,0
5932,18,Male,10,100.08,1002.42,Month-to-month,Credit card,DSL,No,No,Yes,Yes,5,108.9,2,1,False,1,False,1
5933,68,Female,29,104.09,2924.75,Month-to-month,Electronic check,DSL,Yes,No,Yes,No,8,43.2,0,5,False,1,True,1
5934,61,Female,32,67.56,2099.41,Month-to-month,Electronic check,DSL,Yes,Yes,No,No,9,81.1,2,0,False,1,False,1
5935,38,Female,28,125.07,3666.0,One year,Bank transfer,Fiber optic,Yes,No,No,No,7,21.2,1,1,False,12,False,0
5936,53,Female,66,80.04,5074.54,Two year,Bank transfer,DSL,No,No,No,No,7,18.4,0,3,True,24,False,0
5937,45,Female,6,142.51,874.8,Month-to-month,Credit card,Fiber optic,Yes,Yes,Yes,Yes,4,6.6,1,3,False,1,False,0
5938,63,Female,5,77.9,370.1,One year,Bank transfer,DSL,Yes,Yes,No,No,6,93.4,0,4,False,12,False,1
5939,59,Female,22,73.93,1565.27,One year,Credit card,DSL,Yes,No,Yes,No,9,57.2,0,4,False,12,False,0
5940,23,Female,21,94.83,2061.97,One year,Bank transfer,DSL,Yes,Yes,Yes,Yes,6,12.6,1,1,True,12,False,0
5941,53,Male,17,37.84,631.04,Month-to-month,Credit card,No,No,Yes,No,No,10,58.2,0,4,False,1,False,1
5942,41,Female,1,101.12,106.12,One year,Bank transfer,Fiber optic,Yes,No,No,No,8,77.7,2,2,False,12,False,0
5943,46,Female,19,116.88,2272.09,Two year,Mailed check,Fiber optic,No,Yes,Yes,Yes,16,83.0,1,2,False,24,False,1
5944,34,Male,64,75.24,4751.22,Month-to-month,Bank transfer,DSL,No,Yes,No,No,10,88.1,2,0,False,1,False,1
5945,71,Male,9,78.64,702.59,One year,Electronic check,DSL,No,Yes,No,No,8,76.9,3,0,False,12,True,1
5946,60,Male,71,105.34,6305.555,Two year,Credit card,Fiber optic,Yes,Yes,No,No,8,80.4,2,2,False,24,False,1
5947,33,Male,10,73.92,762.69,One year,Bank transfer,DSL,Yes,No,No,No,8,106.3,2,1,False,12,False,0
5948,24,Female,3,72.85,207.78,One year,Bank transfer,DSL,No,Yes,Yes,Yes,8,103.6,1,2,True,12,False,0
5949,39,Female,12,74.45,870.07,Two year,Electronic check,DSL,Yes,Yes,No,No,8,25.8,3,3,True,24,False,1
5950,51,Male,16,76.22,1264.69,Month-to-month,Bank transfer,DSL,No,No,No,No,7,73.0,1,1,False,1,False,0
5951,48,Male,23,60.43,1455.76,One year,Electronic check,DSL,Yes,Yes,No,No,13,19.3,1,0,False,12,False,0
5952,63,Female,16,96.18,1529.52,Month-to-month,Bank transfer,DSL,Yes,No,Yes,No,8,18.7,4,1,False,1,False,1
5953,56,Female,18,116.14,2158.96,Month-to-month,Mailed check,Fiber optic,Yes,Yes,Yes,Yes,6,107.5,0,1,True,1,False,0
5954,59,Female,1,115.16,118.79,Month-to-month,Credit card,Fiber optic,No,No,No,No,4,41.5,1,3,False,1,False,1
5955,49,Female,7,89.31,642.2,Month-to-month,Electronic check,Fiber optic,No,Yes,No,No,12,76.2,3,2,False,1,False,1
5956,24,Male,8,107.58,890.07,Month-to-month,Bank transfer,DSL,Yes,No,Yes,Yes,9,117.9,3,0,True,1,False,1
5957,42,Female,71,126.97,6305.555,Month-to-month,Electronic check,Fiber optic,Yes,Yes,No,No,15,66.3,0,3,True,1,False,1
5958,60,Male,8,92.75,708.83,Month-to-month,Mailed check,DSL,No,No,Yes,No,8,47.1,2,3,False,1,False,1
5959,44,Male,54,120.35,6305.555,Month-to-month,Credit card,Fiber optic,No,Yes,Yes,No,7,92.2,1,3,False,1,False,1
5960,52,Male,8,134.0,1093.57,Two year,Electronic check,Fiber optic,Yes,No,Yes,Yes,5,89.0,2,2,False,24,False,1
5961,40,Female,2,129.46,251.02,Month-to-month,Credit card,Fiber optic,Yes,Yes,Yes,No,6,22.0,1,1,False,1,False,1
5962,29,Male,6,142.65,858.57,Month-to-month,Mailed check,Fiber optic,Yes,Yes,Yes,Yes,7,96.9,6,1,False,1,False,1
5963,43,Female,7,83.98,595.11,One year,Bank transfer,DSL,No,No,No,No,7,19.3,3,0,False,12,False,0
5964,49,Male,71,94.98,6305.555,Month-to-month,Mailed check,Fiber optic,No,No,No,No,5,118.3,1,2,False,1,False,1
5965,35,Female,26,116.32,3080.13,Two year,Credit card,Fiber optic,Yes,Yes,Yes,Yes,9,66.3,2,1,False,24,False,0
5966,41,Male,64,144.83,6305.555,Two year,Electronic check,Fiber optic,No,No,Yes,No,7,23.7,2,1,True,24,False,1
5967,30,Male,43,116.33,4766.11,Month-to-month,Bank transfer,Fiber optic,No,Yes,No,No,8,127.9,4,1,False,1,False,1
5968,61,Female,20,98.1,2009.41,Two year,Mailed check,DSL,No,Yes,Yes,Yes,7,66.3,2,2,True,24,False,0
5969,40,Female,27,80.81,2215.03,One year,Credit card,DSL,Yes,No,Yes,Yes,7,61.7,2,1,False,12,False,0
5970,66,Male,23,129.15,3049.12,Month-to-month,Credit card,Fiber optic,No,Yes,Yes,No,8,10.5,3,1,False,1,True,1
5971,67,Male,26,54.31,1343.52,One year,Credit card,DSL,Yes,Yes,No,No,6,9.3,3,2,False,12,True,0
5972,43,Female,7,81.94,549.37,One year,Electronic check,DSL,Yes,No,No,No,9,99.5,0,1,False,12,False,1
5973,29,Male,12,29.34,345.28,One year,Electronic check,No,No,No,No,No,13,110.8,4,1,False,12,False,1
5974,18,Female,21,79.24,1598.06,One year,Bank transfer,DSL,Yes,Yes,Yes,Yes,7,107.4,2,1,False,12,False,1
5975,22,Female,1,117.31,115.33,Month-to-month,Bank transfer,Fiber optic,Yes,No,No,No,9,7.7,3,0,True,1,False,0
5976,24,Male,15,117.05,1766.36,Two year,Credit card,Fiber optic,No,No,No,No,10,42.5,1,3,True,24,False,1
5977,65,Female,47,68.91,3255.76,Two year,Mailed check,DSL,Yes,No,Yes,No,12,24.1,1,2,False,24,True,0
5978,46,Male,16,56.33,864.46,One year,Credit card,No,No,No,Yes,No,12,48.5,1,1,False,12,False,1
5979,50,Female,19,64.26,1168.67,Month-to-month,Bank transfer,DSL,Yes,No,No,No,9,65.5,3,1,False,1,False,1
5980,18,Female,5,76.65,365.79,One year,Credit card,DSL,Yes,Yes,Yes,No,3,78.8,4,3,True,12,False,1
5981,27,Male,37,87.73,3369.26,One year,Credit card,DSL,Yes,No,Yes,Yes,3,57.3,0,6,True,12,False,1
5982,58,Female,10,123.61,1268.54,Two year,Mailed check,Fiber optic,No,Yes,Yes,Yes,7,98.2,1,3,False,24,False,0
5983,49,Male,71,50.2,3731.38,Two year,Mailed check,No,No,No,Yes,No,5,122.1,0,0,False,24,False,0
5984,42,Female,71,145.32,6305.555,Two year,Bank transfer,Fiber optic,Yes,No,Yes,Yes,8,22.6,3,1,False,24,False,0
5985,53,Female,59,122.23,6305.555,Month-to-month,Bank transfer,Fiber optic,Yes,No,No,No,11,113.4,2,4,False,1,False,1
5986,69,Female,2,84.58,171.42,Two year,Credit card,DSL,Yes,No,Yes,No,16,26.0,4,6,False,24,True,1
5987,41,Female,9,54.25,468.58,Month-to-month,Credit card,No,No,No,Yes,Yes,10,116.5,2,2,False,1,False,1
5988,46,Male,69,104.58,6305.555,Month-to-month,Bank transfer,Fiber optic,No,No,No,No,6,123.0,2,4,False,1,False,1
5989,47,Female,39,87.72,3271.89,Month-to-month,Credit card,DSL,No,Yes,Yes,Yes,6,97.0,4,1,False,1,False,1
5990,80,Female,58,99.37,5736.56,Two year,Bank transfer,Fiber optic,No,Yes,No,No,8,125.6,2,2,False,24,True,0
5991,18,Female,20,41.88,852.98,Two year,Credit card,No,No,Yes,No,No,11,22.9,2,3,False,24,False,0
5992,55,Male,15,138.75,1989.96,Month-to-month,Credit card,Fiber optic,Yes,Yes,Yes,Yes,10,78.4,4,0,False,1,False,0
5993,43,Male,2,85.73,171.65,Month-to-month,Mailed check,DSL,No,Yes,Yes,No,9,69.7,0,3,True,1,False,1
5994,53,Male,43,56.62,2480.97,Two year,Bank transfer,No,No,No,Yes,Yes,4,93.4,2,1,False,24,False,0
5995,35,Male,32,71.06,2171.72,One year,Mailed check,DSL,No,No,No,No,4,99.1,3,2,False,12,False,1
5996,44,Female,1,123.78,128.36,Month-to-month,Bank transfer,Fiber optic,Yes,Yes,Yes,Yes,8,52.9,3,2,True,1,False,1
5997,55,Female,5,84.96,418.62,Month-to-month,Bank transfer,DSL,Yes,Yes,Yes,Yes,6,118.8,2,0,False,1,False,1
5998,80,Female,19,30.49,568.56,One year,Bank transfer,No,No,No,No,No,7,123.7,2,2,False,12,True,0
5999,57,Male,27,79.07,2054.08,Two year,Credit card,DSL,Yes,No,Yes,Yes,5,55.0,4,2,True,24,False,0
6000,32,Male,3,132.11,415.57,Month-to-month,Credit card,Fiber optic,Yes,Yes,Yes,Yes,8,103.1,4,4,False,1,False,1
6001,38,Female,6,72.91,440.88,Month-to-month,Credit card,DSL,Yes,No,No,No,10,18.5,2,2,False,1,False,1
6002,38,Female,5,136.97,690.55,Month-to-month,Electronic check,Fiber optic,Yes,No,Yes,Yes,5,86.4,2,1,False,1,False,0
6003,18,Female,5,38.61,195.17,Month-to-month,Electronic check,No,No,No,No,No,9,9.0,2,3,False,1,False,1
6004,40,Male,60,37.0,2201.65,One year,Mailed check,No,No,No,No,No,8,79.9,3,1,True,12,False,1
6005,55,Female,30,92.02,2728.24,Two year,Mailed check,DSL,Yes,Yes,Yes,Yes,10,39.9,3,2,True,24,False,1
6006,25,Female,32,93.27,2999.21,One year,Bank transfer,DSL,No,No,Yes,Yes,6,36.0,2,1,False,12,False,0
6007,60,Male,37,64.91,2321.21,Two year,Electronic check,DSL,No,Yes,No,No,8,75.7,2,0,False,24,False,1
6008,52,Male,10,118.93,1199.87,Two year,Electronic check,Fiber optic,Yes,No,Yes,Yes,6,89.6,0,2,False,24,False,0
6009,33,Female,34,92.38,3140.23,Month-to-month,Credit card,Fiber optic,No,Yes,No,No,13,103.4,1,1,False,1,False,1
6010,42,Male,71,146.68,6305.555,Month-to-month,Electronic check,Fiber optic,No,No,Yes,Yes,11,90.1,1,0,True,1,False,1
6011,68,Female,28,78.97,2272.96,One year,Electronic check,DSL,Yes,No,Yes,Yes,12,64.7,0,1,False,12,True,0
6012,56,Female,12,98.74,1134.58,Month-to-month,Credit card,DSL,Yes,Yes,Yes,Yes,13,64.3,3,5,False,1,False,1
6013,45,Female,30,115.39,3371.77,One year,Credit card,Fiber optic,No,Yes,Yes,Yes,13,67.8,3,2,False,12,False,1
6014,41,Female,55,67.58,3593.85,Month-to-month,Credit card,DSL,Yes,Yes,Yes,Yes,4,49.6,2,3,True,1,False,0
6015,46,Male,3,75.79,226.41,One year,Credit card,DSL,Yes,No,No,No,4,102.5,1,3,False,12,False,1
6016,37,Male,7,82.97,592.88,One year,Electronic check,DSL,No,Yes,Yes,Yes,5,7.6,3,4,True,12,False,1
6017,18,Male,60,68.97,4031.52,Month-to-month,Bank transfer,DSL,No,Yes,Yes,Yes,8,100.1,3,5,True,1,False,1
6018,75,Female,70,76.12,5142.62,One year,Bank transfer,DSL,Yes,No,Yes,Yes,6,91.0,2,1,False,12,True,0
6019,47,Female,15,55.04,831.02,Month-to-month,Bank transfer,No,No,No,Yes,No,9,106.3,1,0,False,1,False,1
6020,50,Female,11,100.48,1123.59,Month-to-month,Electronic check,DSL,Yes,No,Yes,Yes,13,77.5,1,3,False,1,False,1
6021,44,Male,7,113.75,832.16,One year,Credit card,Fiber optic,No,Yes,No,No,4,122.1,5,1,False,12,False,1
6022,33,Male,16,108.54,1755.39,Month-to-month,Electronic check,Fiber optic,No,No,Yes,Yes,14,99.7,2,4,False,1,False,1
6023,42,Female,65,134.48,6305.555,Two year,Bank transfer,Fiber optic,No,No,Yes,No,5,11.9,1,0,False,24,False,0
6024,21,Male,3,100.5,300.67,Month-to-month,Credit card,DSL,No,Yes,Yes,Yes,5,102.9,0,1,False,1,False,0
6025,79,Male,13,89.21,1134.16,One year,Credit card,DSL,No,Yes,Yes,Yes,5,65.3,2,2,False,12,True,0
6026,26,Male,58,71.44,4330.42,One year,Credit card,DSL,Yes,No,Yes,No,12,33.9,3,3,True,12,False,0
6027,29,Male,10,107.28,1095.41,Month-to-month,Mailed check,Fiber optic,Yes,No,Yes,Yes,11,65.4,2,2,False,1,False,1
6028,38,Female,35,126.04,4399.79,Month-to-month,Bank transfer,Fiber optic,Yes,No,Yes,Yes,7,37.9,1,2,True,1,False,0
6029,64,Male,11,32.02,353.35,One year,Credit card,No,No,No,No,No,8,53.7,2,1,False,12,False,1
6030,45,Female,39,71.02,2896.66,Month-to-month,Electronic check,DSL,No,No,No,No,6,87.0,2,3,False,1,False,1
6031,26,Male,71,92.44,6305.555,Month-to-month,Credit card,Fiber optic,Yes,No,No,No,7,91.0,1,1,False,1,False,0
6032,63,Female,11,104.83,1210.02,One year,Mailed check,Fiber optic,Yes,No,No,No,8,5.8,2,3,True,12,False,0
6033,55,Female,44,71.9,3186.15,Month-to-month,Electronic check,DSL,Yes,No,No,No,5,69.3,4,2,False,1,False,1
6034,53,Male,71,98.34,6305.555,One year,Bank transfer,DSL,No,Yes,Yes,No,14,62.3,0,3,False,12,False,0
6035,55,Female,71,109.34,6305.555,Two year,Credit card,Fiber optic,No,No,No,No,7,117.1,3,1,True,24,False,1
6036,80,Female,13,61.14,763.73,Month-to-month,Bank transfer,DSL,No,No,No,No,8,66.2,2,3,False,1,True,0
6037,77,Male,15,48.81,740.59,Month-to-month,Credit card,No,No,No,Yes,No,6,30.3,4,2,False,1,True,1
6038,34,Female,8,80.53,673.42,Month-to-month,Credit card,DSL,No,Yes,No,No,10,13.6,2,1,False,1,False,1
6039,69,Male,9,60.72,537.39,One year,Bank transfer,DSL,No,No,No,No,6,63.7,2,2,False,12,True,1
6040,50,Female,16,131.88,2079.94,Month-to-month,Credit card,Fiber optic,No,No,Yes,Yes,8,23.1,1,1,False,1,False,1
6041,52,Male,5,64.11,308.23,Month-to-month,Bank transfer,DSL,Yes,No,No,No,7,97.4,0,2,False,1,False,0
6042,19,Male,29,50.81,1475.18,Month-to-month,Bank transfer,No,No,Yes,Yes,Yes,8,109.2,2,1,False,1,False,0
6043,42,Male,18,82.81,1460.56,Month-to-month,Credit card,Fiber optic,No,No,No,No,9,68.5,1,0,True,1,False,1
6044,32,Male,54,107.63,5969.83,One year,Credit card,Fiber optic,Yes,Yes,Yes,Yes,5,80.5,2,1,True,12,False,0
6045,57,Male,39,52.07,1971.03,Month-to-month,Credit card,No,No,No,Yes,Yes,5,104.2,2,1,True,1,False,0
6046,61,Female,9,55.16,508.25,Month-to-month,Credit card,DSL,Yes,Yes,No,No,13,118.6,1,4,False,1,False,1
6047,18,Female,16,127.46,2020.91,Month-to-month,Credit card,Fiber optic,Yes,Yes,Yes,No,8,57.3,2,1,True,1,False,1
6048,44,Male,33,35.23,1213.6,Month-to-month,Credit card,No,No,No,No,No,7,38.5,2,3,False,1,False,1
6049,61,Female,5,105.5,531.38,Month-to-month,Mailed check,Fiber optic,No,No,No,No,6,107.8,1,2,False,1,False,0
6050,42,Female,1,86.04,89.36,Month-to-month,Electronic check,DSL,No,Yes,No,No,9,22.8,0,2,False,1,False,1
6051,55,Female,45,67.81,2977.36,Month-to-month,Electronic check,DSL,No,No,No,No,7,26.7,2,1,True,1,False,0
6052,50,Male,3,80.04,250.85,One year,Credit card,Fiber optic,Yes,Yes,No,No,8,129.9,1,3,False,12,False,0
6053,50,Male,52,91.16,4606.1,Month-to-month,Electronic check,Fiber optic,No,Yes,Yes,Yes,9,11.3,4,0,True,1,False,1
6054,40,Female,58,102.0,6179.67,One year,Bank transfer,DSL,No,No,Yes,Yes,9,125.3,2,3,False,12,False,0
6055,26,Male,14,102.2,1484.55,Month-to-month,Electronic check,Fiber optic,Yes,Yes,No,No,12,78.8,0,2,False,1,False,1
6056,28,Male,39,88.57,3351.33,One year,Mailed check,DSL,No,No,Yes,Yes,6,21.1,0,0,False,12,False,1
6057,55,Female,10,103.96,1055.9,Month-to-month,Mailed check,Fiber optic,Yes,No,No,No,10,91.5,5,0,False,1,False,1
6058,45,Male,46,31.83,1445.03,Two year,Bank transfer,No,No,Yes,No,No,7,123.8,4,1,False,24,False,1
6059,42,Male,41,112.1,4550.85,One year,Mailed check,Fiber optic,No,Yes,No,No,8,60.8,1,3,False,12,False,1
6060,38,Male,1,112.13,106.97,Month-to-month,Credit card,Fiber optic,Yes,No,No,No,9,120.2,3,2,True,1,False,1
6061,40,Male,20,77.05,1591.61,Month-to-month,Electronic check,DSL,Yes,No,No,No,4,119.3,3,3,False,1,False,0
6062,60,Male,24,82.18,1924.9,One year,Electronic check,DSL,No,No,No,No,9,55.3,1,3,False,12,False,0
6063,39,Female,1,107.31,110.19,Two year,Mailed check,DSL,No,No,Yes,Yes,6,69.8,4,2,True,24,False,1
6064,24,Male,71,104.42,6305.555,Month-to-month,Credit card,Fiber optic,Yes,No,Yes,Yes,10,16.0,2,1,True,1,False,1
6065,56,Male,12,105.9,1330.63,Month-to-month,Bank transfer,DSL,Yes,No,Yes,No,6,49.9,1,2,False,1,False,0
6066,41,Female,17,89.04,1468.39,Month-to-month,Electronic check,DSL,Yes,No,Yes,Yes,6,129.3,3,3,True,1,False,1
6067,45,Female,5,104.47,512.97,Month-to-month,Bank transfer,Fiber optic,No,No,No,No,5,7.3,1,1,False,1,False,0
6068,69,Male,22,126.29,2685.71,Month-to-month,Bank transfer,Fiber optic,No,No,No,No,0,94.4,2,3,True,1,True,1
6069,44,Female,39,141.08,5684.95,Month-to-month,Bank transfer,Fiber optic,Yes,No,Yes,Yes,6,113.4,4,0,False,1,False,0
6070,49,Male,21,131.17,2707.83,Month-to-month,Bank transfer,Fiber optic,Yes,No,Yes,Yes,7,14.0,0,1,False,1,False,0
6071,27,Female,37,79.41,2848.59,Month-to-month,Electronic check,DSL,Yes,No,Yes,No,11,105.2,2,2,False,1,False,1
6072,41,Male,31,95.46,2986.48,One year,Bank transfer,DSL,No,Yes,Yes,No,11,13.6,5,1,True,12,False,1
6073,54,Female,6,98.1,581.39,One year,Credit card,Fiber optic,No,No,No,No,7,120.2,2,2,False,12,False,0
6074,21,Male,13,78.96,1058.53,Month-to-month,Electronic check,DSL,Yes,No,No,No,7,44.9,0,5,True,1,False,1
6075,48,Female,3,91.7,282.36,Two year,Bank transfer,DSL,Yes,No,Yes,Yes,9,68.8,3,2,False,24,False,1
6076,46,Male,1,112.82,108.53,Month-to-month,Bank transfer,Fiber optic,Yes,No,Yes,No,12,74.0,3,4,True,1,False,0
6077,45,Male,1,100.03,103.59,Month-to-month,Mailed check,Fiber optic,Yes,No,No,No,9,85.7,2,2,False,1,False,1
6078,60,Male,68,75.43,5376.76,One year,Bank transfer,DSL,No,No,No,No,7,58.2,1,2,False,12,False,0
6079,50,Female,71,103.54,6305.555,One year,Bank transfer,DSL,Yes,No,Yes,Yes,15,77.9,2,0,False,12,False,0
6080,67,Female,2,126.56,261.32,Two year,Mailed check,Fiber optic,No,Yes,Yes,Yes,7,113.6,3,4,False,24,True,1
6081,30,Male,9,102.02,956.51,Month-to-month,Electronic check,DSL,Yes,No,Yes,No,10,122.3,0,0,True,1,False,1
6082,47,Male,2,90.54,186.26,Month-to-month,Electronic check,DSL,No,Yes,Yes,Yes,7,82.9,0,1,False,1,False,1
6083,46,Male,43,119.26,5171.63,One year,Bank transfer,Fiber optic,Yes,No,Yes,No,10,102.9,4,0,False,12,False,0
6084,28,Male,16,79.44,1216.15,Month-to-month,Bank transfer,DSL,Yes,No,No,No,7,10.1,1,1,False,1,False,0
6085,59,Female,23,64.59,1483.26,Month-to-month,Credit card,DSL,No,Yes,Yes,Yes,9,7.3,1,0,False,1,False,1
6086,79,Female,18,137.59,2546.69,One year,Electronic check,Fiber optic,Yes,Yes,Yes,Yes,8,51.8,3,5,False,12,True,1
6087,44,Female,29,124.62,3525.88,Month-to-month,Bank transfer,Fiber optic,No,No,Yes,No,9,123.5,0,0,False,1,False,0
6088,52,Male,9,113.71,1039.1,Month-to-month,Bank transfer,Fiber optic,No,Yes,Yes,No,10,35.6,1,2,False,1,False,1
6089,46,Male,3,110.4,325.08,Month-to-month,Mailed check,Fiber optic,Yes,No,No,No,8,42.2,3,2,True,1,False,1
6090,34,Female,1,119.6,123.93,Month-to-month,Credit card,Fiber optic,Yes,Yes,Yes,No,10,54.4,0,2,True,1,False,1
6091,18,Female,14,99.0,1367.05,Month-to-month,Electronic check,Fiber optic,No,No,No,No,9,112.2,1,0,False,1,False,0
6092,34,Female,57,52.19,2839.61,Month-to-month,Credit card,No,No,No,Yes,No,10,69.4,0,2,True,1,False,0
6093,24,Female,8,104.16,840.14,Month-to-month,Bank transfer,Fiber optic,No,Yes,Yes,Yes,7,98.9,2,0,False,1,False,1
6094,70,Male,5,92.71,442.49,Two year,Mailed check,DSL,No,Yes,Yes,Yes,7,108.6,3,4,False,24,True,1
6095,43,Male,62,123.54,6305.555,Month-to-month,Credit card,Fiber optic,Yes,No,No,No,7,65.2,3,4,False,1,False,1
6096,39,Male,2,25.84,51.69,Two year,Bank transfer,No,No,Yes,No,No,7,52.8,4,1,False,24,False,0
6097,58,Female,1,36.23,37.29,Month-to-month,Electronic check,No,No,No,No,No,4,102.9,0,5,False,1,False,0
6098,28,Male,50,73.91,3629.0,Month-to-month,Credit card,DSL,Yes,Yes,No,No,13,13.3,2,1,False,1,False,1
6099,33,Female,28,47.09,1290.74,Month-to-month,Electronic check,No,No,No,Yes,Yes,10,15.6,1,1,False,1,False,1
6100,46,Female,13,101.45,1267.81,Month-to-month,Electronic check,Fiber optic,Yes,Yes,No,No,6,89.7,3,3,False,1,False,1
6101,60,Female,33,82.56,2747.82,Month-to-month,Bank transfer,DSL,No,Yes,No,No,9,92.0,6,1,True,1,False,1
6102,52,Female,32,46.52,1493.48,Month-to-month,Bank transfer,No,No,No,Yes,Yes,6,18.7,1,3,False,1,False,0
6103,48,Female,1,40.62,38.63,One year,Credit card,No,No,No,Yes,No,4,60.4,2,2,False,12,False,1
6104,46,Male,27,143.9,3964.14,Month-to-month,Bank transfer,Fiber optic,No,No,Yes,Yes,6,12.7,4,1,True,1,False,0
6105,51,Male,24,50.92,1217.24,One year,Bank transfer,No,No,No,Yes,No,7,69.4,3,4,False,12,False,1
6106,48,Male,71,119.93,6305.555,One year,Bank transfer,Fiber optic,No,No,Yes,Yes,7,81.1,1,4,False,12,False,1
6107,29,Female,71,128.33,6305.555,Month-to-month,Electronic check,Fiber optic,Yes,Yes,Yes,Yes,3,92.4,1,2,True,1,False,1
6108,45,Male,11,53.16,602.99,Two year,Electronic check,No,No,Yes,Yes,Yes,6,66.5,2,0,False,24,False,1
6109,28,Female,21,44.53,944.21,One year,Bank transfer,No,No,No,Yes,Yes,11,58.8,2,3,False,12,False,0
6110,46,Male,3,89.0,256.17,Two year,Bank transfer,DSL,Yes,Yes,No,No,11,31.7,3,1,False,24,False,0
6111,37,Female,1,86.54,90.05,Month-to-month,Electronic check,DSL,No,No,Yes,No,9,52.5,2,2,False,1,False,1
6112,80,Female,13,64.46,797.58,Two year,Bank transfer,DSL,No,Yes,No,No,8,101.7,1,0,True,24,True,0
6113,44,Male,28,102.68,2791.47,Two year,Bank transfer,Fiber optic,Yes,Yes,No,No,8,101.5,2,3,False,24,False,0
6114,23,Female,20,112.29,2192.89,One year,Credit card,Fiber optic,No,No,No,No,1,74.5,3,0,False,12,False,1
6115,42,Male,13,47.96,615.37,Month-to-month,Bank transfer,No,No,No,Yes,Yes,13,126.0,2,1,False,1,False,0
6116,52,Male,40,113.82,4487.01,Two year,Bank transfer,Fiber optic,Yes,No,No,No,5,103.6,4,5,False,24,False,1
6117,70,Male,37,122.3,4705.63,Two year,Bank transfer,Fiber optic,Yes,Yes,Yes,Yes,8,41.5,3,1,False,24,True,1
6118,36,Female,31,37.35,1192.14,One year,Electronic check,No,No,No,Yes,Yes,9,48.0,1,6,False,12,False,0
6119,21,Female,1,72.52,70.35,Month-to-month,Bank transfer,DSL,No,No,No,No,13,8.6,3,1,False,1,False,1
6120,57,Female,38,111.82,4442.12,Two year,Electronic check,Fiber optic,No,No,No,No,4,72.3,1,5,True,24,False,0
6121,24,Female,60,131.7,6305.555,Month-to-month,Credit card,Fiber optic,Yes,No,Yes,Yes,12,37.5,1,2,True,1,False,0
6122,38,Male,1,103.55,100.64,Month-to-month,Bank transfer,Fiber optic,Yes,Yes,Yes,Yes,5,19.9,2,5,False,1,False,0
6123,41,Female,12,132.31,1658.49,Two year,Bank transfer,Fiber optic,No,No,Yes,Yes,6,122.0,3,2,False,24,False,1
6124,43,Male,71,102.95,6305.555,Two year,Bank transfer,Fiber optic,Yes,No,No,No,7,55.6,2,3,True,24,False,1
6125,55,Male,21,75.15,1592.3,Two year,Mailed check,DSL,Yes,Yes,No,No,7,45.4,0,0,False,24,False,0
6126,34,Female,17,68.53,1183.18,One year,Electronic check,DSL,No,Yes,No,No,11,108.6,0,4,False,12,False,1
6127,40,Female,4,136.22,551.7,Month-to-month,Bank transfer,Fiber optic,Yes,No,Yes,No,4,94.4,3,1,False,1,False,0
6128,44,Male,20,80.01,1620.98,Two year,Credit card,DSL,Yes,Yes,Yes,Yes,11,73.5,1,2,False,24,False,0
6129,47,Female,13,81.32,1004.51,Month-to-month,Electronic check,DSL,No,Yes,Yes,Yes,9,89.9,0,1,False,1,False,1
6130,46,Male,3,89.83,274.49,One year,Credit card,DSL,No,Yes,No,No,10,122.4,2,2,False,12,False,1
6131,51,Female,14,92.46,1325.78,One year,Credit card,DSL,No,Yes,No,No,10,121.0,2,0,False,12,False,0
6132,57,Female,4,116.39,443.54,Month-to-month,Bank transfer,Fiber optic,Yes,Yes,No,No,13,37.6,2,3,False,1,False,1
6133,50,Male,31,116.72,3663.36,Month-to-month,Mailed check,Fiber optic,No,No,Yes,Yes,3,36.7,1,3,False,1,False,1
6134,51,Male,71,118.15,6305.555,Month-to-month,Bank transfer,Fiber optic,Yes,Yes,No,No,1,53.3,3,3,False,1,False,1
6135,21,Male,15,100.04,1519.85,Month-to-month,Electronic check,Fiber optic,Yes,Yes,No,No,13,23.5,2,1,False,1,False,1
6136,45,Female,24,76.68,1797.06,Month-to-month,Mailed check,DSL,Yes,No,Yes,Yes,7,101.3,2,2,True,1,False,0
6137,52,Female,13,99.89,1246.1,Month-to-month,Electronic check,DSL,No,No,Yes,Yes,5,67.1,1,6,True,1,False,1
6138,55,Female,3,43.63,126.68,One year,Electronic check,No,No,No,No,No,10,44.4,1,0,True,12,False,0
6139,34,Male,71,95.52,6305.555,One year,Mailed check,Fiber optic,Yes,No,Yes,Yes,8,53.4,5,0,False,12,False,0
6140,35,Male,3,82.94,247.31,Month-to-month,Electronic check,DSL,No,Yes,No,No,6,41.7,2,1,False,1,False,1
6141,36,Female,2,133.87,278.89,One year,Credit card,Fiber optic,No,Yes,Yes,No,5,82.0,3,1,True,12,False,1
6142,53,Male,14,70.2,981.22,Month-to-month,Credit card,DSL,Yes,No,Yes,Yes,10,62.9,1,2,True,1,False,1
6143,60,Female,25,84.97,2208.87,Month-to-month,Bank transfer,DSL,Yes,Yes,No,No,14,83.4,3,1,False,1,False,1
6144,38,Male,10,75.87,763.83,Month-to-month,Bank transfer,DSL,Yes,No,No,No,9,87.1,2,0,False,1,False,1
6145,58,Female,5,27.38,134.86,One year,Credit card,No,No,Yes,No,No,13,29.0,0,1,True,12,False,0
6146,46,Female,41,108.34,4318.51,Month-to-month,Credit card,Fiber optic,No,Yes,Yes,Yes,8,97.2,3,3,True,1,False,1
6147,43,Female,10,83.63,825.53,Month-to-month,Credit card,DSL,No,Yes,Yes,Yes,11,10.2,4,2,True,1,False,0
6148,41,Male,5,129.55,626.82,Month-to-month,Bank transfer,Fiber optic,Yes,No,Yes,Yes,14,100.2,0,3,False,1,False,1
6149,56,Male,10,31.88,334.15,Two year,Mailed check,No,No,No,No,No,7,87.4,0,3,False,24,False,1
6150,49,Female,5,115.41,568.32,Two year,Mailed check,Fiber optic,No,Yes,No,No,10,74.6,1,1,False,24,False,0
6151,79,Female,17,89.2,1525.03,Month-to-month,Bank transfer,DSL,No,No,No,No,10,15.1,6,1,False,1,True,1
6152,32,Female,26,65.79,1795.5,Month-to-month,Credit card,DSL,No,No,No,No,12,31.5,2,1,True,1,False,1
6153,52,Female,38,97.98,3730.28,Two year,Credit card,DSL,Yes,Yes,Yes,No,5,82.9,2,2,True,24,False,0
6154,37,Female,6,108.05,636.03,Month-to-month,Bank transfer,Fiber optic,Yes,No,No,No,6,66.5,1,1,False,1,False,1
6155,31,Female,4,103.9,420.34,Month-to-month,Bank transfer,Fiber optic,No,No,No,No,7,8.3,1,3,False,1,False,0
6156,44,Male,1,95.84,98.88,Month-to-month,Mailed check,DSL,Yes,No,Yes,Yes,8,117.9,0,4,False,1,False,1
6157,47,Male,6,84.72,514.24,Two year,Credit card,Fiber optic,No,Yes,No,No,11,115.5,1,0,False,24,False,0
6158,80,Male,1,110.96,107.86,One year,Electronic check,Fiber optic,Yes,No,Yes,No,9,5.7,0,4,False,12,True,1
6159,42,Male,10,41.28,400.1,Month-to-month,Electronic check,No,No,No,Yes,Yes,13,129.4,1,2,False,1,False,1
6160,28,Female,3,115.08,352.74,Month-to-month,Electronic check,Fiber optic,Yes,Yes,Yes,Yes,6,93.9,2,2,True,1,False,1
6161,49,Female,20,92.39,1912.26,Two year,Credit card,Fiber optic,No,No,Yes,No,13,110.3,4,1,False,24,False,0
6162,18,Female,11,116.08,1302.31,Month-to-month,Credit card,Fiber optic,No,No,No,No,6,66.3,0,5,False,1,False,1
6163,43,Male,2,76.77,147.29,One year,Credit card,DSL,No,No,Yes,Yes,13,42.4,3,2,False,12,False,1
6164,45,Male,12,69.89,823.77,Month-to-month,Electronic check,DSL,Yes,No,No,No,10,69.5,0,1,False,1,False,1
6165,56,Female,5,119.26,607.36,One year,Electronic check,Fiber optic,Yes,No,No,No,6,106.0,2,1,False,12,False,0
6166,59,Male,27,110.1,3035.44,Month-to-month,Electronic check,Fiber optic,No,No,No,No,7,69.5,2,2,False,1,False,1
6167,37,Male,10,132.2,1317.26,One year,Bank transfer,Fiber optic,No,No,Yes,Yes,9,110.4,2,1,False,12,False,0
6168,42,Female,3,57.27,168.34,Month-to-month,Electronic check,No,No,No,Yes,Yes,8,119.1,2,0,False,1,False,1
6169,33,Female,10,145.54,1396.05,Month-to-month,Mailed check,Fiber optic,Yes,No,Yes,Yes,6,11.5,2,3,True,1,False,0
6170,28,Female,6,88.85,509.27,Month-to-month,Electronic check,Fiber optic,No,Yes,No,No,6,75.4,2,2,False,1,False,1
6171,49,Male,38,132.17,4828.66,Two year,Credit card,Fiber optic,Yes,Yes,Yes,Yes,11,82.0,2,2,False,24,False,1
6172,25,Female,71,99.59,6305.555,Month-to-month,Bank transfer,DSL,No,No,Yes,Yes,2,104.8,0,3,True,1,False,0
6173,38,Female,1,134.68,136.16,Month-to-month,Bank transfer,Fiber optic,No,No,Yes,Yes,8,109.5,2,4,True,1,False,1
6174,30,Female,28,48.23,1397.46,One year,Credit card,No,No,Yes,No,No,9,37.0,0,0,False,12,False,0
6175,53,Male,7,122.77,837.97,One year,Bank transfer,Fiber optic,No,No,No,No,11,99.8,1,4,True,12,False,0
6176,72,Male,1,109.54,104.89,One year,Credit card,Fiber optic,No,Yes,Yes,No,10,47.3,2,1,False,12,True,1
6177,25,Female,1,118.81,124.34,Month-to-month,Bank transfer,Fiber optic,No,No,Yes,No,3,39.5,2,1,False,1,False,1
6178,18,Female,51,74.34,3835.64,Month-to-month,Bank transfer,DSL,Yes,Yes,Yes,Yes,14,72.5,2,1,True,1,False,1
6179,43,Male,10,61.76,595.5,One year,Mailed check,DSL,No,No,No,No,12,83.4,2,1,True,12,False,1
6180,45,Male,71,114.49,6305.555,Month-to-month,Bank transfer,Fiber optic,No,Yes,Yes,Yes,6,32.0,1,1,False,1,False,0
6181,48,Female,14,140.42,1949.9,Two year,Bank transfer,Fiber optic,No,No,Yes,No,6,61.2,2,2,False,24,False,1
6182,38,Male,4,112.02,469.02,Month-to-month,Electronic check,Fiber optic,No,No,No,No,14,56.2,1,0,False,1,False,1
6183,41,Female,36,57.24,1981.78,Month-to-month,Electronic check,No,No,No,Yes,Yes,9,14.9,2,0,True,1,False,1
6184,50,Female,62,79.33,4882.68,Month-to-month,Bank transfer,DSL,Yes,No,No,No,10,83.1,3,3,False,1,False,0
6185,60,Male,40,81.41,3235.95,Month-to-month,Mailed check,DSL,No,No,Yes,Yes,14,71.1,4,3,False,1,False,1
6186,18,Female,32,133.92,4496.36,Month-to-month,Bank transfer,Fiber optic,No,Yes,No,No,5,46.2,0,4,False,1,False,1
6187,39,Female,9,20.27,176.82,Month-to-month,Electronic check,No,No,No,No,No,11,38.3,0,0,False,1,False,1
6188,48,Male,1,114.91,114.55,Two year,Electronic check,Fiber optic,No,Yes,Yes,No,8,13.7,1,3,False,24,False,0
6189,31,Female,5,128.46,673.57,Month-to-month,Electronic check,Fiber optic,No,No,No,No,11,39.3,4,2,True,1,False,1
6190,70,Male,14,94.37,1341.91,Month-to-month,Credit card,Fiber optic,No,No,No,No,11,29.6,3,0,True,1,True,1
6191,35,Female,71,96.52,6305.555,Month-to-month,Electronic check,Fiber optic,No,Yes,No,No,9,129.6,2,2,False,1,False,1
6192,44,Female,30,68.47,2143.67,One year,Bank transfer,DSL,Yes,No,No,No,6,40.8,4,0,False,12,False,0
6193,53,Male,42,76.99,3247.41,Month-to-month,Credit card,DSL,Yes,Yes,No,No,10,113.3,1,1,True,1,False,0
6194,36,Male,7,86.42,623.94,Month-to-month,Bank transfer,DSL,Yes,No,No,No,6,90.3,2,2,False,1,False,0
6195,18,Male,27,72.76,2024.64,One year,Bank transfer,DSL,Yes,No,No,No,12,50.8,0,2,False,12,False,0
6196,38,Male,47,69.44,3280.83,Month-to-month,Electronic check,DSL,Yes,No,No,No,8,17.1,4,3,False,1,False,1
6197,60,Male,15,104.31,1614.12,One year,Electronic check,Fiber optic,No,Yes,Yes,Yes,8,106.8,1,2,True,12,False,0
6198,39,Male,13,71.9,970.67,One year,Credit card,DSL,Yes,No,Yes,Yes,5,125.1,2,1,True,12,False,0
6199,32,Female,30,101.26,3132.77,Two year,Credit card,DSL,Yes,No,Yes,No,3,98.8,1,3,False,24,False,0
6200,58,Male,19,142.34,2739.91,Month-to-month,Electronic check,Fiber optic,Yes,No,Yes,Yes,4,120.7,0,0,True,1,False,1
6201,40,Female,71,80.15,5821.36,Month-to-month,Credit card,DSL,Yes,No,No,No,12,105.7,1,5,False,1,False,1
6202,37,Male,13,98.86,1280.48,Month-to-month,Credit card,DSL,No,No,Yes,No,7,18.9,1,0,False,1,False,0
6203,47,Female,4,49.66,190.32,Month-to-month,Electronic check,No,No,No,Yes,Yes,9,93.0,2,4,False,1,False,1
6204,56,Female,15,80.19,1200.14,Month-to-month,Bank transfer,DSL,No,No,Yes,Yes,6,63.2,0,1,True,1,False,1
6205,80,Male,6,97.84,594.64,One year,Bank transfer,DSL,No,No,Yes,Yes,8,52.9,0,2,False,12,True,0
6206,57,Female,19,74.78,1414.07,Month-to-month,Bank transfer,DSL,No,No,Yes,No,8,49.6,6,4,True,1,False,0
6207,62,Female,3,107.41,319.61,Month-to-month,Credit card,Fiber optic,No,Yes,No,No,8,88.7,1,2,True,1,False,0
6208,37,Female,71,104.4,6305.555,Month-to-month,Electronic check,Fiber optic,Yes,No,No,No,11,113.0,3,3,True,1,False,0
6209,29,Male,47,90.27,4185.85,One year,Credit card,DSL,No,Yes,Yes,No,9,60.7,2,4,False,12,False,0
6210,45,Male,4,124.56,483.49,Month-to-month,Credit card,Fiber optic,No,No,No,No,6,55.3,0,2,False,1,False,0
6211,46,Female,4,101.35,388.29,Month-to-month,Bank transfer,DSL,No,No,Yes,Yes,10,120.4,1,2,False,1,False,1
6212,28,Male,17,126.4,2196.98,Two year,Credit card,Fiber optic,No,No,No,No,8,41.5,4,3,False,24,False,1
6213,42,Male,35,117.75,4203.57,One year,Bank transfer,Fiber optic,No,No,No,No,11,110.8,4,1,False,12,False,1
6214,50,Female,5,63.71,319.1,Month-to-month,Credit card,DSL,No,Yes,No,No,7,65.2,1,2,False,1,False,1
6215,50,Female,1,109.99,105.36,Month-to-month,Bank transfer,Fiber optic,No,No,Yes,No,10,58.7,0,3,False,1,False,1
6216,52,Male,18,115.27,2099.03,Month-to-month,Bank transfer,Fiber optic,No,No,Yes,Yes,3,33.4,1,0,True,1,False,0
6217,49,Male,28,30.81,843.62,One year,Mailed check,No,No,Yes,No,No,9,105.3,5,3,False,12,False,1
6218,37,Male,6,38.83,243.45,Two year,Bank transfer,No,No,No,Yes,Yes,3,83.5,2,2,False,24,False,0
6219,37,Female,32,89.27,2727.61,Month-to-month,Electronic check,Fiber optic,Yes,No,No,No,10,15.1,2,3,False,1,False,1
6220,27,Male,71,61.93,4237.31,Two year,Mailed check,No,No,No,Yes,Yes,8,62.0,2,5,False,24,False,0
6221,71,Male,3,92.08,285.43,Month-to-month,Electronic check,Fiber optic,No,Yes,No,No,13,118.8,0,1,False,1,True,1
6222,45,Male,17,55.61,920.04,One year,Mailed check,No,No,No,Yes,Yes,9,73.2,2,4,True,12,False,1
6223,41,Female,1,95.46,97.08,Month-to-month,Electronic check,Fiber optic,No,Yes,Yes,No,7,36.4,5,1,True,1,False,1
6224,31,Female,5,104.53,514.76,Month-to-month,Bank transfer,Fiber optic,Yes,Yes,No,No,4,91.4,5,3,True,1,False,0
6225,80,Female,2,108.03,223.05,Two year,Credit card,Fiber optic,Yes,No,Yes,No,7,116.5,1,0,False,24,True,0
6226,28,Male,12,51.51,639.98,Month-to-month,Electronic check,No,No,No,Yes,No,7,61.6,0,0,False,1,False,1
6227,38,Male,41,73.46,3144.94,Two year,Credit card,DSL,Yes,Yes,No,No,5,94.6,2,0,True,24,False,0
6228,51,Female,20,70.37,1391.25,Month-to-month,Credit card,DSL,No,No,Yes,Yes,9,101.4,1,3,False,1,False,0
6229,54,Male,6,44.86,255.86,Month-to-month,Bank transfer,No,No,No,No,No,7,21.7,2,2,False,1,False,1
6230,59,Male,1,123.15,118.77,One year,Mailed check,Fiber optic,No,Yes,No,No,10,35.9,3,2,True,12,False,0
6231,72,Male,19,61.79,1151.47,Month-to-month,Electronic check,No,No,Yes,Yes,Yes,6,8.2,3,3,True,1,True,1
6232,52,Female,3,105.4,325.94,Month-to-month,Electronic check,Fiber optic,No,No,No,No,10,37.8,3,4,False,1,False,1
6233,29,Male,10,119.4,1243.01,Month-to-month,Credit card,Fiber optic,Yes,No,No,No,6,49.1,2,1,True,1,False,1
6234,41,Male,17,103.57,1709.65,Two year,Credit card,DSL,Yes,Yes,Yes,No,8,7.2,1,0,False,24,False,1
6235,49,Female,56,69.85,3868.73,One year,Mailed check,DSL,No,Yes,No,No,11,109.4,4,1,False,12,False,1
6236,76,Male,2,122.12,245.86,Month-to-month,Electronic check,Fiber optic,No,Yes,Yes,Yes,9,126.9,1,2,False,1,True,1
6237,24,Female,26,52.56,1336.09,Month-to-month,Electronic check,No,No,Yes,Yes,Yes,4,40.1,0,4,True,1,False,1
6238,63,Male,1,119.03,117.16,Month-to-month,Bank transfer,Fiber optic,No,Yes,No,No,5,78.4,4,5,True,1,False,1
6239,47,Female,23,111.23,2631.66,Month-to-month,Credit card,Fiber optic,No,No,Yes,No,3,59.1,0,2,True,1,False,0
6240,57,Female,19,122.02,2241.61,Two year,Electronic check,Fiber optic,No,No,Yes,Yes,7,117.4,2,2,True,24,False,1
6241,43,Male,40,122.25,4909.09,One year,Bank transfer,Fiber optic,No,No,Yes,No,6,8.3,2,3,True,12,False,0
6242,32,Male,18,43.24,784.64,Month-to-month,Mailed check,No,No,No,Yes,Yes,8,68.5,2,1,False,1,False,1
6243,56,Female,10,106.85,1030.23,Month-to-month,Bank transfer,DSL,Yes,No,Yes,Yes,8,103.0,1,0,True,1,False,1
6244,54,Male,6,90.47,553.8,Two year,Bank transfer,DSL,No,Yes,Yes,Yes,3,80.8,2,2,False,24,False,0
6245,59,Female,2,136.96,265.7,Month-to-month,Bank transfer,Fiber optic,Yes,Yes,Yes,No,7,14.5,1,3,False,1,False,1
6246,44,Male,18,97.75,1794.25,Two year,Electronic check,DSL,Yes,No,Yes,Yes,3,21.7,4,3,False,24,False,1
6247,36,Male,52,24.92,1282.79,Month-to-month,Credit card,No,No,Yes,No,No,6,24.0,1,0,True,1,False,1
6248,21,Male,17,89.53,1539.06,One year,Credit card,DSL,Yes,No,Yes,Yes,14,53.1,5,1,False,12,False,0
6249,57,Male,32,47.46,1531.28,One year,Credit card,No,No,No,Yes,No,4,128.5,6,1,False,12,False,0
6250,51,Female,8,53.16,445.88,One year,Bank transfer,No,No,No,Yes,No,3,114.0,2,1,True,12,False,1
6251,30,Female,14,56.29,753.67,One year,Credit card,DSL,Yes,No,No,No,13,81.8,1,0,True,12,False,1
6252,36,Male,9,33.5,294.81,Month-to-month,Bank transfer,No,No,No,No,No,5,94.9,2,3,True,1,False,0
6253,37,Male,2,126.56,255.39,Month-to-month,Bank transfer,Fiber optic,Yes,No,Yes,No,3,30.1,5,3,True,1,False,1
6254,22,Male,12,119.6,1472.05,Two year,Mailed check,Fiber optic,No,No,Yes,No,9,11.6,3,0,False,24,False,1
6255,32,Male,34,78.69,2780.83,Month-to-month,Electronic check,DSL,Yes,Yes,Yes,Yes,7,50.5,2,2,True,1,False,1
6256,27,Male,12,60.04,691.55,Two year,Credit card,No,No,No,Yes,Yes,5,97.2,2,3,False,24,False,0
6257,38,Female,25,92.6,2263.93,One year,Electronic check,Fiber optic,Yes,Yes,No,No,6,86.4,3,1,True,12,False,0
6258,33,Female,34,24.91,814.21,Month-to-month,Credit card,No,No,No,No,No,9,34.0,2,1,True,1,False,0
6259,20,Male,9,138.96,1197.26,Two year,Bank transfer,Fiber optic,No,No,Yes,No,7,128.9,3,2,False,24,False,0
6260,75,Female,38,116.32,4207.54,One year,Credit card,Fiber optic,Yes,Yes,No,No,7,11.4,3,3,False,12,True,1
6261,63,Female,9,52.74,489.09,Month-to-month,Mailed check,DSL,Yes,No,No,No,4,112.2,2,2,False,1,False,1
6262,33,Male,7,79.56,537.78,Month-to-month,Bank transfer,DSL,Yes,No,No,No,11,127.4,1,1,True,1,False,1
6263,49,Female,6,92.93,551.32,Two year,Electronic check,Fiber optic,No,Yes,No,No,5,105.7,1,3,False,24,False,1
6264,51,Female,5,32.63,155.19,One year,Electronic check,No,No,No,No,No,12,64.7,1,2,False,12,False,0
6265,62,Female,32,90.72,2998.77,One year,Bank transfer,DSL,Yes,No,Yes,Yes,14,46.0,3,0,False,12,False,1
6266,32,Female,52,38.69,1933.0,One year,Electronic check,No,No,No,No,No,8,109.4,2,1,False,12,False,0
6267,61,Male,6,53.31,318.08,Month-to-month,Electronic check,No,No,Yes,Yes,Yes,9,11.6,1,2,False,1,False,0
6268,36,Female,2,80.14,158.04,Two year,Bank transfer,DSL,Yes,Yes,Yes,No,10,62.9,3,2,True,24,False,0
6269,24,Female,9,83.72,734.93,Month-to-month,Credit card,DSL,No,No,Yes,Yes,9,26.5,0,2,False,1,False,1
6270,55,Female,25,41.38,1030.51,Month-to-month,Electronic check,No,No,No,Yes,No,10,62.1,2,5,False,1,False,1
6271,64,Male,11,81.48,854.99,Month-to-month,Electronic check,DSL,Yes,Yes,No,No,9,42.3,2,2,False,1,False,1
6272,80,Female,19,100.34,1880.61,Month-to-month,Mailed check,DSL,No,Yes,Yes,Yes,10,73.9,2,2,False,1,True,1
6273,27,Female,32,88.5,2842.84,Month-to-month,Bank transfer,DSL,Yes,Yes,Yes,Yes,6,82.7,0,5,False,1,False,0
6274,55,Female,12,53.97,654.61,Month-to-month,Bank transfer,No,No,Yes,Yes,Yes,3,73.9,0,2,False,1,False,0
6275,38,Male,71,128.67,6305.555,Month-to-month,Bank transfer,Fiber optic,Yes,No,Yes,Yes,7,81.1,3,2,False,1,False,1
6276,56,Male,8,55.08,438.62,Month-to-month,Bank transfer,DSL,Yes,No,No,No,5,71.9,1,2,False,1,False,1
6277,22,Male,71,70.42,5113.07,One year,Electronic check,DSL,No,No,No,No,8,64.4,2,1,False,12,False,0
6278,26,Male,5,92.11,441.63,Month-to-month,Credit card,Fiber optic,Yes,No,No,No,10,71.4,3,1,True,1,False,1
6279,33,Male,2,77.7,152.44,Month-to-month,Bank transfer,DSL,No,No,Yes,Yes,6,44.8,1,0,False,1,False,0
6280,46,Female,33,45.49,1571.23,One year,Mailed check,No,No,Yes,No,No,10,55.6,1,2,False,12,False,1
6281,35,Male,29,112.34,3406.7,Month-to-month,Bank transfer,Fiber optic,Yes,Yes,No,No,4,104.2,3,2,False,1,False,1
6282,54,Female,40,121.56,4925.56,Month-to-month,Electronic check,Fiber optic,Yes,No,Yes,Yes,10,74.4,3,0,False,1,False,1
6283,60,Male,10,70.12,701.15,Two year,Bank transfer,DSL,No,No,Yes,Yes,4,123.5,2,3,True,24,False,1
6284,53,Male,64,136.97,6305.555,Month-to-month,Bank transfer,Fiber optic,No,Yes,Yes,Yes,10,60.6,1,4,False,1,False,1
6285,69,Male,3,85.28,252.26,Month-to-month,Bank transfer,DSL,Yes,Yes,Yes,Yes,8,108.0,3,1,True,1,True,1
6286,51,Female,1,106.94,108.51,One year,Credit card,Fiber optic,No,No,No,No,3,123.2,2,4,True,12,False,1
6287,26,Female,8,116.28,959.29,One year,Credit card,Fiber optic,Yes,Yes,No,No,14,123.5,1,3,False,12,False,1
6288,65,Female,38,74.83,2936.6,Two year,Credit card,DSL,No,No,Yes,Yes,2,96.6,1,6,False,24,True,1
6289,35,Male,26,83.95,2103.79,Month-to-month,Electronic check,DSL,Yes,Yes,Yes,Yes,10,12.0,1,4,False,1,False,1
6290,58,Male,13,118.89,1546.38,One year,Bank transfer,Fiber optic,No,Yes,Yes,Yes,11,89.5,3,3,False,12,False,1
6291,68,Male,7,70.23,502.14,One year,Bank transfer,DSL,Yes,No,No,No,4,59.9,1,1,False,12,True,0
6292,51,Male,1,108.87,111.01,Month-to-month,Credit card,Fiber optic,No,No,No,No,8,68.5,1,4,True,1,False,1
6293,22,Male,9,121.78,1147.92,Month-to-month,Bank transfer,Fiber optic,Yes,Yes,No,No,9,37.9,1,1,True,1,False,1
6294,31,Male,14,75.31,1015.04,One year,Electronic check,DSL,No,Yes,No,No,5,24.6,2,2,False,12,False,0
6295,64,Female,27,132.06,3551.96,Month-to-month,Electronic check,Fiber optic,No,Yes,Yes,Yes,6,106.4,1,0,False,1,False,1
6296,42,Female,24,129.09,2967.43,Month-to-month,Bank transfer,Fiber optic,Yes,Yes,Yes,No,7,128.7,3,2,False,1,False,0
6297,46,Male,70,130.12,6305.555,Month-to-month,Mailed check,Fiber optic,Yes,No,Yes,Yes,9,19.8,2,4,False,1,False,0
6298,56,Female,2,78.05,158.97,Month-to-month,Credit card,DSL,No,No,No,No,12,71.3,3,1,False,1,False,1
6299,55,Female,9,86.19,742.73,Month-to-month,Credit card,Fiber optic,No,Yes,No,No,8,64.7,3,1,False,1,False,1
6300,49,Female,15,93.25,1403.4,Month-to-month,Electronic check,DSL,No,No,Yes,Yes,8,103.6,2,3,False,1,False,1
6301,41,Male,26,106.56,2901.44,Month-to-month,Bank transfer,Fiber optic,Yes,No,Yes,No,10,12.9,0,3,True,1,False,0
6302,40,Male,16,102.0,1556.15,Two year,Bank transfer,DSL,No,Yes,Yes,Yes,3,69.6,4,1,False,24,False,0
6303,57,Male,58,103.07,5785.63,Month-to-month,Electronic check,Fiber optic,No,No,Yes,Yes,7,13.4,3,2,False,1,False,1
6304,53,Male,22,80.02,1768.58,Month-to-month,Electronic check,DSL,Yes,No,No,No,14,82.3,4,2,False,1,False,1
6305,41,Female,1,111.15,113.51,Two year,Electronic check,Fiber optic,No,Yes,No,No,6,11.2,3,1,True,24,False,1
6306,61,Male,2,86.42,178.44,Two year,Credit card,Fiber optic,Yes,Yes,No,No,6,119.5,2,1,False,24,False,0
6307,43,Male,33,35.41,1144.91,Month-to-month,Mailed check,No,No,Yes,Yes,No,7,50.7,0,1,False,1,False,0
6308,32,Male,30,105.09,3100.75,Month-to-month,Electronic check,Fiber optic,No,No,No,No,14,43.2,1,2,False,1,False,0
6309,33,Female,3,136.53,421.42,One year,Bank transfer,Fiber optic,Yes,Yes,Yes,Yes,3,95.7,2,3,False,12,False,1
6310,30,Female,1,108.34,107.48,Two year,Bank transfer,Fiber optic,Yes,No,Yes,Yes,10,25.2,4,2,False,24,False,1
6311,40,Female,20,116.98,2427.53,Month-to-month,Credit card,Fiber optic,No,No,Yes,No,6,124.0,4,4,True,1,False,1
6312,63,Female,24,95.01,2376.02,Month-to-month,Bank transfer,Fiber optic,No,No,No,No,16,30.5,1,0,False,1,False,1
6313,32,Female,3,85.63,265.91,Two year,Credit card,DSL,Yes,Yes,Yes,No,9,32.9,3,1,False,24,False,1
6314,47,Male,15,106.78,1535.06,Month-to-month,Bank transfer,Fiber optic,Yes,Yes,No,No,9,79.4,3,1,False,1,False,0
6315,35,Female,8,116.16,932.98,One year,Mailed check,Fiber optic,No,No,No,No,9,124.2,2,5,True,12,False,0
6316,41,Female,64,112.66,6305.555,One year,Credit card,Fiber optic,Yes,No,No,No,5,91.5,0,2,False,12,False,0
6317,22,Male,5,99.61,521.15,Month-to-month,Bank transfer,Fiber optic,No,No,Yes,Yes,11,117.1,1,2,False,1,False,1
6318,41,Male,31,96.01,2984.07,Month-to-month,Electronic check,Fiber optic,Yes,Yes,Yes,Yes,8,77.5,3,0,True,1,False,1
6319,42,Male,17,65.73,1109.89,One year,Bank transfer,No,No,Yes,Yes,No,6,104.9,0,1,False,12,False,0
6320,53,Female,1,89.26,86.48,One year,Electronic check,DSL,No,Yes,Yes,Yes,10,21.3,1,2,True,12,False,0
6321,48,Male,17,63.12,1126.39,Two year,Electronic check,DSL,Yes,No,No,No,8,18.4,2,4,False,24,False,0
6322,27,Female,2,72.47,146.68,One year,Bank transfer,DSL,No,No,Yes,Yes,9,72.0,3,0,False,12,False,1
6323,61,Male,25,30.26,724.72,Month-to-month,Bank transfer,No,No,Yes,No,No,5,68.7,1,2,True,1,False,0
6324,48,Female,20,88.87,1844.42,One year,Bank transfer,DSL,Yes,No,Yes,Yes,9,120.7,2,1,False,12,False,0
6325,47,Female,1,88.62,90.01,Month-to-month,Bank transfer,Fiber optic,No,Yes,No,No,8,117.1,1,1,False,1,False,1
6326,44,Female,5,79.88,392.68,One year,Bank transfer,DSL,No,No,No,No,9,65.0,3,2,True,12,False,1
6327,37,Female,35,91.18,3090.84,Month-to-month,Bank transfer,DSL,No,No,Yes,Yes,3,128.5,1,1,False,1,False,0
6328,48,Male,7,103.77,738.38,One year,Mailed check,Fiber optic,Yes,No,No,No,12,108.9,1,2,False,12,False,1
6329,52,Male,16,123.39,1877.4,One year,Mailed check,Fiber optic,No,No,Yes,Yes,5,31.5,2,5,False,12,False,0
6330,18,Female,8,80.94,671.09,One year,Credit card,DSL,Yes,No,No,No,9,118.7,2,3,False,12,False,0
6331,36,Male,61,100.73,6224.23,Two year,Credit card,Fiber optic,Yes,No,No,No,8,91.5,1,1,False,24,False,0
6332,41,Female,18,100.03,1748.76,Month-to-month,Credit card,DSL,Yes,No,Yes,Yes,6,115.1,4,1,True,1,False,1
6333,48,Male,28,113.9,3251.44,Month-to-month,Credit card,Fiber optic,Yes,Yes,Yes,Yes,10,70.6,2,3,False,1,False,0
6334,62,Male,2,93.89,183.33,Month-to-month,Bank transfer,DSL,No,Yes,Yes,Yes,8,124.4,2,3,True,1,False,1
6335,33,Female,1,110.13,114.37,Two year,Electronic check,Fiber optic,Yes,Yes,No,No,4,96.0,2,1,False,24,False,1
6336,37,Female,7,94.63,673.13,Month-to-month,Bank transfer,DSL,No,Yes,Yes,Yes,9,15.3,4,1,False,1,False,1
6337,37,Male,8,124.77,1036.72,Month-to-month,Electronic check,Fiber optic,No,No,Yes,Yes,6,8.1,0,2,False,1,False,1
6338,32,Female,27,80.52,2224.0,Two year,Credit card,DSL,No,No,Yes,Yes,7,79.4,2,3,False,24,False,1
6339,39,Male,20,109.09,2158.73,Two year,Electronic check,Fiber optic,No,Yes,No,No,6,128.6,3,1,False,24,False,0
6340,56,Male,11,80.96,918.66,Two year,Credit card,DSL,No,Yes,No,No,10,24.8,0,2,True,24,False,0
6341,29,Male,25,111.92,2886.49,Month-to-month,Bank transfer,Fiber optic,Yes,No,Yes,Yes,8,89.6,3,1,False,1,False,0
6342,51,Female,4,117.07,490.33,Two year,Credit card,Fiber optic,Yes,Yes,Yes,Yes,5,72.3,2,3,True,24,False,0
6343,19,Female,1,35.02,35.44,Month-to-month,Electronic check,No,No,No,No,No,6,23.7,2,4,False,1,False,1
6344,36,Male,46,51.9,2432.03,One year,Bank transfer,No,No,No,No,No,13,110.9,1,5,False,12,False,0
6345,40,Female,19,129.56,2457.18,Month-to-month,Mailed check,Fiber optic,No,Yes,Yes,Yes,6,78.4,1,2,False,1,False,0
6346,70,Female,25,125.81,3072.94,One year,Credit card,Fiber optic,No,No,No,No,5,109.7,2,4,True,12,True,0
6347,40,Male,8,124.92,957.62,Month-to-month,Bank transfer,Fiber optic,No,Yes,Yes,Yes,4,12.4,1,2,False,1,False,1
6348,18,Female,11,101.72,1147.37,Month-to-month,Electronic check,Fiber optic,Yes,Yes,Yes,No,6,16.4,0,2,True,1,False,1
6349,18,Female,2,108.16,215.66,One year,Electronic check,Fiber optic,No,No,No,No,7,107.5,2,1,False,12,False,1
6350,45,Male,46,54.03,2571.08,Month-to-month,Credit card,DSL,Yes,Yes,No,No,8,73.7,0,4,False,1,False,1
6351,54,Female,21,78.93,1646.29,Month-to-month,Credit card,DSL,Yes,Yes,Yes,Yes,13,89.5,2,1,False,1,False,0
6352,50,Male,2,88.1,183.99,Month-to-month,Bank transfer,Fiber optic,No,No,No,No,13,111.2,3,5,False,1,False,1
6353,47,Female,39,128.65,4952.94,One year,Electronic check,Fiber optic,Yes,Yes,No,No,9,111.6,0,1,True,12,False,0
6354,62,Female,14,134.69,1873.56,Month-to-month,Credit card,Fiber optic,No,No,No,No,10,97.4,5,1,True,1,False,1
6355,36,Male,34,107.78,3722.19,One year,Bank transfer,DSL,Yes,No,Yes,Yes,10,51.9,2,2,False,12,False,0
6356,58,Male,1,82.21,80.71,One year,Electronic check,Fiber optic,No,Yes,No,No,3,56.4,0,2,True,12,False,0
6357,20,Female,1,22.67,22.96,One year,Electronic check,No,No,No,No,No,9,112.6,1,2,False,12,False,1
6358,31,Male,4,73.87,281.09,Month-to-month,Bank transfer,DSL,Yes,Yes,No,No,12,49.9,2,4,True,1,False,1
6359,18,Male,5,136.24,663.81,One year,Credit card,Fiber optic,No,No,Yes,Yes,4,51.1,2,1,True,12,False,1
6360,40,Female,34,58.88,1948.56,Month-to-month,Electronic check,No,No,No,Yes,Yes,6,88.7,4,6,False,1,False,1
6361,44,Male,29,72.91,2032.14,Month-to-month,Electronic check,DSL,No,No,No,No,7,59.3,2,1,False,1,False,1
6362,46,Female,22,52.27,1198.87,One year,Credit card,No,No,No,Yes,No,6,21.7,0,2,False,12,False,0
6363,45,Female,51,37.69,2015.22,Two year,Electronic check,No,No,No,No,No,7,108.8,3,2,False,24,False,0
6364,31,Male,6,94.15,538.93,Month-to-month,Bank transfer,DSL,No,No,Yes,Yes,11,108.2,4,1,False,1,False,1
6365,42,Female,56,66.36,3695.49,Month-to-month,Bank transfer,DSL,No,Yes,Yes,Yes,9,76.6,2,4,False,1,False,0
6366,22,Male,57,81.94,4514.6,Two year,Electronic check,DSL,No,No,Yes,Yes,6,89.5,2,0,False,24,False,1
6367,65,Female,13,81.7,1097.1,Two year,Electronic check,DSL,Yes,Yes,Yes,Yes,6,129.7,1,4,False,24,True,1
6368,40,Male,2,47.99,92.6,Month-to-month,Credit card,No,No,Yes,Yes,Yes,6,103.5,1,5,False,1,False,1
6369,37,Male,31,83.38,2503.07,Month-to-month,Electronic check,DSL,No,Yes,No,No,7,82.9,4,3,True,1,False,1
6370,68,Female,9,52.74,485.81,Month-to-month,Bank transfer,No,No,No,Yes,Yes,11,44.7,2,3,True,1,True,1
6371,26,Male,38,84.68,3085.64,One year,Electronic check,DSL,Yes,No,Yes,No,7,51.1,1,0,False,12,False,0
6372,28,Male,4,33.33,139.31,Month-to-month,Bank transfer,No,No,No,No,No,10,16.4,4,1,False,1,False,1
6373,28,Male,18,80.62,1485.0,One year,Bank transfer,DSL,No,Yes,Yes,No,2,93.6,2,1,False,12,False,0
6374,43,Female,17,129.21,2301.39,Two year,Electronic check,Fiber optic,Yes,No,No,No,6,60.3,4,2,False,24,False,1
6375,51,Female,2,64.66,128.64,Two year,Bank transfer,DSL,Yes,Yes,No,No,6,110.2,0,2,False,24,False,0
6376,56,Male,10,108.31,1054.01,Two year,Electronic check,DSL,No,No,Yes,No,11,75.0,4,2,False,24,False,1
6377,80,Male,2,101.32,211.47,Month-to-month,Electronic check,DSL,No,No,Yes,No,11,47.6,4,2,True,1,True,1
6378,18,Female,15,97.74,1467.2,Month-to-month,Electronic check,DSL,Yes,No,Yes,No,12,45.1,4,2,False,1,False,1
6379,54,Female,44,62.92,2893.06,One year,Credit card,DSL,Yes,No,No,No,14,75.0,1,2,False,12,False,0
6380,36,Female,7,124.31,909.63,Month-to-month,Credit card,Fiber optic,No,No,Yes,No,7,20.7,3,0,False,1,False,0
6381,36,Male,34,74.32,2602.5,Month-to-month,Credit card,DSL,Yes,No,No,No,8,73.2,1,1,False,1,False,1
6382,35,Female,4,105.85,411.79,Month-to-month,Electronic check,Fiber optic,No,Yes,Yes,Yes,11,92.1,4,2,True,1,False,1
6383,31,Male,26,127.41,3224.57,Two year,Bank transfer,Fiber optic,Yes,No,Yes,Yes,5,41.8,3,1,True,24,False,0
6384,70,Female,59,139.11,6305.555,Two year,Credit card,Fiber optic,No,Yes,Yes,Yes,7,17.5,1,2,True,24,True,0
6385,57,Male,9,56.51,507.43,Month-to-month,Electronic check,No,No,Yes,Yes,Yes,3,100.0,0,1,False,1,False,0
6386,45,Female,55,134.54,6305.555,Month-to-month,Bank transfer,Fiber optic,No,No,Yes,Yes,8,47.6,0,3,False,1,False,1
6387,65,Male,16,109.08,1693.61,One year,Credit card,Fiber optic,Yes,No,Yes,No,11,29.5,4,3,True,12,True,0
6388,22,Female,9,104.72,916.27,Two year,Bank transfer,DSL,Yes,Yes,Yes,Yes,5,87.0,2,2,True,24,False,0
6389,25,Female,54,130.52,6305.555,Month-to-month,Credit card,Fiber optic,Yes,Yes,Yes,No,6,13.6,4,6,False,1,False,0
6390,18,Male,1,102.77,104.12,Two year,Bank transfer,Fiber optic,Yes,Yes,No,No,8,28.9,3,4,True,24,False,1
6391,34,Female,1,97.66,93.19,One year,Credit card,DSL,Yes,No,Yes,Yes,12,23.5,2,1,False,12,False,0
6392,47,Female,21,107.53,2233.54,Two year,Credit card,Fiber optic,No,Yes,Yes,Yes,11,32.8,1,1,False,24,False,1
6393,46,Female,38,73.74,2871.5,One year,Mailed check,DSL,Yes,Yes,Yes,Yes,5,121.8,1,5,True,12,False,0
6394,47,Female,33,88.98,2913.15,Two year,Bank transfer,DSL,No,No,No,No,10,5.5,1,4,False,24,False,1
6395,23,Male,1,121.2,122.37,Two year,Bank transfer,Fiber optic,Yes,No,No,No,7,84.0,1,3,True,24,False,1
6396,57,Male,71,101.58,6305.555,Month-to-month,Bank transfer,DSL,Yes,Yes,Yes,No,4,79.0,0,2,True,1,False,0
6397,48,Female,29,78.71,2382.76,Month-to-month,Bank transfer,DSL,No,Yes,Yes,No,7,112.1,3,0,False,1,False,1
6398,55,Male,71,67.63,4628.39,Two year,Mailed check,DSL,Yes,No,No,No,11,57.6,0,3,False,24,False,0
6399,18,Male,9,84.86,775.13,Month-to-month,Credit card,DSL,Yes,No,Yes,Yes,1,67.1,2,2,True,1,False,0
6400,49,Male,28,74.73,2022.66,Month-to-month,Bank transfer,DSL,Yes,No,Yes,Yes,5,67.5,2,2,True,1,False,0
6401,27,Male,47,76.71,3779.95,Two year,Bank transfer,DSL,Yes,No,Yes,Yes,6,92.3,2,3,False,24,False,1
6402,39,Male,11,69.53,774.99,Two year,Bank transfer,DSL,Yes,No,No,No,13,100.5,0,1,False,24,False,0
6403,53,Female,71,76.24,5500.52,Month-to-month,Bank transfer,DSL,No,No,Yes,No,5,118.9,0,2,True,1,False,0
6404,46,Male,7,95.24,689.71,Month-to-month,Bank transfer,DSL,Yes,No,Yes,Yes,7,30.9,3,2,False,1,False,1
6405,32,Female,9,124.16,1080.66,Month-to-month,Bank transfer,Fiber optic,No,Yes,No,No,8,97.2,2,2,True,1,False,0
6406,45,Male,60,89.85,5350.31,Month-to-month,Credit card,DSL,Yes,No,Yes,Yes,10,44.9,1,1,False,1,False,0
6407,22,Female,71,119.54,6305.555,Two year,Bank transfer,Fiber optic,Yes,No,No,No,7,104.2,2,3,False,24,False,0
6408,62,Female,8,121.96,976.34,One year,Bank transfer,Fiber optic,Yes,Yes,No,No,7,88.0,3,3,True,12,False,0
6409,41,Female,3,104.16,316.51,Two year,Credit card,Fiber optic,Yes,No,No,No,11,24.5,2,3,False,24,False,1
6410,61,Male,34,100.62,3273.33,Month-to-month,Electronic check,Fiber optic,Yes,No,No,No,11,106.6,1,2,False,1,False,1
6411,37,Male,63,65.76,3965.55,Month-to-month,Mailed check,DSL,Yes,No,No,No,8,118.8,1,1,True,1,False,0
6412,37,Female,22,63.22,1329.87,Two year,Credit card,No,No,No,Yes,No,9,6.6,4,3,False,24,False,1
6413,33,Female,24,61.43,1472.91,Month-to-month,Credit card,DSL,No,No,No,No,8,119.5,0,3,False,1,False,1
6414,58,Male,34,93.75,3257.24,Month-to-month,Credit card,DSL,Yes,No,Yes,Yes,5,119.9,6,3,False,1,False,1
6415,34,Male,3,67.88,200.07,Two year,Electronic check,DSL,No,Yes,No,No,14,91.7,3,1,True,24,False,1
6416,54,Female,71,48.44,3513.92,Two year,Credit card,No,No,No,No,No,15,51.8,2,4,False,24,False,1
6417,39,Male,10,67.33,678.49,Month-to-month,Mailed check,No,No,Yes,Yes,Yes,11,127.0,3,3,False,1,False,1
6418,18,Male,23,109.45,2431.35,One year,Credit card,Fiber optic,No,No,No,No,4,33.5,1,0,True,12,False,0
6419,36,Male,15,122.47,1883.14,Month-to-month,Bank transfer,Fiber optic,No,No,No,No,8,95.1,2,0,False,1,False,1
6420,27,Male,15,35.99,542.35,Two year,Electronic check,No,No,No,No,No,4,16.7,2,2,True,24,False,0
6421,45,Male,29,75.78,2114.12,Two year,Credit card,DSL,No,No,No,No,4,73.6,1,2,False,24,False,1
6422,27,Male,71,101.06,6305.555,Month-to-month,Electronic check,Fiber optic,No,No,Yes,Yes,5,85.5,6,3,True,1,False,0
6423,58,Female,25,37.84,922.02,Month-to-month,Credit card,No,No,No,No,No,11,30.5,0,3,False,1,False,1
6424,43,Female,37,133.06,4880.4,Two year,Electronic check,Fiber optic,Yes,No,Yes,Yes,4,114.3,0,3,True,24,False,0
6425,42,Female,1,56.53,59.04,Month-to-month,Credit card,DSL,No,No,No,No,10,13.1,0,2,True,1,False,1
6426,54,Female,39,110.88,4251.88,Two year,Credit card,Fiber optic,No,No,No,No,7,123.1,0,5,True,24,False,1
6427,59,Female,8,89.52,693.61,Two year,Bank transfer,DSL,No,No,Yes,No,14,124.1,2,3,False,24,False,1
6428,44,Female,3,73.01,229.6,Two year,Bank transfer,DSL,Yes,Yes,Yes,Yes,10,33.1,2,2,False,24,False,1
6429,33,Male,2,125.72,263.9,One year,Bank transfer,Fiber optic,No,No,Yes,Yes,9,14.7,3,2,False,12,False,1
6430,18,Male,27,83.51,2297.12,Month-to-month,Credit card,DSL,No,No,Yes,No,9,55.1,2,5,False,1,False,1
6431,34,Female,71,79.09,5918.92,Month-to-month,Credit card,DSL,Yes,Yes,Yes,Yes,6,96.0,5,0,False,1,False,0
6432,35,Female,26,132.55,3618.2,One year,Bank transfer,Fiber optic,No,No,Yes,Yes,5,46.5,0,4,True,12,False,0
6433,46,Female,7,101.63,686.25,Month-to-month,Credit card,Fiber optic,Yes,No,No,No,4,26.1,0,3,False,1,False,0
6434,39,Male,5,80.6,416.78,One year,Electronic check,DSL,Yes,No,Yes,Yes,6,112.2,0,0,False,12,False,1
6435,55,Male,17,72.3,1173.34,Month-to-month,Credit card,DSL,No,Yes,Yes,No,7,74.2,2,4,True,1,False,0
6436,35,Male,1,60.68,61.55,Month-to-month,Bank transfer,No,No,No,Yes,No,7,49.0,1,3,True,1,False,1
6437,44,Male,12,66.86,812.28,Month-to-month,Credit card,DSL,Yes,No,Yes,Yes,10,98.0,1,0,False,1,False,0
6438,62,Female,26,106.6,2768.01,Two year,Mailed check,Fiber optic,No,Yes,Yes,Yes,6,93.4,1,0,True,24,False,0
6439,50,Female,71,40.67,2950.37,Month-to-month,Mailed check,No,No,Yes,Yes,Yes,6,75.9,2,0,True,1,False,0
6440,44,Female,13,135.91,1727.57,Month-to-month,Electronic check,Fiber optic,No,No,Yes,No,10,87.7,3,0,False,1,False,1
6441,35,Female,5,84.74,402.83,Month-to-month,Credit card,DSL,Yes,No,Yes,No,10,22.0,3,1,False,1,False,1
6442,35,Male,40,86.98,3370.71,Month-to-month,Credit card,DSL,No,No,Yes,Yes,9,15.9,3,1,False,1,False,1
6443,32,Male,32,102.91,3436.06,Two year,Bank transfer,Fiber optic,Yes,No,No,No,7,115.2,1,3,False,24,False,0
6444,36,Female,47,105.45,4842.92,One year,Bank transfer,Fiber optic,No,No,Yes,Yes,8,124.4,3,0,False,12,False,0
6445,56,Male,5,118.72,606.23,Month-to-month,Mailed check,Fiber optic,Yes,No,Yes,Yes,11,108.2,1,2,False,1,False,0
6446,41,Male,12,97.9,1169.53,Month-to-month,Electronic check,DSL,No,No,Yes,No,10,67.4,3,2,True,1,False,1
6447,24,Male,71,83.86,6305.555,Two year,Electronic check,DSL,No,No,Yes,No,9,54.4,0,4,True,24,False,0
6448,71,Male,4,86.0,360.46,One year,Bank transfer,DSL,Yes,No,No,No,8,94.5,4,3,False,12,True,0
6449,49,Female,26,120.82,3150.49,Month-to-month,Bank transfer,Fiber optic,No,No,Yes,Yes,4,66.9,2,1,False,1,False,0
6450,23,Male,6,98.16,579.81,Month-to-month,Bank transfer,Fiber optic,Yes,No,Yes,Yes,8,27.6,2,3,False,1,False,1
6451,38,Female,16,62.05,983.23,Month-to-month,Credit card,DSL,Yes,No,No,No,12,67.0,5,2,False,1,False,1
6452,46,Male,38,109.8,4112.88,Month-to-month,Credit card,Fiber optic,No,Yes,Yes,Yes,6,56.8,1,2,True,1,False,0
6453,70,Male,16,117.64,1799.15,Two year,Electronic check,Fiber optic,Yes,No,No,No,8,12.0,0,1,False,24,True,0
6454,28,Female,39,44.15,1644.33,Month-to-month,Bank transfer,No,No,No,No,No,7,77.1,4,0,False,1,False,0
6455,59,Female,13,140.98,1843.97,Two year,Credit card,Fiber optic,No,Yes,Yes,No,13,83.2,0,4,True,24,False,0
6456,65,Male,71,114.96,6305.555,Month-to-month,Electronic check,Fiber optic,No,Yes,Yes,Yes,10,73.5,0,2,False,1,True,1
6457,35,Male,13,106.59,1326.47,Month-to-month,Credit card,Fiber optic,Yes,Yes,Yes,Yes,8,126.9,3,1,True,1,False,0
6458,40,Female,3,95.45,283.11,Two year,Mailed check,Fiber optic,Yes,No,Yes,No,9,73.9,2,1,True,24,False,0
6459,29,Male,12,102.83,1285.79,Month-to-month,Electronic check,Fiber optic,Yes,No,No,No,4,76.9,2,1,False,1,False,1
6460,41,Male,32,144.12,4582.65,One year,Bank transfer,Fiber optic,No,Yes,Yes,No,7,30.6,3,1,False,12,False,0
6461,44,Female,45,59.38,2633.68,Two year,Credit card,DSL,No,No,No,No,6,86.5,4,0,False,24,False,1
6462,54,Male,14,90.02,1206.42,Two year,Electronic check,Fiber optic,Yes,No,No,No,7,59.4,1,3,False,24,False,1
6463,61,Male,21,65.19,1413.76,Month-to-month,Credit card,DSL,No,No,No,No,15,109.3,3,3,True,1,False,1
6464,33,Male,44,135.71,6025.4,Month-to-month,Credit card,Fiber optic,Yes,No,Yes,Yes,11,30.8,3,3,False,1,False,1
6465,18,Male,40,108.32,4189.13,Month-to-month,Bank transfer,DSL,No,No,Yes,Yes,11,41.9,3,1,False,1,False,1
6466,44,Male,25,80.45,1994.25,Month-to-month,Bank transfer,DSL,No,No,No,No,3,34.9,2,0,False,1,False,0
6467,49,Female,40,95.13,3892.44,Month-to-month,Electronic check,DSL,No,Yes,Yes,Yes,4,99.4,3,2,True,1,False,0
6468,48,Male,20,74.7,1458.89,Month-to-month,Mailed check,DSL,No,Yes,Yes,No,12,48.6,1,2,False,1,False,0
6469,40,Female,1,94.99,94.86,Month-to-month,Mailed check,DSL,No,No,Yes,Yes,12,14.3,3,3,True,1,False,1
6470,46,Female,1,91.98,92.38,Month-to-month,Electronic check,DSL,No,No,Yes,Yes,10,50.9,1,0,False,1,False,1
6471,67,Male,71,89.41,6305.555,Two year,Mailed check,DSL,Yes,Yes,Yes,Yes,9,78.8,2,3,True,24,True,0
6472,50,Female,3,67.14,202.88,One year,Bank transfer,DSL,No,No,Yes,Yes,8,71.4,5,3,False,12,False,1
6473,39,Male,12,108.45,1295.72,Month-to-month,Credit card,Fiber optic,No,No,Yes,Yes,9,85.1,3,2,False,1,False,1
6474,37,Female,65,80.12,5037.46,Two year,Bank transfer,DSL,Yes,Yes,No,No,8,71.7,1,0,True,24,False,1
6475,42,Female,5,50.43,247.36,Month-to-month,Credit card,No,No,No,Yes,Yes,3,91.1,2,1,False,1,False,0
6476,69,Female,44,45.18,1965.34,Month-to-month,Bank transfer,No,No,No,Yes,Yes,12,19.3,3,4,False,1,True,0
6477,42,Male,40,73.66,3068.39,Month-to-month,Electronic check,DSL,Yes,Yes,Yes,No,7,98.8,0,0,False,1,False,1
6478,44,Female,71,71.89,5257.79,Two year,Credit card,DSL,Yes,No,No,No,8,51.9,4,1,False,24,False,0
6479,37,Female,7,69.56,488.92,Month-to-month,Electronic check,DSL,No,No,Yes,No,2,52.6,2,1,True,1,False,1
6480,61,Female,9,95.6,861.27,Month-to-month,Bank transfer,Fiber optic,Yes,No,No,No,8,66.7,3,4,False,1,False,1
6481,74,Male,55,85.97,4801.94,Two year,Credit card,Fiber optic,No,Yes,No,No,11,109.8,2,3,False,24,True,0
6482,51,Male,6,97.8,570.92,Month-to-month,Bank transfer,DSL,No,Yes,Yes,Yes,6,9.9,1,5,True,1,False,1
6483,46,Female,19,87.03,1641.69,Two year,Credit card,DSL,Yes,No,Yes,Yes,8,13.5,3,0,False,24,False,0
6484,45,Female,29,93.1,2717.29,Month-to-month,Bank transfer,Fiber optic,Yes,No,No,No,14,29.1,1,2,True,1,False,1
6485,18,Female,7,86.99,600.87,Two year,Mailed check,DSL,No,Yes,Yes,Yes,7,9.4,1,1,True,24,False,0
6486,56,Female,66,48.93,3084.74,One year,Mailed check,No,No,No,Yes,No,9,102.4,1,0,True,12,False,1
6487,47,Male,26,100.63,2597.69,Two year,Credit card,DSL,No,Yes,Yes,Yes,7,107.1,3,0,False,24,False,1
6488,51,Male,1,99.64,96.04,Two year,Credit card,DSL,Yes,No,Yes,Yes,4,126.0,1,3,False,24,False,0
6489,34,Male,3,72.2,222.75,Two year,Credit card,DSL,Yes,No,No,No,4,110.4,3,3,False,24,False,0
6490,39,Female,5,134.33,672.02,Month-to-month,Bank transfer,Fiber optic,No,Yes,Yes,Yes,8,30.6,3,5,False,1,False,1
6491,38,Male,6,97.57,612.73,Two year,Credit card,DSL,Yes,No,Yes,No,5,121.3,1,0,False,24,False,0
6492,60,Female,31,74.7,2284.75,One year,Credit card,DSL,Yes,Yes,No,No,4,89.4,5,1,True,12,False,0
6493,39,Female,2,95.28,186.09,Month-to-month,Mailed check,DSL,No,Yes,Yes,No,7,40.4,1,0,True,1,False,1
6494,76,Female,10,89.72,941.84,Two year,Credit card,DSL,Yes,No,Yes,Yes,9,107.5,2,2,False,24,True,1
6495,51,Male,58,82.15,4680.47,Month-to-month,Electronic check,Fiber optic,Yes,No,No,No,6,72.5,3,2,False,1,False,0
6496,25,Female,19,82.76,1556.64,Month-to-month,Electronic check,DSL,Yes,Yes,Yes,Yes,9,53.7,3,1,True,1,False,0
6497,43,Male,7,142.31,947.33,Month-to-month,Mailed check,Fiber optic,No,No,Yes,Yes,9,128.2,0,1,False,1,False,1
6498,35,Female,71,95.77,6305.555,One year,Bank transfer,DSL,Yes,Yes,Yes,Yes,6,121.0,1,3,False,12,False,0
6499,18,Male,6,116.31,717.1,One year,Bank transfer,Fiber optic,No,No,Yes,Yes,8,49.0,4,3,True,12,False,0
6500,68,Female,56,109.82,6276.35,One year,Credit card,Fiber optic,Yes,No,No,No,7,125.7,2,1,False,12,True,0
6501,55,Male,31,93.29,2863.35,Month-to-month,Credit card,Fiber optic,No,No,No,No,7,114.6,3,0,False,1,False,0
6502,52,Female,32,107.98,3599.92,One year,Credit card,Fiber optic,Yes,Yes,Yes,Yes,1,104.7,1,5,False,12,False,0
6503,47,Male,34,71.05,2426.16,Two year,Credit card,DSL,Yes,No,Yes,Yes,5,81.6,1,1,False,24,False,1
6504,24,Female,16,50.8,823.28,Month-to-month,Electronic check,No,No,Yes,Yes,Yes,6,106.3,1,2,True,1,False,1
6505,37,Female,40,109.26,4503.05,One year,Electronic check,Fiber optic,Yes,No,No,No,6,37.1,3,2,False,12,False,1
6506,57,Female,43,93.41,4098.34,Month-to-month,Credit card,DSL,Yes,No,No,No,8,70.3,0,4,False,1,False,1
6507,29,Male,10,90.56,873.84,Month-to-month,Bank transfer,DSL,No,No,Yes,Yes,11,109.9,2,3,False,1,False,1
6508,18,Female,12,97.7,1169.84,One year,Bank transfer,DSL,No,No,Yes,Yes,10,75.8,3,5,False,12,False,0
6509,41,Female,52,96.55,5072.57,Month-to-month,Bank transfer,Fiber optic,No,No,No,No,4,28.2,2,0,False,1,False,1
6510,42,Female,17,95.19,1545.56,One year,Electronic check,DSL,No,No,Yes,Yes,4,81.4,0,3,False,12,False,1
6511,47,Male,48,52.19,2441.37,One year,Credit card,No,No,No,Yes,Yes,9,117.8,0,0,False,12,False,0
6512,55,Female,23,102.78,2430.93,Month-to-month,Credit card,DSL,Yes,No,Yes,Yes,13,112.0,2,1,False,1,False,1
6513,54,Female,21,106.46,2337.41,Month-to-month,Credit card,Fiber optic,No,Yes,Yes,Yes,4,85.5,0,4,False,1,False,0
6514,48,Male,1,129.58,135.8,Two year,Bank transfer,Fiber optic,Yes,No,No,No,4,63.6,2,4,False,24,False,1
6515,62,Female,7,42.57,304.49,Month-to-month,Bank transfer,No,No,Yes,Yes,No,4,91.7,3,2,True,1,False,0
6516,22,Male,16,69.0,1126.34,One year,Credit card,DSL,Yes,No,No,No,5,120.0,0,1,False,12,False,0
6517,52,Female,21,39.19,839.96,Two year,Bank transfer,No,No,No,Yes,Yes,10,107.3,2,2,False,24,False,0
6518,54,Male,23,54.15,1220.08,Two year,Credit card,No,No,No,Yes,Yes,7,118.3,5,3,True,24,False,0
6519,26,Male,30,36.24,1077.52,One year,Credit card,No,No,No,No,No,7,57.5,1,2,False,12,False,1
6520,22,Male,25,40.4,977.61,Month-to-month,Mailed check,No,No,No,No,No,15,11.3,2,2,True,1,False,1
6521,33,Female,45,35.33,1585.11,Month-to-month,Credit card,No,No,No,Yes,No,10,79.7,3,1,False,1,False,1
6522,35,Female,8,83.1,634.26,Month-to-month,Electronic check,Fiber optic,Yes,Yes,No,No,6,75.6,4,1,False,1,False,1
6523,56,Male,24,146.84,3640.07,One year,Electronic check,Fiber optic,No,Yes,Yes,Yes,12,118.1,3,2,False,12,False,1
6524,35,Female,1,142.56,148.94,Month-to-month,Electronic check,Fiber optic,Yes,Yes,Yes,Yes,11,72.6,0,5,True,1,False,1
6525,32,Female,15,114.63,1657.23,Two year,Credit card,Fiber optic,No,No,No,No,3,15.8,1,5,False,24,False,1
6526,35,Male,7,151.93,1061.9,One year,Credit card,Fiber optic,Yes,No,Yes,Yes,4,87.8,3,6,False,12,False,1
6527,61,Male,11,30.29,331.18,Month-to-month,Bank transfer,No,No,No,No,No,6,29.3,2,3,False,1,False,1
6528,45,Male,10,71.62,733.8,Month-to-month,Credit card,DSL,Yes,No,Yes,Yes,8,68.2,1,3,False,1,False,1
6529,42,Male,1,114.48,114.64,One year,Bank transfer,Fiber optic,No,No,Yes,No,6,17.8,1,1,True,12,False,0
6530,43,Female,15,75.98,1133.64,Month-to-month,Bank transfer,DSL,No,Yes,No,No,8,60.7,2,0,False,1,False,0
6531,64,Female,71,88.59,6148.68,One year,Credit card,DSL,No,Yes,Yes,Yes,11,9.7,2,2,True,12,False,1
6532,33,Female,8,53.66,420.09,Two year,Bank transfer,DSL,Yes,No,No,No,4,82.2,1,5,True,24,False,0
6533,64,Female,31,85.33,2668.45,Two year,Electronic check,DSL,No,Yes,Yes,Yes,3,104.8,5,4,True,24,False,1
6534,48,Female,19,56.11,1017.13,One year,Credit card,No,No,No,Yes,Yes,6,16.4,5,4,False,12,False,1
6535,42,Female,9,105.92,937.42,Two year,Electronic check,DSL,Yes,No,Yes,Yes,12,89.4,3,3,False,24,False,1
6536,80,Male,2,84.92,163.78,One year,Bank transfer,Fiber optic,Yes,Yes,No,No,10,84.2,3,1,False,12,True,1
6537,29,Female,5,69.76,334.01,Month-to-month,Mailed check,DSL,Yes,No,No,No,5,52.5,4,1,False,1,False,1
6538,39,Female,36,47.01,1679.88,One year,Mailed check,No,No,No,No,No,16,82.4,3,1,False,12,False,0
6539,26,Female,7,102.43,703.06,Month-to-month,Credit card,Fiber optic,Yes,Yes,Yes,Yes,4,120.4,4,1,False,1,False,1
6540,59,Male,3,74.96,226.5,Month-to-month,Credit card,DSL,No,No,Yes,No,8,72.2,1,2,False,1,False,1
6541,70,Male,9,58.57,511.58,One year,Electronic check,DSL,Yes,Yes,No,No,9,39.1,2,0,True,12,True,1
6542,70,Female,21,128.87,2585.97,Two year,Mailed check,Fiber optic,Yes,No,Yes,Yes,4,71.0,4,3,False,24,True,1
6543,63,Male,29,136.59,3776.96,One year,Bank transfer,Fiber optic,Yes,No,Yes,No,11,36.8,3,2,False,12,False,1
6544,42,Male,11,99.79,1090.2,Month-to-month,Credit card,DSL,Yes,No,Yes,No,6,117.0,1,3,True,1,False,1
6545,39,Female,16,36.1,549.17,Month-to-month,Credit card,No,No,No,No,No,8,90.2,2,2,False,1,False,1
6546,19,Female,14,118.68,1587.75,Month-to-month,Credit card,Fiber optic,Yes,Yes,Yes,Yes,13,47.7,3,1,False,1,False,1
6547,75,Female,1,66.86,65.81,Month-to-month,Bank transfer,DSL,No,No,No,No,6,93.7,3,2,False,1,True,1
6548,52,Male,12,61.09,765.38,Two year,Credit card,No,No,Yes,Yes,No,2,47.3,1,0,True,24,False,1
6549,37,Male,21,76.6,1643.24,Month-to-month,Bank transfer,DSL,Yes,No,No,No,8,11.5,1,2,True,1,False,0
6550,64,Female,20,117.44,2405.07,Month-to-month,Electronic check,Fiber optic,No,Yes,No,No,14,114.1,1,1,False,1,False,1
6551,30,Male,33,109.08,3481.09,One year,Credit card,Fiber optic,Yes,Yes,No,No,8,22.4,4,4,False,12,False,1
6552,51,Male,26,101.66,2661.76,Month-to-month,Electronic check,DSL,No,No,Yes,No,8,74.5,0,2,True,1,False,0
6553,42,Male,7,59.11,402.64,One year,Bank transfer,DSL,Yes,Yes,No,No,8,29.9,5,1,True,12,False,1
6554,54,Female,7,95.76,671.55,One year,Electronic check,DSL,No,No,Yes,Yes,5,56.7,3,2,False,12,False,1
6555,44,Female,14,140.59,2029.93,One year,Bank transfer,Fiber optic,No,Yes,Yes,No,8,109.1,1,2,False,12,False,1
6556,23,Female,31,37.91,1167.18,Month-to-month,Bank transfer,No,No,No,No,No,12,7.2,3,5,False,1,False,1
6557,46,Female,2,124.78,242.79,Month-to-month,Mailed check,Fiber optic,Yes,No,No,No,4,125.5,2,2,False,1,False,0
6558,60,Female,71,124.21,6305.555,Month-to-month,Bank transfer,Fiber optic,No,No,No,No,12,31.2,4,2,False,1,False,1
6559,44,Male,18,129.55,2329.51,One year,Bank transfer,Fiber optic,Yes,Yes,No,No,6,122.2,0,2,True,12,False,0
6560,56,Male,8,97.4,803.36,Month-to-month,Bank transfer,DSL,No,Yes,Yes,Yes,7,105.6,1,2,False,1,False,1
6561,29,Male,28,101.7,2885.69,Month-to-month,Bank transfer,Fiber optic,No,No,No,No,5,35.0,3,4,False,1,False,0
6562,44,Male,1,126.18,131.93,Two year,Bank transfer,Fiber optic,No,Yes,No,No,7,23.1,3,1,True,24,False,0
6563,35,Male,15,94.73,1488.68,Month-to-month,Mailed check,DSL,Yes,No,Yes,Yes,7,64.4,2,2,True,1,False,1
6564,56,Male,15,72.29,1064.08,Two year,Bank transfer,DSL,Yes,No,Yes,Yes,4,35.9,2,3,True,24,False,0
6565,45,Female,4,30.29,123.1,Two year,Mailed check,No,No,No,No,No,5,61.6,1,0,True,24,False,0
6566,55,Female,43,97.35,4273.26,Two year,Electronic check,DSL,No,Yes,Yes,No,2,102.4,1,3,False,24,False,1
6567,61,Male,38,37.13,1419.4,Two year,Electronic check,No,No,No,Yes,Yes,8,27.7,3,0,True,24,False,0
6568,55,Female,3,85.92,265.59,Month-to-month,Bank transfer,DSL,Yes,No,Yes,Yes,3,86.6,1,2,False,1,False,1
6569,49,Male,10,104.27,1019.35,One year,Electronic check,Fiber optic,Yes,Yes,No,No,13,22.9,2,0,False,12,False,0
6570,30,Male,2,80.13,164.45,One year,Credit card,DSL,No,Yes,Yes,Yes,16,68.3,1,3,False,12,False,1
6571,44,Female,45,42.94,1884.22,Month-to-month,Electronic check,No,No,Yes,Yes,Yes,6,93.9,0,0,False,1,False,1
6572,37,Female,9,131.04,1184.43,Month-to-month,Credit card,Fiber optic,Yes,No,Yes,Yes,8,76.9,1,4,False,1,False,0
6573,39,Male,13,60.73,758.94,Month-to-month,Bank transfer,DSL,No,No,No,No,5,16.8,1,1,False,1,False,0
6574,39,Female,9,81.38,746.01,Month-to-month,Credit card,DSL,No,No,Yes,No,14,95.8,5,1,False,1,False,1
6575,30,Male,8,83.63,692.9,One year,Credit card,DSL,Yes,No,No,No,5,126.4,3,3,False,12,False,1
6576,18,Male,33,43.38,1466.05,Two year,Electronic check,No,No,No,No,No,5,65.4,0,1,False,24,False,0
6577,34,Male,33,138.53,4778.84,Two year,Bank transfer,Fiber optic,Yes,No,Yes,Yes,14,107.8,4,0,False,24,False,1
6578,47,Male,17,129.42,2307.68,Month-to-month,Mailed check,Fiber optic,Yes,No,Yes,Yes,7,36.9,1,2,True,1,False,0
6579,24,Male,25,66.37,1652.76,Month-to-month,Electronic check,DSL,No,No,No,No,6,32.6,0,3,False,1,False,1
6580,45,Female,17,98.5,1616.7,One year,Credit card,Fiber optic,No,Yes,No,No,9,26.2,3,3,False,12,False,0
6581,73,Male,1,56.89,58.1,Month-to-month,Credit card,No,No,Yes,Yes,Yes,3,63.3,0,1,True,1,True,1
6582,60,Female,1,140.69,139.57,Two year,Credit card,Fiber optic,Yes,No,Yes,Yes,10,35.3,1,6,True,24,False,1
6583,69,Male,11,96.56,1049.82,One year,Electronic check,DSL,No,No,Yes,Yes,8,125.0,4,4,False,12,True,1
6584,50,Female,33,106.26,3394.95,One year,Mailed check,Fiber optic,Yes,Yes,Yes,Yes,5,48.2,2,0,False,12,False,0
6585,62,Male,58,80.3,4443.41,Month-to-month,Mailed check,Fiber optic,Yes,No,No,No,5,83.0,1,1,True,1,False,0
6586,34,Female,1,102.82,105.53,Month-to-month,Credit card,Fiber optic,No,Yes,No,No,8,92.4,4,2,True,1,False,0
6587,35,Male,11,99.77,1095.48,Month-to-month,Bank transfer,DSL,Yes,No,Yes,Yes,6,78.0,2,1,False,1,False,1
6588,18,Male,6,72.96,433.26,Month-to-month,Credit card,DSL,Yes,No,Yes,No,7,20.2,3,4,False,1,False,1
6589,62,Female,40,49.65,1959.56,Two year,Credit card,No,No,No,Yes,Yes,6,120.9,1,0,True,24,False,0
6590,68,Female,44,102.18,4497.85,Month-to-month,Bank transfer,DSL,No,Yes,Yes,No,4,54.9,3,1,False,1,True,1
6591,36,Female,5,84.45,432.47,Month-to-month,Electronic check,DSL,No,Yes,Yes,Yes,9,128.5,2,1,False,1,False,1
6592,41,Female,29,125.3,3609.8,One year,Bank transfer,Fiber optic,No,Yes,No,No,8,127.6,0,1,False,12,False,0
6593,33,Female,31,111.67,3321.69,Month-to-month,Bank transfer,Fiber optic,Yes,Yes,No,No,9,27.9,5,1,False,1,False,0
6594,50,Female,4,40.75,159.06,Two year,Electronic check,No,No,No,Yes,No,7,119.1,2,2,False,24,False,1
6595,61,Male,13,60.41,756.53,Month-to-month,Mailed check,DSL,Yes,No,No,No,15,53.0,2,1,True,1,False,1
6596,18,Male,23,96.98,2161.41,Two year,Electronic check,Fiber optic,Yes,Yes,No,No,12,61.0,3,3,False,24,False,1
6597,51,Male,1,50.27,52.15,Two year,Electronic check,DSL,Yes,No,No,No,7,121.9,2,1,False,24,False,0
6598,40,Female,12,81.04,940.59,Two year,Mailed check,DSL,No,Yes,Yes,Yes,5,49.0,5,3,False,24,False,0
6599,46,Female,4,73.26,299.66,Month-to-month,Bank transfer,DSL,Yes,No,No,No,5,66.9,2,1,False,1,False,0
6600,51,Female,18,88.11,1554.59,Month-to-month,Credit card,Fiber optic,No,No,No,No,6,21.5,2,1,False,1,False,1
6601,42,Male,44,114.24,5228.29,Two year,Credit card,Fiber optic,No,Yes,No,No,8,85.7,2,1,False,24,False,0
6602,43,Female,17,133.09,2290.17,Two year,Electronic check,Fiber optic,No,No,Yes,Yes,11,83.0,1,0,False,24,False,1
6603,41,Male,1,85.09,86.58,One year,Electronic check,DSL,Yes,No,Yes,Yes,4,36.4,5,4,False,12,False,1
6604,59,Female,1,122.92,123.23,Month-to-month,Credit card,Fiber optic,Yes,Yes,No,No,10,85.1,1,6,False,1,False,1
6605,51,Female,22,77.04,1767.27,Month-to-month,Electronic check,DSL,Yes,No,No,No,8,121.0,0,3,False,1,False,0
6606,48,Female,9,62.65,544.55,Two year,Credit card,DSL,Yes,No,No,No,2,89.8,1,1,True,24,False,0
6607,25,Male,20,100.1,1959.23,Month-to-month,Electronic check,Fiber optic,Yes,Yes,Yes,Yes,14,96.9,4,0,True,1,False,1
6608,39,Female,4,56.82,236.47,Month-to-month,Bank transfer,DSL,No,Yes,No,No,8,17.9,3,2,False,1,False,1
6609,58,Male,35,116.96,4293.77,Month-to-month,Bank transfer,Fiber optic,Yes,No,No,No,4,79.9,1,1,False,1,False,0
6610,45,Female,47,128.84,6219.17,One year,Electronic check,Fiber optic,No,No,Yes,Yes,7,96.7,2,0,False,12,False,1
6611,54,Female,52,91.69,4630.81,Month-to-month,Bank transfer,DSL,Yes,No,Yes,Yes,5,21.5,3,3,False,1,False,1
6612,71,Female,8,50.91,423.91,Month-to-month,Credit card,No,No,Yes,Yes,No,7,79.1,3,1,False,1,True,1
6613,60,Female,25,135.38,3272.07,Month-to-month,Mailed check,Fiber optic,Yes,No,Yes,No,10,122.2,2,1,False,1,False,1
6614,46,Male,7,76.21,553.47,Month-to-month,Bank transfer,DSL,No,Yes,Yes,No,12,64.9,2,2,True,1,False,0
6615,37,Female,34,114.04,3832.02,One year,Mailed check,Fiber optic,Yes,No,Yes,Yes,10,74.5,3,3,True,12,False,0
6616,18,Male,3,89.37,255.99,Month-to-month,Bank transfer,Fiber optic,Yes,No,No,No,6,50.5,4,0,True,1,False,1
6617,42,Female,34,107.53,3696.89,Month-to-month,Credit card,Fiber optic,No,No,Yes,No,7,76.7,1,1,False,1,False,1
6618,40,Female,13,145.08,1861.41,One year,Credit card,Fiber optic,Yes,No,Yes,No,8,32.9,4,3,True,12,False,0
6619,50,Female,46,51.08,2236.72,Month-to-month,Bank transfer,No,No,Yes,No,No,4,10.4,0,1,False,1,False,1
6620,42,Male,32,43.92,1356.35,Month-to-month,Electronic check,No,No,Yes,Yes,Yes,9,47.6,3,1,True,1,False,0
6621,40,Female,11,129.44,1417.57,Two year,Bank transfer,Fiber optic,No,Yes,Yes,Yes,9,107.4,4,2,False,24,False,0
6622,18,Male,56,129.87,6305.555,Two year,Electronic check,Fiber optic,No,No,Yes,Yes,9,71.9,1,3,False,24,False,1
6623,30,Male,7,90.06,600.97,Month-to-month,Credit card,DSL,No,Yes,No,No,7,14.4,4,1,False,1,False,1
6624,52,Female,71,48.9,3528.12,Month-to-month,Bank transfer,No,No,Yes,Yes,Yes,9,120.3,1,1,True,1,False,1
6625,70,Male,34,85.64,2779.88,Month-to-month,Credit card,DSL,No,No,Yes,Yes,7,91.3,4,2,True,1,True,1
6626,43,Female,71,138.06,6305.555,Two year,Electronic check,Fiber optic,Yes,No,Yes,Yes,13,8.3,3,1,False,24,False,0
6627,49,Male,1,83.16,84.88,One year,Bank transfer,DSL,No,No,Yes,Yes,7,21.0,1,2,True,12,False,0
6628,59,Male,7,61.67,413.73,Month-to-month,Electronic check,DSL,No,No,No,No,9,121.0,0,2,False,1,False,1
6629,32,Male,32,73.41,2350.92,Two year,Credit card,DSL,Yes,Yes,Yes,Yes,8,24.3,2,4,False,24,False,0
6630,50,Male,61,65.82,4109.42,Month-to-month,Mailed check,DSL,Yes,No,No,No,4,17.4,2,2,False,1,False,1
6631,33,Female,1,71.23,69.72,Month-to-month,Mailed check,DSL,No,Yes,No,No,10,52.8,3,4,True,1,False,1
6632,57,Male,1,72.08,69.83,Month-to-month,Mailed check,DSL,Yes,No,No,No,7,69.5,3,6,False,1,False,1
6633,47,Female,7,127.99,911.67,Month-to-month,Credit card,Fiber optic,Yes,No,Yes,No,11,93.4,2,1,False,1,False,1
6634,49,Male,45,117.99,5457.63,Two year,Bank transfer,Fiber optic,Yes,Yes,Yes,No,6,34.8,3,1,False,24,False,1
6635,33,Female,34,124.84,4202.46,One year,Electronic check,Fiber optic,No,No,Yes,Yes,6,55.0,1,3,True,12,False,0
6636,55,Female,9,125.57,1100.78,Month-to-month,Electronic check,Fiber optic,Yes,No,No,No,8,41.2,2,2,False,1,False,1
6637,76,Male,1,57.74,60.29,Month-to-month,Credit card,No,No,No,Yes,Yes,8,40.1,0,3,False,1,True,1
6638,29,Male,19,137.79,2627.5,One year,Electronic check,Fiber optic,Yes,No,Yes,Yes,12,110.5,2,0,False,12,False,1
6639,39,Female,6,81.29,487.26,Month-to-month,Bank transfer,DSL,No,No,No,No,11,56.8,0,3,False,1,False,0
6640,48,Male,32,92.11,3015.53,Month-to-month,Mailed check,DSL,No,No,Yes,Yes,7,125.9,1,0,False,1,False,0
6641,56,Male,14,67.32,979.81,One year,Electronic check,DSL,No,Yes,No,No,16,77.8,2,0,True,12,False,0
6642,36,Male,27,26.33,697.1,Month-to-month,Credit card,No,No,Yes,No,No,13,86.9,5,5,False,1,False,1
6643,18,Male,45,88.04,4085.76,Month-to-month,Credit card,DSL,Yes,Yes,No,No,9,77.2,0,4,False,1,False,0
6644,65,Male,18,91.0,1708.99,Month-to-month,Electronic check,Fiber optic,Yes,Yes,No,No,8,22.2,1,3,False,1,True,1
6645,56,Male,9,82.47,776.5,Month-to-month,Credit card,DSL,No,No,Yes,Yes,5,15.5,3,3,False,1,False,1
6646,18,Male,35,81.77,2915.69,One year,Electronic check,DSL,No,No,Yes,Yes,8,119.3,2,3,False,12,False,1
6647,35,Male,7,131.21,943.35,Month-to-month,Credit card,Fiber optic,No,Yes,Yes,Yes,9,57.9,2,2,False,1,False,0
6648,68,Male,53,83.72,4589.14,One year,Bank transfer,DSL,No,Yes,No,No,11,64.4,0,2,True,12,True,0
6649,66,Female,1,149.05,153.41,Month-to-month,Mailed check,Fiber optic,No,No,Yes,Yes,9,115.8,2,2,True,1,True,1
6650,59,Male,43,41.33,1721.59,One year,Credit card,No,No,No,Yes,Yes,10,116.9,3,2,True,12,False,0
6651,42,Male,2,81.08,154.09,Month-to-month,Bank transfer,DSL,No,No,Yes,No,8,8.1,1,0,False,1,False,0
6652,46,Male,1,105.51,106.29,One year,Credit card,Fiber optic,Yes,Yes,Yes,Yes,12,23.8,1,2,False,12,False,1
6653,43,Male,10,61.67,624.4,One year,Bank transfer,DSL,Yes,Yes,No,No,10,93.6,1,2,False,12,False,0
6654,61,Male,71,59.22,4146.94,One year,Credit card,No,No,No,Yes,No,7,11.9,2,2,True,12,False,0
6655,31,Female,71,113.83,6305.555,One year,Bank transfer,Fiber optic,Yes,Yes,Yes,No,7,118.8,1,0,False,12,False,1
6656,32,Female,5,89.07,446.79,Month-to-month,Credit card,DSL,No,No,Yes,Yes,6,103.2,2,2,False,1,False,1
6657,60,Male,3,49.69,154.93,Two year,Mailed check,No,No,No,Yes,Yes,6,37.7,1,3,False,24,False,1
6658,44,Female,10,105.87,1025.65,Two year,Bank transfer,DSL,Yes,No,Yes,Yes,6,42.0,1,2,False,24,False,0
6659,65,Male,9,56.16,524.39,One year,Electronic check,DSL,No,No,No,No,14,25.5,1,1,True,12,True,1
6660,34,Male,34,107.28,3779.92,Two year,Bank transfer,Fiber optic,Yes,Yes,No,No,7,114.5,2,1,False,24,False,0
6661,44,Female,14,119.27,1628.09,Month-to-month,Credit card,Fiber optic,No,No,No,No,12,67.7,3,1,False,1,False,1
6662,31,Female,36,91.17,3379.83,Month-to-month,Credit card,Fiber optic,No,No,No,No,7,22.5,1,3,False,1,False,0
6663,45,Female,33,144.11,4973.76,One year,Mailed check,Fiber optic,No,Yes,Yes,Yes,10,36.6,2,2,False,12,False,1
6664,22,Female,20,133.64,2581.32,Two year,Bank transfer,Fiber optic,No,No,No,No,8,28.0,1,1,False,24,False,1
6665,37,Female,43,36.49,1576.28,Month-to-month,Bank transfer,No,No,Yes,No,No,12,101.3,1,2,True,1,False,1
6666,23,Male,5,141.17,727.49,One year,Credit card,Fiber optic,No,No,Yes,Yes,5,75.8,0,2,False,12,False,0
6667,55,Male,4,98.42,387.06,Two year,Credit card,Fiber optic,Yes,No,Yes,No,4,30.0,0,0,False,24,False,0
6668,55,Male,33,70.98,2243.05,Two year,Bank transfer,DSL,No,No,Yes,Yes,7,81.2,1,2,False,24,False,1
6669,19,Female,6,107.53,620.84,Month-to-month,Electronic check,Fiber optic,Yes,No,Yes,Yes,9,75.4,3,2,False,1,False,1
6670,65,Male,1,132.47,130.26,Month-to-month,Electronic check,Fiber optic,No,No,Yes,Yes,3,108.4,1,2,False,1,True,1
6671,80,Female,58,34.72,1921.64,Month-to-month,Electronic check,No,No,No,No,No,14,24.4,0,3,True,1,True,1
6672,45,Male,23,105.15,2308.54,One year,Electronic check,DSL,No,Yes,Yes,Yes,6,96.5,1,2,False,12,False,0
6673,35,Female,14,111.74,1638.63,Two year,Electronic check,Fiber optic,No,Yes,No,No,11,28.4,3,3,True,24,False,1
6674,80,Female,31,45.39,1354.06,One year,Electronic check,No,No,No,Yes,Yes,8,28.1,1,2,False,12,True,1
6675,25,Male,9,107.12,931.62,Two year,Credit card,Fiber optic,No,No,No,No,10,88.1,2,1,False,24,False,1
6676,45,Male,71,118.22,6305.555,One year,Credit card,Fiber optic,Yes,No,No,No,6,38.5,2,3,True,12,False,0
6677,47,Male,1,59.97,61.86,One year,Electronic check,No,No,No,Yes,Yes,6,102.1,1,3,True,12,False,1
6678,65,Male,24,124.84,2894.19,Month-to-month,Credit card,Fiber optic,Yes,No,Yes,Yes,10,35.3,0,1,True,1,True,1
6679,50,Female,36,88.1,3026.67,Month-to-month,Electronic check,Fiber optic,Yes,No,No,No,9,73.9,1,1,True,1,False,1
6680,37,Male,15,78.7,1147.42,Month-to-month,Electronic check,DSL,No,Yes,Yes,No,8,22.0,3,2,True,1,False,1
6681,30,Female,33,103.42,3414.2,Month-to-month,Credit card,Fiber optic,Yes,Yes,Yes,No,8,100.5,2,4,False,1,False,1
6682,39,Male,62,76.24,4959.19,Month-to-month,Credit card,DSL,No,No,Yes,No,7,15.5,1,4,False,1,False,0
6683,29,Male,32,82.69,2677.33,Month-to-month,Electronic check,DSL,No,No,Yes,Yes,6,63.5,2,1,False,1,False,0
6684,45,Male,8,129.05,1003.68,Month-to-month,Bank transfer,Fiber optic,Yes,No,Yes,No,6,120.8,3,1,False,1,False,1
6685,36,Male,19,81.54,1473.51,Month-to-month,Bank transfer,DSL,No,Yes,No,No,7,49.4,3,1,True,1,False,1
6686,22,Male,58,34.86,1954.36,Month-to-month,Credit card,No,No,Yes,No,No,4,71.6,4,2,False,1,False,1
6687,63,Female,14,119.52,1699.41,One year,Credit card,Fiber optic,No,No,Yes,No,5,106.4,1,2,True,12,False,0
6688,37,Male,27,103.59,2746.21,One year,Bank transfer,Fiber optic,Yes,Yes,Yes,No,11,93.8,2,1,False,12,False,1
6689,25,Female,15,73.74,1112.19,One year,Electronic check,DSL,No,Yes,No,No,11,52.0,2,3,False,12,False,0
6690,42,Male,3,75.12,227.29,One year,Credit card,DSL,Yes,Yes,Yes,Yes,9,33.6,0,3,False,12,False,1
6691,46,Female,1,74.29,71.76,One year,Bank transfer,DSL,No,Yes,No,No,3,29.5,2,1,True,12,False,1
6692,18,Male,71,79.68,5684.51,Two year,Bank transfer,DSL,Yes,Yes,No,No,6,87.9,1,2,False,24,False,0
6693,49,Male,22,68.64,1518.19,Month-to-month,Electronic check,No,No,No,Yes,Yes,9,20.5,0,2,False,1,False,0
6694,29,Male,2,117.46,243.55,Month-to-month,Bank transfer,Fiber optic,No,No,Yes,No,8,10.7,4,2,False,1,False,1
6695,70,Female,46,38.35,1816.93,Month-to-month,Credit card,No,No,Yes,No,No,7,6.8,2,1,False,1,True,1
6696,52,Female,17,119.01,2058.28,One year,Bank transfer,Fiber optic,No,No,Yes,Yes,7,25.0,2,1,False,12,False,1
6697,39,Male,35,101.74,3659.6,Month-to-month,Bank transfer,Fiber optic,No,Yes,No,No,3,94.6,2,2,False,1,False,0
6698,33,Male,3,92.79,291.13,Month-to-month,Mailed check,Fiber optic,No,No,No,No,12,38.4,3,2,False,1,False,1
6699,43,Male,56,86.83,4990.35,Month-to-month,Bank transfer,DSL,Yes,No,Yes,No,9,19.1,0,1,False,1,False,0
6700,54,Female,21,106.68,2173.96,One year,Electronic check,Fiber optic,Yes,Yes,Yes,Yes,9,129.6,3,3,False,12,False,1
6701,44,Male,32,69.11,2175.27,One year,Credit card,DSL,Yes,No,No,No,6,15.5,2,3,False,12,False,0
6702,41,Female,1,109.25,107.81,Month-to-month,Credit card,Fiber optic,Yes,Yes,No,No,12,26.3,1,2,False,1,False,1
6703,45,Male,9,93.95,840.27,Month-to-month,Credit card,DSL,No,Yes,Yes,Yes,7,106.9,1,0,True,1,False,1
6704,35,Female,7,117.72,835.05,Two year,Credit card,Fiber optic,No,No,No,No,5,68.7,1,2,False,24,False,0
6705,39,Female,71,81.99,5774.79,One year,Mailed check,DSL,No,Yes,Yes,No,6,127.4,4,1,False,12,False,1
6706,18,Female,4,91.23,363.65,Month-to-month,Credit card,DSL,Yes,No,Yes,Yes,8,36.4,1,4,False,1,False,1
6707,59,Male,29,117.82,3448.6,Two year,Mailed check,Fiber optic,Yes,Yes,Yes,Yes,6,20.0,2,3,False,24,False,1
6708,49,Female,1,55.81,57.54,Month-to-month,Bank transfer,DSL,Yes,No,No,No,8,82.2,3,1,False,1,False,1
6709,33,Male,5,83.95,417.59,Month-to-month,Credit card,DSL,Yes,No,Yes,Yes,5,22.2,2,5,False,1,False,1
6710,73,Female,9,111.75,1018.88,Month-to-month,Mailed check,DSL,Yes,No,Yes,Yes,5,106.1,1,1,False,1,True,0
6711,46,Male,37,65.81,2426.46,Two year,Electronic check,DSL,Yes,Yes,No,No,7,124.0,0,0,False,24,False,1
6712,29,Female,37,50.0,1942.05,Month-to-month,Bank transfer,No,No,Yes,Yes,Yes,12,15.7,0,0,False,1,False,1
6713,57,Female,71,95.23,6305.555,Month-to-month,Electronic check,Fiber optic,No,No,Yes,Yes,6,27.2,1,1,True,1,False,0
6714,50,Male,59,44.53,2637.99,Two year,Credit card,No,No,Yes,No,No,8,95.7,1,2,False,24,False,1
6715,50,Male,2,88.34,182.25,One year,Electronic check,DSL,No,No,Yes,Yes,7,109.8,3,2,False,12,False,1
6716,38,Female,42,85.2,3708.39,One year,Bank transfer,DSL,No,Yes,No,No,9,83.7,3,4,False,12,False,1
6717,51,Female,14,145.06,1934.96,Month-to-month,Credit card,Fiber optic,No,Yes,Yes,Yes,10,114.3,0,1,False,1,False,0
6718,41,Male,48,77.25,3863.78,Month-to-month,Credit card,DSL,No,Yes,No,No,11,45.5,5,0,False,1,False,1
6719,53,Female,2,82.7,171.36,Two year,Electronic check,DSL,Yes,No,No,No,16,46.1,2,2,False,24,False,1
6720,18,Female,41,116.52,4929.66,One year,Credit card,Fiber optic,No,No,No,No,5,31.9,0,1,False,12,False,0
6721,38,Male,4,111.82,450.31,Two year,Bank transfer,Fiber optic,No,No,No,No,7,105.1,6,4,False,24,False,1
6722,70,Male,9,89.29,781.73,Two year,Electronic check,DSL,No,No,Yes,Yes,10,123.5,1,1,True,24,True,0
6723,33,Male,1,78.82,78.83,One year,Credit card,DSL,Yes,No,Yes,Yes,12,84.6,0,2,False,12,False,1
6724,35,Female,3,122.57,378.72,Month-to-month,Bank transfer,Fiber optic,No,Yes,Yes,No,6,70.3,2,2,False,1,False,0
6725,38,Female,14,98.08,1366.48,Month-to-month,Electronic check,DSL,Yes,No,Yes,No,14,69.2,1,2,False,1,False,0
6726,26,Female,40,43.04,1805.5,Month-to-month,Credit card,No,No,No,No,No,2,6.9,2,1,False,1,False,1
6727,18,Male,35,48.84,1662.68,Month-to-month,Electronic check,No,No,No,Yes,Yes,9,104.1,0,2,True,1,False,0
6728,41,Female,6,28.95,180.84,Two year,Electronic check,No,No,No,No,No,11,46.4,0,1,False,24,False,0
6729,47,Male,3,85.18,251.01,Month-to-month,Electronic check,DSL,Yes,No,No,No,8,115.7,2,2,False,1,False,1
6730,44,Male,11,70.25,798.92,Two year,Bank transfer,DSL,No,Yes,No,No,14,105.4,1,2,False,24,False,1
6731,42,Female,51,42.77,2166.98,Two year,Electronic check,No,No,Yes,Yes,No,13,96.6,1,2,False,24,False,1
6732,45,Male,2,67.59,139.68,Two year,Bank transfer,DSL,No,No,No,No,7,84.3,1,3,True,24,False,0
6733,60,Female,18,63.31,1149.75,Two year,Bank transfer,DSL,No,Yes,No,No,9,81.6,0,0,True,24,False,0
6734,42,Male,2,80.51,167.58,One year,Electronic check,DSL,Yes,No,Yes,No,9,7.3,3,3,False,12,False,1
6735,36,Male,15,78.51,1175.12,Two year,Mailed check,DSL,Yes,No,Yes,Yes,8,26.6,2,2,False,24,False,0
6736,40,Male,3,113.93,356.6,One year,Credit card,Fiber optic,No,Yes,No,No,6,52.5,2,3,True,12,False,1
6737,53,Female,2,42.48,81.79,One year,Credit card,No,No,No,No,No,8,28.6,0,2,False,12,False,0
6738,66,Male,5,126.18,650.39,One year,Bank transfer,Fiber optic,Yes,No,Yes,Yes,4,32.4,3,2,False,12,True,0
6739,35,Female,7,107.97,734.69,One year,Electronic check,Fiber optic,No,No,No,No,13,31.2,1,0,False,12,False,1
6740,46,Male,7,105.21,716.58,Month-to-month,Bank transfer,DSL,No,Yes,Yes,Yes,8,38.2,1,2,False,1,False,1
6741,50,Male,24,87.9,2017.96,Month-to-month,Electronic check,Fiber optic,No,No,No,No,2,21.7,2,1,True,1,False,1
6742,30,Male,1,78.3,80.12,Month-to-month,Bank transfer,DSL,No,No,Yes,Yes,10,127.1,3,3,False,1,False,1
6743,45,Female,2,99.37,201.6,Month-to-month,Credit card,DSL,No,No,Yes,No,8,45.4,0,2,False,1,False,1
6744,23,Female,5,59.79,294.02,Month-to-month,Electronic check,DSL,No,No,No,No,8,114.3,2,2,False,1,False,1
6745,18,Female,49,102.71,5272.24,Two year,Bank transfer,Fiber optic,No,No,Yes,Yes,6,7.6,3,2,False,24,False,0
6746,50,Female,23,101.72,2236.18,One year,Credit card,DSL,No,No,Yes,Yes,7,83.9,1,2,True,12,False,0
6747,39,Female,31,47.48,1511.6,Month-to-month,Bank transfer,No,No,Yes,Yes,Yes,5,101.8,1,6,False,1,False,1
6748,48,Male,11,45.84,492.34,Two year,Bank transfer,No,No,Yes,Yes,No,11,81.6,3,4,True,24,False,1
6749,44,Male,5,68.72,328.72,Two year,Credit card,DSL,Yes,No,Yes,No,11,67.9,4,0,True,24,False,0
6750,30,Female,1,122.79,124.47,Two year,Electronic check,Fiber optic,No,No,Yes,No,6,118.9,1,1,False,24,False,1
6751,44,Female,16,108.03,1698.94,One year,Bank transfer,Fiber optic,Yes,Yes,Yes,Yes,13,17.4,2,3,False,12,False,1
6752,26,Female,20,37.14,739.12,Month-to-month,Bank transfer,No,No,Yes,No,No,6,113.2,0,2,False,1,False,0
6753,65,Female,54,45.88,2470.78,Month-to-month,Credit card,No,No,Yes,Yes,Yes,6,113.9,2,3,False,1,True,0
6754,24,Male,51,71.52,3479.98,One year,Mailed check,DSL,No,No,No,No,9,123.5,1,1,False,12,False,1
6755,42,Female,13,84.03,1095.86,Month-to-month,Bank transfer,DSL,No,No,No,No,4,99.2,3,3,True,1,False,0
6756,29,Female,13,74.38,922.4,Month-to-month,Electronic check,DSL,Yes,No,No,No,9,7.4,4,2,False,1,False,1
6757,53,Female,4,107.05,414.62,Two year,Credit card,Fiber optic,No,No,No,No,9,29.1,2,0,True,24,False,1
6758,40,Female,7,79.53,568.78,One year,Credit card,DSL,No,No,No,No,9,78.6,0,2,True,12,False,0
6759,37,Male,62,127.1,6305.555,Month-to-month,Bank transfer,Fiber optic,No,No,Yes,No,4,99.0,2,1,False,1,False,1
6760,57,Male,3,86.53,246.68,Month-to-month,Credit card,DSL,No,Yes,No,No,9,107.3,2,2,True,1,False,1
6761,45,Female,71,53.34,3974.47,Month-to-month,Credit card,No,No,No,Yes,Yes,7,17.6,1,0,True,1,False,0
6762,52,Male,16,75.95,1155.5,Month-to-month,Electronic check,DSL,No,No,Yes,Yes,10,115.5,1,3,True,1,False,1
6763,30,Male,14,86.47,1267.35,One year,Mailed check,DSL,Yes,No,Yes,Yes,4,25.0,2,2,True,12,False,1
6764,23,Female,4,101.86,409.9,Month-to-month,Mailed check,Fiber optic,Yes,No,No,No,8,108.0,3,3,False,1,False,1
6765,46,Female,26,70.56,1810.38,Two year,Bank transfer,DSL,No,Yes,Yes,Yes,4,74.2,5,0,False,24,False,1
6766,40,Male,14,112.85,1596.82,Two year,Bank transfer,Fiber optic,No,Yes,No,No,5,44.8,2,1,False,24,False,0
6767,54,Male,11,138.16,1466.35,One year,Bank transfer,Fiber optic,Yes,Yes,Yes,No,11,107.1,2,1,False,12,False,1
6768,43,Male,7,44.59,311.42,One year,Bank transfer,No,No,Yes,No,No,8,30.8,0,1,False,12,False,0
6769,48,Male,1,37.98,38.7,Month-to-month,Credit card,No,No,No,No,No,8,14.3,2,5,True,1,False,1
6770,20,Male,17,46.68,805.82,One year,Credit card,No,No,Yes,No,No,4,41.3,2,1,False,12,False,0
6771,73,Female,9,106.8,1000.38,One year,Credit card,Fiber optic,No,Yes,No,No,12,125.0,2,1,False,12,True,0
6772,42,Male,29,127.94,3630.26,One year,Mailed check,Fiber optic,No,Yes,Yes,No,7,7.3,1,2,True,12,False,0
6773,55,Male,30,65.07,1868.26,Month-to-month,Electronic check,DSL,Yes,No,Yes,Yes,10,38.9,1,1,False,1,False,1
6774,32,Male,9,104.92,932.24,Month-to-month,Electronic check,Fiber optic,Yes,Yes,Yes,Yes,5,57.7,1,0,False,1,False,0
6775,49,Male,26,34.83,872.33,Month-to-month,Credit card,No,No,Yes,No,No,9,43.9,2,1,False,1,False,0
6776,25,Male,7,87.66,637.75,One year,Credit card,DSL,Yes,No,Yes,Yes,9,11.8,0,3,False,12,False,0
6777,51,Male,31,132.52,4305.85,One year,Credit card,Fiber optic,Yes,Yes,Yes,Yes,10,11.5,1,2,False,12,False,0
6778,39,Male,1,57.19,57.96,One year,Credit card,No,No,Yes,Yes,Yes,7,39.3,2,2,False,12,False,1
6779,45,Male,3,65.2,201.35,One year,Mailed check,No,No,No,Yes,Yes,5,93.9,0,3,True,12,False,1
6780,55,Female,6,88.51,541.51,Month-to-month,Credit card,DSL,No,No,Yes,Yes,6,87.9,5,1,True,1,False,1
6781,26,Female,35,78.59,2763.84,Two year,Credit card,DSL,No,No,Yes,Yes,5,87.8,2,3,False,24,False,0
6782,34,Male,1,79.91,82.53,Month-to-month,Credit card,DSL,No,Yes,Yes,Yes,13,40.1,1,1,False,1,False,1
6783,51,Female,4,124.84,519.0,Month-to-month,Mailed check,Fiber optic,No,No,No,No,13,83.4,2,2,True,1,False,1
6784,76,Female,10,84.43,845.37,One year,Bank transfer,DSL,No,No,Yes,Yes,6,23.9,3,2,False,12,True,0
6785,42,Female,1,75.38,77.73,Month-to-month,Mailed check,DSL,No,No,Yes,Yes,13,77.4,5,2,True,1,False,1
6786,53,Female,34,88.9,2989.39,Month-to-month,Credit card,DSL,Yes,No,Yes,Yes,5,21.2,2,0,False,1,False,0
6787,43,Female,19,55.09,1018.8,One year,Electronic check,DSL,Yes,Yes,No,No,4,89.2,3,0,False,12,False,1
6788,74,Female,55,129.84,6305.555,Two year,Bank transfer,Fiber optic,Yes,Yes,Yes,Yes,12,59.1,1,0,True,24,True,0
6789,18,Male,1,123.29,120.18,Month-to-month,Credit card,Fiber optic,No,No,No,No,8,67.6,4,0,True,1,False,1
6790,46,Male,7,44.63,309.03,Month-to-month,Bank transfer,No,No,No,No,No,8,62.0,3,0,False,1,False,1
6791,20,Female,31,82.04,2579.01,Month-to-month,Bank transfer,DSL,Yes,No,Yes,Yes,10,85.7,1,0,False,1,False,1
6792,18,Male,26,115.18,2896.44,Two year,Credit card,Fiber optic,No,No,No,No,9,22.1,4,1,True,24,False,0
6793,49,Female,6,138.48,849.52,Month-to-month,Credit card,Fiber optic,Yes,Yes,Yes,Yes,11,6.3,2,1,False,1,False,1
6794,47,Male,21,86.57,1890.0,Month-to-month,Bank transfer,DSL,No,No,Yes,Yes,8,97.5,2,1,False,1,False,0
6795,40,Male,37,132.27,4836.5,Month-to-month,Credit card,Fiber optic,Yes,No,Yes,Yes,11,84.5,2,3,False,1,False,0
6796,43,Male,1,82.69,86.61,Month-to-month,Mailed check,DSL,No,Yes,Yes,Yes,15,78.8,4,1,False,1,False,1
6797,80,Female,30,130.64,3993.28,Month-to-month,Credit card,Fiber optic,Yes,Yes,Yes,Yes,5,53.7,1,0,False,1,True,1
6798,41,Male,6,109.77,663.58,Month-to-month,Bank transfer,Fiber optic,No,No,Yes,No,6,87.6,2,4,False,1,False,1
6799,52,Male,70,107.01,6305.555,Month-to-month,Bank transfer,Fiber optic,Yes,No,Yes,Yes,13,39.1,2,6,False,1,False,1
6800,35,Female,18,90.44,1549.2,Month-to-month,Electronic check,DSL,No,Yes,Yes,Yes,6,8.0,5,2,True,1,False,1
6801,49,Female,1,123.55,122.48,Two year,Bank transfer,Fiber optic,Yes,No,No,No,6,115.8,2,2,True,24,False,0
6802,41,Male,12,112.03,1399.71,Two year,Electronic check,Fiber optic,No,Yes,Yes,Yes,8,118.7,5,5,True,24,False,1
6803,38,Female,71,108.82,6305.555,Month-to-month,Bank transfer,Fiber optic,Yes,Yes,No,No,4,51.5,1,3,False,1,False,0
6804,72,Male,31,118.45,3849.24,One year,Credit card,Fiber optic,Yes,No,No,No,12,89.8,2,4,False,12,True,1
6805,62,Male,8,99.89,823.7,One year,Credit card,Fiber optic,Yes,Yes,No,No,4,31.0,2,1,False,12,False,0
6806,47,Female,20,77.49,1585.37,Month-to-month,Electronic check,DSL,No,Yes,No,No,12,109.0,1,2,False,1,False,1
6807,18,Female,21,74.87,1507.32,Month-to-month,Electronic check,DSL,No,No,Yes,Yes,13,96.9,3,2,False,1,False,1
6808,39,Male,1,99.67,104.45,One year,Mailed check,Fiber optic,Yes,No,Yes,Yes,8,107.9,4,1,True,12,False,1
6809,80,Female,4,134.4,526.42,Month-to-month,Bank transfer,Fiber optic,Yes,No,Yes,Yes,8,93.9,3,4,False,1,True,1
6810,41,Male,19,64.09,1186.51,One year,Electronic check,DSL,No,No,Yes,Yes,6,15.3,2,3,False,12,False,0
6811,61,Female,12,68.54,783.77,Month-to-month,Electronic check,DSL,Yes,Yes,Yes,Yes,11,75.2,3,3,False,1,False,1
6812,66,Female,5,79.67,394.43,Month-to-month,Bank transfer,DSL,No,No,No,No,4,38.2,2,1,True,1,True,0
6813,48,Female,35,109.03,3966.66,Two year,Bank transfer,Fiber optic,No,No,Yes,Yes,10,35.2,3,1,False,24,False,1
6814,32,Female,16,115.84,1903.39,One year,Credit card,Fiber optic,No,No,Yes,No,5,84.4,2,1,False,12,False,0
6815,18,Female,8,103.76,837.24,Two year,Bank transfer,Fiber optic,No,Yes,Yes,No,9,90.9,1,1,True,24,False,1
6816,55,Male,4,83.34,341.59,One year,Credit card,DSL,No,Yes,Yes,No,6,27.5,2,2,True,12,False,1
6817,32,Male,22,123.22,2589.61,Month-to-month,Bank transfer,Fiber optic,Yes,Yes,Yes,No,7,64.9,2,4,False,1,False,1
6818,47,Male,26,121.58,3062.46,One year,Credit card,Fiber optic,Yes,No,Yes,Yes,8,12.5,2,5,True,12,False,0
6819,26,Female,26,76.98,1995.1,One year,Electronic check,DSL,Yes,Yes,No,No,7,76.7,1,2,False,12,False,1
6820,41,Male,5,71.54,363.75,One year,Mailed check,DSL,No,No,No,No,6,108.2,1,1,False,12,False,0
6821,45,Male,21,138.05,2919.04,Month-to-month,Credit card,Fiber optic,No,Yes,Yes,Yes,9,103.3,0,1,True,1,False,1
6822,49,Female,56,35.29,1907.8,Month-to-month,Credit card,No,No,No,No,No,7,36.8,2,1,False,1,False,0
6823,28,Female,10,76.08,785.27,Two year,Electronic check,DSL,Yes,Yes,No,No,3,118.9,3,1,False,24,False,1
6824,62,Female,5,43.17,207.99,Two year,Bank transfer,No,No,No,Yes,Yes,9,83.1,1,2,False,24,False,0
6825,36,Male,35,62.91,2147.04,Month-to-month,Credit card,DSL,No,Yes,No,No,10,85.4,3,3,True,1,False,1
6826,19,Male,4,84.16,351.68,Month-to-month,Bank transfer,DSL,No,Yes,No,No,4,105.0,1,1,False,1,False,1
6827,43,Female,7,124.78,911.71,Two year,Electronic check,Fiber optic,Yes,No,Yes,Yes,8,24.7,2,1,False,24,False,1
6828,45,Male,2,126.82,245.15,Month-to-month,Credit card,Fiber optic,Yes,Yes,Yes,Yes,5,27.3,1,5,False,1,False,0
6829,47,Male,7,105.48,718.35,Month-to-month,Credit card,DSL,No,No,Yes,Yes,9,19.3,2,5,False,1,False,1
6830,65,Female,12,132.16,1608.66,One year,Bank transfer,Fiber optic,Yes,No,Yes,Yes,9,54.6,1,2,True,12,True,0
6831,41,Male,1,86.2,89.12,One year,Mailed check,DSL,Yes,Yes,No,No,6,94.8,2,3,False,12,False,1
6832,43,Female,49,109.2,5381.62,Month-to-month,Mailed check,Fiber optic,No,No,No,No,2,92.1,3,3,False,1,False,1
6833,28,Male,17,70.2,1167.19,One year,Credit card,DSL,No,Yes,No,No,6,60.1,1,0,True,12,False,0
6834,57,Female,21,105.9,2176.02,One year,Electronic check,Fiber optic,No,No,Yes,Yes,12,97.5,0,1,False,12,False,1
6835,47,Male,11,118.4,1241.98,One year,Bank transfer,Fiber optic,No,Yes,No,No,3,116.1,2,1,False,12,False,1
6836,38,Male,26,113.58,2807.08,Month-to-month,Electronic check,Fiber optic,Yes,No,Yes,Yes,10,111.2,1,1,False,1,False,1
6837,18,Female,13,153.21,1917.68,Month-to-month,Electronic check,Fiber optic,No,No,Yes,No,11,34.8,2,3,False,1,False,1
6838,66,Female,34,130.14,4642.9,Month-to-month,Credit card,Fiber optic,Yes,No,Yes,Yes,9,72.5,2,2,False,1,True,0
6839,26,Female,41,137.23,5455.52,Month-to-month,Credit card,Fiber optic,No,No,Yes,Yes,9,95.6,0,1,False,1,False,0
6840,36,Female,26,66.1,1727.07,Month-to-month,Electronic check,No,No,No,Yes,Yes,10,126.7,2,4,False,1,False,1
6841,50,Male,16,104.49,1617.0,Month-to-month,Bank transfer,Fiber optic,No,No,Yes,Yes,8,121.6,1,5,False,1,False,1
6842,27,Female,36,115.07,4294.24,Month-to-month,Bank transfer,Fiber optic,Yes,No,Yes,No,6,16.4,2,2,False,1,False,1
6843,22,Female,16,107.17,1742.46,Month-to-month,Electronic check,Fiber optic,Yes,No,No,No,7,101.0,0,1,True,1,False,1
6844,18,Female,2,127.19,260.54,Month-to-month,Credit card,Fiber optic,Yes,No,Yes,No,5,92.5,1,4,False,1,False,0
6845,55,Female,2,91.03,187.81,Month-to-month,Electronic check,DSL,No,No,Yes,Yes,10,118.2,5,1,False,1,False,1
6846,36,Female,71,124.85,6305.555,One year,Mailed check,Fiber optic,No,No,Yes,Yes,5,13.3,1,2,False,12,False,1
6847,80,Male,5,81.66,388.18,Month-to-month,Electronic check,DSL,No,No,Yes,Yes,14,100.6,1,2,False,1,True,1
6848,30,Female,40,73.94,3008.44,Month-to-month,Bank transfer,DSL,Yes,No,Yes,Yes,9,26.9,2,6,False,1,False,1
6849,31,Female,6,113.4,702.35,Month-to-month,Credit card,Fiber optic,No,Yes,Yes,Yes,8,118.2,6,2,True,1,False,0
6850,36,Female,13,93.74,1164.41,One year,Electronic check,DSL,No,Yes,Yes,Yes,13,115.1,0,1,False,12,False,1
6851,48,Male,25,42.61,1068.72,Month-to-month,Bank transfer,No,No,No,Yes,No,6,29.4,0,2,False,1,False,1
6852,37,Male,4,128.92,498.76,Two year,Electronic check,Fiber optic,Yes,No,Yes,No,3,101.9,1,2,True,24,False,0
6853,54,Male,32,126.07,3918.37,One year,Credit card,Fiber optic,No,No,Yes,No,9,66.9,4,4,False,12,False,1
6854,30,Female,28,75.51,2186.62,Month-to-month,Bank transfer,DSL,No,No,No,No,8,33.4,1,3,True,1,False,0
6855,24,Female,18,111.23,1994.11,Month-to-month,Bank transfer,Fiber optic,Yes,No,No,No,5,89.6,4,1,True,1,False,0
6856,18,Male,20,125.67,2434.12,One year,Credit card,Fiber optic,Yes,No,No,No,7,59.5,6,3,True,12,False,0
6857,18,Male,2,78.04,159.92,Month-to-month,Electronic check,DSL,Yes,Yes,Yes,Yes,7,70.1,4,3,True,1,False,1
6858,37,Female,13,45.01,608.03,Month-to-month,Electronic check,No,No,Yes,Yes,Yes,7,97.0,1,2,True,1,False,0
6859,40,Female,2,89.05,181.29,Month-to-month,Bank transfer,DSL,No,No,Yes,No,7,93.7,0,0,False,1,False,1
6860,35,Female,8,121.76,1015.07,Two year,Electronic check,Fiber optic,Yes,Yes,No,No,10,32.7,3,1,True,24,False,0
6861,63,Male,55,92.72,4990.72,Month-to-month,Bank transfer,Fiber optic,No,No,No,No,3,85.7,3,2,True,1,False,1
6862,63,Female,20,40.46,803.76,Month-to-month,Mailed check,No,No,No,Yes,Yes,11,128.4,1,2,False,1,False,0
6863,39,Female,32,91.15,2801.69,Month-to-month,Electronic check,Fiber optic,Yes,No,No,No,4,91.0,4,3,False,1,False,1
6864,18,Male,20,101.65,1946.27,One year,Electronic check,Fiber optic,Yes,No,Yes,No,5,83.3,3,1,False,12,False,1
6865,36,Male,5,39.36,194.89,One year,Bank transfer,No,No,No,No,No,9,127.6,0,5,True,12,False,0
6866,36,Male,21,113.86,2434.61,Month-to-month,Bank transfer,Fiber optic,Yes,Yes,No,No,4,16.8,2,1,True,1,False,0
6867,35,Female,33,109.94,3720.28,One year,Bank transfer,Fiber optic,No,No,No,No,8,28.8,2,2,False,12,False,1
6868,34,Male,3,122.41,354.41,Month-to-month,Bank transfer,Fiber optic,Yes,No,Yes,Yes,6,85.8,3,6,True,1,False,1
6869,35,Male,40,106.85,4322.61,One year,Electronic check,Fiber optic,Yes,No,Yes,No,10,66.5,2,1,False,12,False,1
6870,39,Female,19,70.25,1338.08,Month-to-month,Electronic check,DSL,Yes,No,Yes,Yes,5,57.7,3,3,False,1,False,1
6871,35,Female,1,65.78,67.81,One year,Mailed check,DSL,Yes,No,Yes,Yes,12,128.1,1,2,False,12,False,0
6872,48,Male,17,117.81,2048.57,Two year,Bank transfer,Fiber optic,No,No,No,No,15,128.5,4,5,False,24,False,1
6873,50,Female,12,91.33,1095.96,One year,Electronic check,DSL,No,No,Yes,No,9,129.3,2,1,False,12,False,0
6874,31,Male,8,130.53,1017.74,Month-to-month,Electronic check,Fiber optic,Yes,Yes,Yes,Yes,11,129.7,4,1,False,1,False,1
6875,64,Female,35,106.24,3858.61,One year,Credit card,Fiber optic,Yes,No,Yes,No,8,23.5,3,2,False,12,False,0
6876,30,Female,55,112.96,6006.06,Month-to-month,Bank transfer,Fiber optic,No,No,No,No,6,95.6,2,1,False,1,False,0
6877,20,Male,34,97.95,3250.38,Two year,Credit card,DSL,Yes,No,Yes,Yes,4,23.5,0,0,False,24,False,0
6878,50,Male,45,83.93,3842.67,Month-to-month,Credit card,Fiber optic,Yes,Yes,No,No,10,124.1,2,5,True,1,False,0
6879,32,Male,57,71.78,4103.06,One year,Mailed check,No,No,No,Yes,Yes,8,50.5,0,3,False,12,False,0
6880,49,Female,58,120.78,6305.555,Month-to-month,Electronic check,Fiber optic,No,Yes,Yes,No,11,72.5,1,2,False,1,False,1
6881,18,Male,2,64.57,128.94,Month-to-month,Credit card,DSL,Yes,No,No,No,8,16.4,2,2,False,1,False,1
6882,65,Female,14,136.72,1840.95,Month-to-month,Bank transfer,Fiber optic,Yes,Yes,Yes,No,8,12.5,1,2,False,1,True,1
6883,55,Female,1,103.18,99.14,Month-to-month,Bank transfer,Fiber optic,Yes,No,Yes,Yes,7,106.3,1,3,False,1,False,0
6884,22,Male,16,123.44,1926.86,Month-to-month,Mailed check,Fiber optic,No,Yes,No,No,6,83.6,3,2,True,1,False,0
6885,22,Female,61,84.2,4967.64,Month-to-month,Credit card,Fiber optic,Yes,No,No,No,10,69.8,0,0,False,1,False,1
6886,70,Female,5,66.22,347.38,Month-to-month,Credit card,DSL,Yes,Yes,No,No,7,19.5,1,2,False,1,True,0
6887,33,Male,24,72.14,1810.63,One year,Electronic check,DSL,No,No,No,No,7,103.7,1,0,False,12,False,1
6888,32,Female,24,85.26,2092.13,Month-to-month,Credit card,DSL,No,No,Yes,No,6,57.4,2,3,False,1,False,0
6889,18,Female,4,51.73,213.95,Two year,Electronic check,DSL,No,No,No,No,8,30.9,1,1,False,24,False,1
6890,39,Male,6,127.68,796.59,One year,Bank transfer,Fiber optic,No,Yes,Yes,No,7,96.6,3,3,False,12,False,0
6891,41,Male,14,106.02,1488.69,Two year,Electronic check,Fiber optic,No,No,No,No,6,81.2,1,4,False,24,False,1
6892,55,Female,5,130.44,672.31,Month-to-month,Electronic check,Fiber optic,Yes,No,Yes,No,8,33.1,1,1,True,1,False,1
6893,24,Female,21,77.2,1686.46,Month-to-month,Bank transfer,DSL,Yes,No,Yes,Yes,5,71.9,3,0,False,1,False,0
6894,22,Female,15,121.05,1734.12,One year,Bank transfer,Fiber optic,Yes,No,Yes,Yes,5,115.8,3,1,False,12,False,1
6895,51,Female,17,111.73,1957.57,One year,Credit card,Fiber optic,Yes,No,Yes,No,5,74.1,5,3,False,12,False,1
6896,60,Male,3,56.88,163.52,One year,Bank transfer,No,No,No,Yes,No,7,35.2,1,4,True,12,False,0
6897,21,Female,17,50.11,889.71,Two year,Bank transfer,DSL,Yes,Yes,No,No,4,63.7,3,2,True,24,False,0
6898,61,Female,1,101.81,103.57,One year,Credit card,DSL,Yes,No,Yes,Yes,10,43.8,3,3,False,12,False,1
6899,45,Female,51,118.4,6305.555,Month-to-month,Credit card,Fiber optic,No,Yes,Yes,Yes,8,24.1,2,3,False,1,False,1
6900,61,Female,10,95.31,943.83,Two year,Mailed check,Fiber optic,No,Yes,No,No,4,9.0,2,6,True,24,False,1
6901,43,Male,46,21.0,1000.73,One year,Credit card,No,No,No,No,No,8,120.6,1,1,True,12,False,0
6902,18,Female,29,134.95,4092.11,Month-to-month,Bank transfer,Fiber optic,Yes,No,Yes,Yes,13,105.9,2,2,True,1,False,1
6903,42,Male,34,118.45,3944.33,Month-to-month,Credit card,Fiber optic,Yes,No,Yes,No,10,115.9,2,1,False,1,False,1
6904,60,Male,9,116.91,1090.18,One year,Electronic check,Fiber optic,No,Yes,Yes,Yes,5,83.2,3,6,False,12,False,1
6905,31,Male,6,78.2,463.29,One year,Bank transfer,DSL,No,Yes,Yes,Yes,8,97.9,2,1,False,12,False,0
6906,39,Male,12,67.16,799.34,Two year,Bank transfer,No,No,No,Yes,Yes,7,87.2,0,2,False,24,False,1
6907,42,Male,1,72.47,75.16,Month-to-month,Bank transfer,DSL,Yes,No,Yes,Yes,11,49.5,1,5,True,1,False,1
6908,18,Female,60,81.0,4879.13,One year,Credit card,DSL,No,Yes,No,No,9,115.4,3,2,True,12,False,1
6909,70,Male,11,49.6,540.4,Two year,Mailed check,No,No,No,Yes,No,6,44.7,1,2,False,24,True,1
6910,31,Male,71,77.91,5414.24,One year,Electronic check,DSL,No,Yes,Yes,Yes,10,129.7,6,3,True,12,False,1
6911,52,Male,34,72.21,2439.71,Month-to-month,Credit card,DSL,No,No,Yes,Yes,5,124.5,2,0,False,1,False,0
6912,43,Female,2,90.08,184.31,Month-to-month,Electronic check,DSL,No,No,Yes,Yes,6,25.5,3,3,False,1,False,1
6913,63,Male,25,117.63,2996.57,One year,Electronic check,Fiber optic,No,No,No,No,7,74.4,4,3,False,12,False,1
6914,51,Female,7,68.79,495.13,Month-to-month,Credit card,DSL,No,Yes,No,No,8,27.6,1,3,False,1,False,0
6915,41,Male,6,79.29,487.9,Two year,Electronic check,DSL,Yes,Yes,Yes,No,15,10.5,0,2,False,24,False,1
6916,31,Male,7,143.27,988.93,Month-to-month,Mailed check,Fiber optic,No,Yes,Yes,No,9,50.2,2,2,False,1,False,0
6917,56,Female,59,44.28,2700.98,One year,Credit card,No,No,Yes,No,No,7,97.9,4,2,False,12,False,0
6918,18,Female,16,90.4,1379.69,Month-to-month,Electronic check,DSL,No,No,Yes,No,7,24.4,2,3,True,1,False,1
6919,54,Female,26,116.2,2878.74,Month-to-month,Mailed check,Fiber optic,Yes,No,No,No,11,57.3,1,0,False,1,False,0
6920,28,Male,7,104.15,762.3,One year,Credit card,Fiber optic,No,Yes,No,No,8,69.7,2,3,False,12,False,0
6921,63,Female,17,64.72,1141.66,Month-to-month,Electronic check,DSL,Yes,No,Yes,Yes,6,77.4,6,2,False,1,False,1
6922,47,Female,10,63.17,625.55,One year,Credit card,DSL,Yes,No,No,No,11,127.9,0,2,False,12,False,1
6923,54,Female,9,130.08,1210.88,Month-to-month,Electronic check,Fiber optic,No,No,Yes,Yes,4,77.9,2,0,False,1,False,1
6924,46,Female,6,94.49,575.45,One year,Credit card,Fiber optic,Yes,No,No,No,10,15.9,2,0,True,12,False,0
6925,18,Female,12,80.31,931.92,Month-to-month,Bank transfer,DSL,No,Yes,No,No,5,53.9,2,0,False,1,False,1
6926,32,Male,25,85.93,2138.83,Month-to-month,Electronic check,DSL,Yes,No,No,No,9,54.9,2,0,False,1,False,0
6927,55,Female,6,99.54,571.16,Month-to-month,Electronic check,DSL,Yes,No,Yes,No,9,77.1,2,1,False,1,False,0
6928,47,Male,71,95.26,6305.555,One year,Mailed check,Fiber optic,Yes,No,No,No,3,73.4,2,1,False,12,False,1
6929,62,Female,3,94.67,275.69,Month-to-month,Electronic check,Fiber optic,Yes,No,Yes,Yes,10,58.7,0,3,True,1,False,1
6930,51,Female,15,110.72,1714.18,Month-to-month,Electronic check,Fiber optic,No,No,No,No,7,81.2,2,3,False,1,False,1
6931,30,Male,2,130.65,267.5,One year,Mailed check,Fiber optic,Yes,No,Yes,Yes,10,34.3,2,1,False,12,False,1
6932,33,Male,1,66.38,63.47,Month-to-month,Bank transfer,No,No,No,Yes,No,5,111.2,3,0,False,1,False,0
6933,46,Male,61,45.87,2808.69,One year,Electronic check,No,No,Yes,Yes,Yes,16,82.7,1,1,False,12,False,0
6934,18,Male,39,113.5,4526.52,One year,Bank transfer,Fiber optic,No,Yes,No,No,7,66.9,2,1,False,12,False,0
6935,70,Female,28,114.04,3232.48,Month-to-month,Electronic check,Fiber optic,Yes,Yes,Yes,Yes,3,71.5,3,2,False,1,True,1
6936,51,Male,48,74.88,3433.93,Month-to-month,Electronic check,DSL,No,Yes,Yes,Yes,8,77.1,2,0,True,1,False,1
6937,63,Female,38,88.55,3263.06,One year,Credit card,DSL,No,Yes,Yes,Yes,7,64.7,1,4,True,12,False,1
6938,21,Female,25,96.93,2395.23,Month-to-month,Electronic check,Fiber optic,Yes,No,No,No,10,118.4,6,1,False,1,False,1
6939,63,Female,45,38.57,1671.08,Month-to-month,Credit card,No,No,No,Yes,Yes,8,66.6,2,4,False,1,False,1
6940,78,Male,11,87.0,923.17,One year,Electronic check,DSL,No,Yes,Yes,Yes,3,105.4,1,1,False,12,True,1
6941,25,Male,19,126.93,2384.25,Month-to-month,Bank transfer,Fiber optic,Yes,Yes,Yes,No,15,22.0,0,2,False,1,False,0
6942,56,Male,35,67.92,2374.96,Month-to-month,Bank transfer,No,No,No,Yes,Yes,11,9.9,3,0,False,1,False,1
6943,45,Female,2,114.39,218.87,Month-to-month,Electronic check,Fiber optic,No,No,Yes,Yes,7,38.9,2,2,False,1,False,1
6944,21,Male,46,126.61,5957.81,One year,Credit card,Fiber optic,Yes,No,Yes,Yes,10,43.0,0,0,True,12,False,1
6945,52,Male,4,79.72,320.25,One year,Bank transfer,DSL,Yes,Yes,Yes,Yes,10,121.9,2,2,False,12,False,0
6946,57,Female,47,90.78,4463.43,One year,Bank transfer,DSL,Yes,Yes,No,No,10,106.9,0,2,False,12,False,0
6947,35,Male,8,70.05,548.1,Two year,Electronic check,DSL,No,No,No,No,13,21.8,4,3,False,24,False,1
6948,62,Female,9,108.99,957.44,Month-to-month,Bank transfer,Fiber optic,Yes,Yes,Yes,No,5,114.6,0,0,False,1,False,0
6949,19,Male,1,82.57,81.24,Month-to-month,Electronic check,DSL,Yes,No,No,No,9,37.8,1,2,False,1,False,1
6950,22,Male,52,90.36,4719.42,Month-to-month,Bank transfer,DSL,No,Yes,Yes,Yes,12,64.7,5,2,False,1,False,1
6951,47,Male,4,118.22,463.68,Month-to-month,Credit card,Fiber optic,Yes,Yes,No,No,6,11.0,3,2,True,1,False,1
6952,45,Male,23,101.42,2286.83,Month-to-month,Credit card,Fiber optic,No,No,Yes,No,10,40.7,1,2,False,1,False,1
6953,34,Male,24,98.03,2437.3,Month-to-month,Bank transfer,Fiber optic,No,Yes,No,No,4,9.9,1,2,True,1,False,0
6954,57,Female,7,32.78,220.22,One year,Bank transfer,No,No,Yes,No,No,6,99.5,2,2,False,12,False,0
6955,52,Male,71,93.58,6305.555,Month-to-month,Credit card,DSL,No,Yes,Yes,No,9,59.5,1,2,False,1,False,1
6956,57,Male,1,111.67,114.51,One year,Credit card,Fiber optic,Yes,No,Yes,Yes,3,80.9,5,1,False,12,False,1
6957,43,Male,22,137.18,3155.83,Month-to-month,Electronic check,Fiber optic,No,No,Yes,Yes,4,112.0,1,3,True,1,False,1
6958,54,Male,15,87.16,1357.3,Two year,Credit card,DSL,No,No,No,No,9,43.2,3,1,False,24,False,1
6959,38,Male,6,115.61,673.7,One year,Bank transfer,Fiber optic,No,No,No,No,10,100.7,2,5,True,12,False,0
6960,75,Male,4,119.22,475.0,One year,Credit card,Fiber optic,Yes,No,Yes,No,10,106.9,1,1,True,12,True,1
6961,32,Male,32,108.24,3491.89,Two year,Mailed check,Fiber optic,Yes,Yes,No,No,5,19.2,6,1,True,24,False,0
6962,76,Female,59,86.52,5015.3,Two year,Bank transfer,DSL,No,Yes,Yes,Yes,9,50.4,3,1,False,24,True,0
6963,45,Female,2,90.93,178.56,Month-to-month,Mailed check,Fiber optic,No,Yes,No,No,10,34.6,2,3,False,1,False,1
6964,24,Male,5,37.97,183.87,Month-to-month,Electronic check,No,No,Yes,No,No,8,54.7,0,1,False,1,False,1
6965,65,Female,71,85.32,5866.85,One year,Electronic check,DSL,Yes,Yes,Yes,Yes,8,128.0,3,3,False,12,True,1
6966,46,Male,1,119.9,123.24,Month-to-month,Credit card,Fiber optic,Yes,Yes,Yes,Yes,7,75.5,5,4,True,1,False,1
6967,57,Female,17,115.97,1961.22,Month-to-month,Credit card,Fiber optic,Yes,Yes,No,No,7,101.6,5,2,False,1,False,1
6968,63,Male,17,55.04,970.47,Month-to-month,Electronic check,DSL,No,No,No,No,7,83.2,1,1,False,1,False,1
6969,50,Male,7,96.49,654.62,Month-to-month,Credit card,Fiber optic,Yes,No,No,No,4,106.5,1,0,False,1,False,1
6970,36,Female,26,88.58,2273.45,Month-to-month,Electronic check,DSL,No,No,No,No,4,30.8,4,4,False,1,False,1
6971,59,Male,69,39.21,2666.35,Month-to-month,Credit card,No,No,No,No,No,10,7.6,3,2,False,1,False,1
6972,45,Female,14,117.15,1657.38,Month-to-month,Bank transfer,Fiber optic,Yes,No,Yes,Yes,12,53.1,1,0,False,1,False,0
6973,55,Male,33,33.65,1109.12,Month-to-month,Credit card,No,No,No,No,No,8,41.4,2,1,True,1,False,0
6974,18,Male,24,90.65,2198.95,Month-to-month,Credit card,DSL,Yes,No,Yes,No,6,93.8,5,4,True,1,False,0
6975,51,Male,15,76.94,1137.33,One year,Electronic check,DSL,No,No,Yes,No,9,52.1,0,6,False,12,False,0
6976,35,Male,1,94.53,98.7,Month-to-month,Credit card,Fiber optic,No,Yes,No,No,11,84.5,2,3,True,1,False,1
6977,69,Female,32,33.3,1111.77,Two year,Credit card,No,No,Yes,No,No,9,106.7,4,4,False,24,True,0
6978,54,Male,10,88.22,906.73,Month-to-month,Mailed check,Fiber optic,Yes,No,No,No,7,124.1,2,1,False,1,False,1
6979,48,Female,6,147.71,930.19,Two year,Electronic check,Fiber optic,No,Yes,Yes,Yes,4,10.7,2,2,False,24,False,0
6980,52,Female,71,136.71,6305.555,Month-to-month,Electronic check,Fiber optic,Yes,Yes,Yes,Yes,11,88.9,2,0,True,1,False,0
6981,30,Male,35,95.22,3310.24,Two year,Mailed check,DSL,Yes,Yes,Yes,Yes,6,74.2,3,3,False,24,False,0
6982,69,Male,71,130.6,6305.555,Month-to-month,Electronic check,Fiber optic,No,No,Yes,Yes,3,129.4,5,3,False,1,True,0
6983,74,Female,7,100.42,695.18,One year,Credit card,Fiber optic,Yes,No,No,No,13,45.7,2,1,False,12,True,1
6984,50,Female,43,72.79,3044.78,Month-to-month,Credit card,DSL,Yes,Yes,No,No,10,90.9,1,0,False,1,False,1
6985,68,Male,22,81.76,1716.56,One year,Bank transfer,DSL,Yes,Yes,Yes,Yes,7,17.1,3,2,True,12,True,0
6986,36,Female,71,100.39,6305.555,Month-to-month,Credit card,Fiber optic,No,No,No,No,9,100.4,2,4,False,1,False,1
6987,33,Female,70,128.04,6305.555,One year,Credit card,Fiber optic,No,Yes,No,No,7,93.2,2,3,True,12,False,1
6988,45,Female,71,117.95,6305.555,One year,Bank transfer,Fiber optic,No,No,Yes,No,10,40.2,1,2,True,12,False,1
6989,51,Male,71,95.36,6305.555,Two year,Bank transfer,DSL,Yes,Yes,Yes,Yes,3,69.1,0,2,True,24,False,0
6990,39,Female,1,102.51,102.9,One year,Electronic check,Fiber optic,Yes,No,Yes,Yes,6,76.3,0,0,True,12,False,1
6991,53,Female,32,131.25,4341.66,Month-to-month,Bank transfer,Fiber optic,No,No,Yes,Yes,10,106.1,0,2,False,1,False,1
6992,49,Female,7,112.88,786.85,Month-to-month,Credit card,Fiber optic,Yes,No,Yes,Yes,4,64.2,3,3,False,1,False,0
6993,30,Female,29,96.67,2918.82,One year,Credit card,Fiber optic,No,No,No,No,11,48.6,5,3,True,12,False,0
6994,52,Male,71,96.82,6305.555,Month-to-month,Credit card,Fiber optic,Yes,Yes,No,No,5,89.7,1,3,False,1,False,1
6995,57,Male,1,123.63,119.95,Two year,Credit card,Fiber optic,Yes,No,No,No,7,64.7,2,3,True,24,False,1
6996,47,Female,20,101.7,2054.06,Month-to-month,Bank transfer,Fiber optic,No,Yes,No,No,6,126.1,5,5,False,1,False,1
6997,62,Female,31,105.89,3384.42,Month-to-month,Bank transfer,Fiber optic,Yes,No,Yes,No,6,114.0,4,6,False,1,False,1
6998,26,Female,7,78.89,524.89,One year,Bank transfer,DSL,No,No,Yes,Yes,8,55.0,1,2,True,12,False,1
6999,52,Male,6,97.87,572.75,Month-to-month,Mailed check,DSL,No,Yes,Yes,Yes,9,96.0,3,1,True,1,False,1
7000,27,Male,1,72.11,70.3,One year,Credit card,DSL,No,Yes,No,No,7,58.2,2,0,False,12,False,0
7001,28,Female,2,79.5,159.19,Month-to-month,Electronic check,DSL,Yes,No,No,No,6,6.7,2,5,True,1,False,1
7002,35,Female,25,110.79,2802.16,Month-to-month,Electronic check,Fiber optic,Yes,No,Yes,Yes,8,61.0,3,5,False,1,False,1
7003,30,Male,16,125.6,2018.18,Two year,Credit card,Fiber optic,Yes,No,No,No,8,118.0,2,2,True,24,False,0
7004,36,Female,1,122.8,119.66,Month-to-month,Credit card,Fiber optic,No,No,Yes,Yes,7,108.9,6,5,True,1,False,1
7005,41,Female,71,140.61,6305.555,One year,Credit card,Fiber optic,Yes,No,Yes,Yes,6,18.6,2,4,False,12,False,1
7006,57,Male,25,105.84,2718.59,Month-to-month,Credit card,Fiber optic,Yes,No,No,No,7,51.7,2,1,False,1,False,0
7007,40,Male,17,83.18,1433.26,One year,Bank transfer,DSL,No,No,Yes,Yes,5,73.2,4,3,False,12,False,0
7008,21,Male,7,87.22,602.73,Month-to-month,Credit card,DSL,No,Yes,No,No,13,90.3,4,1,False,1,False,1
7009,62,Male,25,116.8,2869.8,Month-to-month,Credit card,Fiber optic,Yes,Yes,No,No,1,60.3,2,6,False,1,False,0
7010,32,Male,10,69.33,710.07,Month-to-month,Electronic check,DSL,Yes,No,No,No,7,122.6,1,0,True,1,False,1
7011,44,Female,29,71.48,1994.78,Month-to-month,Electronic check,DSL,No,No,No,No,9,113.8,5,3,True,1,False,1
7012,51,Male,27,90.79,2337.06,Two year,Electronic check,DSL,Yes,Yes,Yes,Yes,12,62.4,3,1,False,24,False,0
7013,47,Male,2,67.1,140.48,Month-to-month,Bank transfer,DSL,Yes,No,No,No,3,112.9,2,6,False,1,False,1
7014,61,Male,57,73.63,4385.51,One year,Credit card,DSL,Yes,Yes,No,No,6,21.6,4,3,False,12,False,1
7015,52,Male,16,143.89,2404.18,Month-to-month,Credit card,Fiber optic,No,No,Yes,No,4,68.7,1,1,True,1,False,1
7016,32,Male,11,88.26,975.47,Month-to-month,Credit card,DSL,No,No,Yes,No,7,78.1,1,3,False,1,False,0
7017,77,Male,71,80.9,5589.91,Month-to-month,Bank transfer,DSL,Yes,No,No,No,4,65.1,0,2,False,1,True,0
7018,47,Female,13,129.96,1689.51,Month-to-month,Bank transfer,Fiber optic,No,Yes,Yes,Yes,7,32.4,3,2,False,1,False,1
7019,42,Male,30,73.34,2169.41,Month-to-month,Bank transfer,DSL,No,No,No,No,3,17.2,0,0,False,1,False,1
7020,59,Female,25,102.47,2582.03,Month-to-month,Bank transfer,Fiber optic,No,Yes,Yes,Yes,11,91.3,1,2,False,1,False,0
7021,48,Female,4,77.68,323.14,One year,Bank transfer,DSL,Yes,Yes,Yes,Yes,10,51.1,4,4,False,12,False,1
7022,50,Male,71,34.2,2454.3,Month-to-month,Credit card,No,No,Yes,No,No,10,85.1,3,1,True,1,False,0
7023,80,Male,14,90.28,1304.01,Month-to-month,Bank transfer,Fiber optic,Yes,Yes,No,No,6,27.3,1,2,True,1,True,1
7024,40,Female,12,86.56,1037.71,Month-to-month,Electronic check,DSL,Yes,Yes,No,No,12,118.6,3,3,False,1,False,1
7025,40,Female,60,95.11,5964.25,One year,Bank transfer,DSL,Yes,Yes,Yes,Yes,7,109.6,3,3,False,12,False,0
7026,46,Female,18,91.46,1641.63,Month-to-month,Bank transfer,DSL,Yes,Yes,Yes,Yes,11,123.9,4,1,False,1,False,1
7027,61,Male,29,115.97,3434.17,Two year,Credit card,Fiber optic,No,Yes,No,No,13,121.4,1,1,False,24,False,1
7028,22,Female,44,138.06,6048.77,Month-to-month,Bank transfer,Fiber optic,Yes,No,Yes,No,6,60.7,2,1,False,1,False,1
7029,18,Male,6,86.27,512.6,Month-to-month,Electronic check,DSL,No,No,Yes,Yes,11,113.6,5,2,False,1,False,1
7030,36,Male,4,43.48,178.24,Month-to-month,Credit card,No,No,Yes,Yes,No,6,9.8,2,3,False,1,False,1
7031,20,Female,1,89.8,92.0,Month-to-month,Bank transfer,DSL,No,Yes,Yes,Yes,7,117.7,0,3,True,1,False,1
7032,38,Male,54,129.68,6305.555,One year,Credit card,Fiber optic,No,No,Yes,Yes,7,85.7,2,0,False,12,False,1
7033,52,Male,5,35.36,175.2,Month-to-month,Credit card,No,No,No,Yes,Yes,8,86.3,1,3,False,1,False,1
7034,31,Female,8,140.04,1065.26,Month-to-month,Electronic check,Fiber optic,Yes,No,Yes,No,10,101.9,3,2,False,1,False,1
7035,23,Female,8,134.27,1022.43,Month-to-month,Credit card,Fiber optic,Yes,No,Yes,Yes,6,88.1,2,1,False,1,False,0
7036,46,Male,8,40.91,315.66,Month-to-month,Credit card,No,No,No,No,No,7,118.2,0,3,True,1,False,0
7037,57,Female,26,45.75,1220.77,Two year,Credit card,No,No,No,Yes,No,6,39.9,3,1,True,24,False,0
7038,19,Male,71,42.55,2933.51,Two year,Credit card,No,No,Yes,No,No,11,72.6,4,3,False,24,False,1
7039,57,Female,9,65.75,617.82,Month-to-month,Electronic check,DSL,Yes,No,No,No,9,48.2,2,1,True,1,False,0
7040,57,Female,12,64.24,747.26,Month-to-month,Bank transfer,DSL,No,No,No,No,6,108.7,3,1,False,1,False,1
7041,59,Female,35,79.98,2907.47,Two year,Credit card,DSL,Yes,No,Yes,Yes,7,82.0,0,1,False,24,False,1
7042,63,Female,13,139.16,1890.57,One year,Bank transfer,Fiber optic,No,No,Yes,Yes,5,98.9,0,1,False,12,False,0
7043,78,Male,62,94.11,5792.46,Two year,Bank transfer,DSL,No,No,No,No,7,66.2,4,2,False,24,True,1
7044,39,Female,16,101.07,1620.79,Month-to-month,Bank transfer,DSL,No,Yes,Yes,Yes,6,40.2,2,0,False,1,False,1
7045,46,Male,10,73.15,718.38,Month-to-month,Credit card,DSL,No,No,No,No,7,122.3,0,2,False,1,False,0
7046,38,Male,71,114.38,6305.555,One year,Bank transfer,Fiber optic,Yes,Yes,No,No,3,128.6,3,1,False,12,False,1
7047,45,Female,13,107.09,1393.55,Month-to-month,Credit card,Fiber optic,No,No,No,No,8,128.6,3,0,False,1,False,1
7048,67,Female,6,69.4,436.45,One year,Credit card,DSL,Yes,No,No,No,6,75.4,2,2,True,12,True,1
7049,24,Female,4,131.43,550.37,Month-to-month,Electronic check,Fiber optic,No,No,Yes,Yes,12,60.7,3,1,False,1,False,1
7050,32,Female,71,92.22,6305.555,One year,Electronic check,DSL,No,Yes,Yes,Yes,7,110.2,1,3,True,12,False,0
7051,65,Female,33,87.31,2839.82,Month-to-month,Credit card,DSL,Yes,No,Yes,No,5,111.7,1,5,False,1,True,1
7052,60,Male,12,41.48,476.97,Month-to-month,Electronic check,No,No,No,No,No,9,5.4,2,6,True,1,False,1
7053,39,Female,42,110.5,4719.48,One year,Credit card,Fiber optic,Yes,No,No,No,9,113.2,2,2,False,12,False,1
7054,57,Male,18,67.34,1257.38,One year,Credit card,DSL,No,Yes,No,No,8,71.1,3,1,True,12,False,0
7055,50,Male,9,33.92,300.84,One year,Bank transfer,No,No,Yes,No,No,10,110.6,0,5,True,12,False,0
7056,67,Male,32,56.22,1882.29,Two year,Credit card,DSL,Yes,Yes,No,No,6,114.1,2,2,False,24,True,0
7057,46,Male,32,114.26,3806.5,One year,Credit card,Fiber optic,Yes,No,No,No,9,122.8,2,3,True,12,False,1
7058,60,Female,16,102.89,1667.58,One year,Mailed check,Fiber optic,No,Yes,Yes,Yes,6,27.0,4,1,False,12,False,1
7059,80,Female,1,90.88,87.4,One year,Bank transfer,Fiber optic,Yes,No,No,No,13,5.1,3,1,False,12,True,1
7060,53,Male,1,114.37,118.86,Month-to-month,Electronic check,Fiber optic,Yes,Yes,Yes,No,3,82.0,1,0,False,1,False,1
7061,45,Male,37,97.06,3455.76,Two year,Electronic check,DSL,Yes,No,Yes,Yes,7,77.1,1,1,True,24,False,1
7062,55,Female,41,112.47,4621.87,Month-to-month,Electronic check,Fiber optic,Yes,Yes,No,No,11,46.4,1,4,False,1,False,1
7063,39,Male,27,63.93,1643.12,One year,Electronic check,DSL,No,Yes,No,No,12,69.2,1,1,False,12,False,1
7064,80,Female,43,127.04,5274.03,Month-to-month,Electronic check,Fiber optic,Yes,No,No,No,10,76.5,2,1,False,1,True,1
7065,47,Male,30,108.18,3266.08,Month-to-month,Credit card,Fiber optic,Yes,No,Yes,Yes,5,85.2,2,2,False,1,False,0
7066,40,Female,54,124.39,6305.555,Month-to-month,Electronic check,Fiber optic,No,Yes,Yes,Yes,11,11.9,4,1,False,1,False,1
7067,32,Male,3,136.79,396.06,One year,Electronic check,Fiber optic,No,Yes,Yes,Yes,4,102.1,5,4,False,12,False,1
7068,61,Male,11,85.4,913.16,Month-to-month,Electronic check,DSL,Yes,No,Yes,No,7,57.1,1,2,True,1,False,0
7069,58,Male,14,104.79,1399.98,Month-to-month,Electronic check,DSL,Yes,No,Yes,No,8,110.6,0,3,False,1,False,1
7070,37,Female,8,96.39,777.26,One year,Credit card,DSL,Yes,Yes,Yes,No,4,91.9,2,6,True,12,False,1
7071,53,Female,31,21.33,678.68,Month-to-month,Bank transfer,No,No,No,No,No,7,103.2,1,2,True,1,False,0
7072,22,Female,58,118.53,6305.555,Month-to-month,Mailed check,Fiber optic,Yes,No,Yes,No,4,51.7,3,1,False,1,False,1
7073,47,Male,12,44.31,527.27,Month-to-month,Bank transfer,No,No,No,No,No,6,91.2,1,3,True,1,False,0
7074,51,Male,68,71.63,4891.65,One year,Electronic check,DSL,Yes,No,Yes,No,8,72.0,2,4,True,12,False,0
7075,70,Male,17,131.96,2248.33,Month-to-month,Electronic check,Fiber optic,No,No,Yes,Yes,5,23.3,4,5,False,1,True,1
7076,33,Male,17,121.04,2054.58,Two year,Credit card,Fiber optic,No,No,No,No,5,23.5,3,6,True,24,False,1
7077,25,Male,22,102.01,2153.45,Month-to-month,Credit card,Fiber optic,Yes,No,No,No,10,45.2,1,2,False,1,False,0
7078,31,Male,7,130.63,891.44,Month-to-month,Bank transfer,Fiber optic,No,Yes,No,No,4,122.1,2,3,False,1,False,1
7079,24,Female,11,89.92,1031.43,Month-to-month,Credit card,DSL,Yes,No,Yes,Yes,8,91.9,2,2,False,1,False,1
7080,65,Female,19,101.2,1861.88,Two year,Credit card,Fiber optic,No,No,No,No,11,28.2,1,4,True,24,True,0
7081,68,Female,68,123.75,6305.555,Month-to-month,Credit card,Fiber optic,No,No,No,No,6,51.9,2,2,True,1,True,0
7082,49,Male,24,84.64,1959.65,Month-to-month,Credit card,DSL,Yes,Yes,Yes,Yes,7,85.0,1,1,False,1,False,1
7083,63,Female,9,53.38,492.02,Two year,Bank transfer,No,No,No,Yes,Yes,8,86.9,1,0,True,24,False,0
7084,47,Male,1,137.19,139.64,Month-to-month,Credit card,Fiber optic,Yes,Yes,Yes,Yes,9,42.6,3,3,False,1,False,1
7085,43,Male,71,125.17,6305.555,Month-to-month,Mailed check,Fiber optic,No,Yes,Yes,No,8,63.7,0,4,False,1,False,0
7086,40,Female,16,127.86,1974.92,One year,Bank transfer,Fiber optic,No,Yes,Yes,Yes,6,80.3,5,0,False,12,False,0
7087,40,Male,66,118.51,6305.555,One year,Credit card,Fiber optic,No,No,Yes,Yes,5,101.5,1,0,False,12,False,0
7088,21,Male,19,91.81,1804.17,One year,Credit card,DSL,No,Yes,Yes,No,10,46.0,1,1,False,12,False,1
7089,48,Male,22,136.82,3027.21,One year,Bank transfer,Fiber optic,No,No,Yes,No,5,84.3,6,5,True,12,False,0
7090,44,Male,29,76.47,2179.83,One year,Credit card,DSL,Yes,Yes,Yes,Yes,10,91.0,2,3,False,12,False,0
7091,56,Male,9,54.99,477.61,Two year,Bank transfer,No,No,Yes,Yes,No,8,58.3,1,2,False,24,False,1
7092,46,Female,28,91.59,2579.27,One year,Electronic check,DSL,Yes,Yes,Yes,No,9,39.3,2,4,True,12,False,1
7093,42,Female,17,88.7,1505.28,Month-to-month,Mailed check,DSL,Yes,Yes,Yes,Yes,8,85.6,0,1,False,1,False,1
7094,31,Male,26,55.21,1399.06,Month-to-month,Electronic check,No,No,No,Yes,Yes,8,20.3,3,4,True,1,False,1
7095,46,Male,43,100.76,4388.47,One year,Mailed check,DSL,No,No,Yes,Yes,6,8.9,1,2,False,12,False,0
7096,56,Female,4,69.02,281.12,One year,Credit card,DSL,Yes,No,No,No,7,28.1,2,3,False,12,False,1
7097,27,Female,22,117.09,2589.96,Month-to-month,Electronic check,Fiber optic,Yes,No,Yes,Yes,9,87.9,4,3,False,1,False,1
7098,46,Female,1,78.16,79.46,Month-to-month,Credit card,DSL,Yes,No,No,No,8,26.9,2,2,False,1,False,1
7099,48,Male,2,88.51,172.69,Month-to-month,Electronic check,DSL,No,Yes,Yes,Yes,5,12.9,2,0,False,1,False,1
7100,34,Female,26,95.13,2573.45,Two year,Mailed check,DSL,No,No,Yes,Yes,10,97.7,3,4,False,24,False,1
7101,36,Female,1,27.45,26.22,Month-to-month,Credit card,No,No,No,No,No,9,59.5,0,2,False,1,False,1
7102,48,Male,21,61.23,1243.45,Month-to-month,Electronic check,DSL,Yes,No,No,No,7,78.2,1,2,False,1,False,1
7103,27,Male,5,120.12,583.93,One year,Credit card,Fiber optic,Yes,Yes,Yes,Yes,3,73.6,3,1,False,12,False,1
7104,50,Female,8,76.43,639.16,Two year,Credit card,DSL,Yes,Yes,No,No,10,41.2,3,1,False,24,False,1
7105,31,Male,3,89.65,263.21,One year,Electronic check,DSL,Yes,No,Yes,Yes,5,15.5,1,2,False,12,False,1
7106,60,Female,6,87.4,547.05,Two year,Electronic check,DSL,Yes,Yes,Yes,Yes,7,24.2,4,2,False,24,False,1
7107,80,Female,41,58.03,2373.72,One year,Electronic check,No,No,Yes,Yes,Yes,6,123.2,1,0,False,12,True,1
7108,32,Male,24,115.92,2842.72,Two year,Bank transfer,Fiber optic,No,No,Yes,No,7,108.5,3,1,False,24,False,1
7109,53,Male,71,83.75,5814.15,Month-to-month,Bank transfer,DSL,No,No,No,No,8,123.8,2,2,False,1,False,0
7110,34,Female,1,90.8,92.65,Month-to-month,Mailed check,DSL,Yes,No,Yes,Yes,7,13.7,4,0,False,1,False,1
7111,60,Male,37,147.17,5646.96,Two year,Credit card,Fiber optic,Yes,No,Yes,No,14,63.1,0,4,False,24,False,0
7112,26,Male,28,106.85,3014.91,Month-to-month,Bank transfer,Fiber optic,No,No,Yes,No,9,21.3,2,1,False,1,False,0
7113,52,Male,7,94.67,690.05,Two year,Mailed check,DSL,Yes,Yes,Yes,Yes,9,15.3,3,4,False,24,False,0
7114,31,Male,31,70.28,2154.47,Month-to-month,Credit card,DSL,No,No,No,No,6,23.8,1,2,True,1,False,0
7115,41,Male,30,127.97,3885.25,Month-to-month,Mailed check,Fiber optic,No,No,Yes,No,5,9.7,4,4,False,1,False,1
7116,29,Male,14,123.24,1687.13,Month-to-month,Credit card,Fiber optic,No,Yes,No,No,13,114.5,2,2,False,1,False,1
7117,57,Male,28,85.69,2314.97,Month-to-month,Mailed check,DSL,No,Yes,No,No,6,38.9,2,4,True,1,False,1
7118,32,Female,14,87.75,1187.0,Month-to-month,Electronic check,DSL,No,No,Yes,Yes,6,34.6,4,3,False,1,False,1
7119,53,Male,9,128.16,1146.98,Month-to-month,Credit card,Fiber optic,Yes,No,Yes,Yes,7,39.1,1,1,False,1,False,0
7120,39,Female,15,73.61,1152.43,Two year,Bank transfer,DSL,No,No,No,No,7,121.0,0,2,False,24,False,0
7121,43,Male,54,99.35,5256.09,Two year,Electronic check,DSL,No,No,Yes,Yes,3,129.2,0,1,False,24,False,0
7122,47,Female,11,110.03,1161.14,Month-to-month,Electronic check,Fiber optic,Yes,Yes,No,No,6,64.8,1,1,False,1,False,1
7123,33,Male,12,121.33,1448.17,Month-to-month,Bank transfer,Fiber optic,No,No,No,No,5,52.3,2,1,False,1,False,1
7124,48,Female,22,99.96,2120.45,Month-to-month,Bank transfer,Fiber optic,Yes,No,Yes,No,7,33.7,2,2,False,1,False,0
7125,67,Male,33,133.23,4269.16,Month-to-month,Credit card,Fiber optic,Yes,No,No,No,8,51.6,2,1,True,1,True,1
7126,33,Female,31,126.78,4091.95,One year,Bank transfer,Fiber optic,No,No,Yes,No,13,83.1,1,1,True,12,False,1
7127,62,Male,1,107.08,108.61,Month-to-month,Bank transfer,DSL,Yes,No,Yes,Yes,2,23.4,1,0,False,1,False,1
7128,67,Male,27,79.67,2155.46,Month-to-month,Credit card,DSL,Yes,No,Yes,Yes,11,13.6,0,1,False,1,True,1
7129,32,Female,14,70.06,953.83,One year,Credit card,DSL,No,No,No,No,7,5.1,1,0,False,12,False,1
7130,23,Female,17,63.46,1034.96,Month-to-month,Mailed check,No,No,No,Yes,No,11,10.9,0,4,False,1,False,1
7131,49,Male,19,100.45,1992.96,Month-to-month,Electronic check,Fiber optic,Yes,No,No,No,11,100.5,6,1,True,1,False,1
7132,36,Female,31,81.77,2543.92,One year,Bank transfer,DSL,Yes,No,No,No,6,25.2,2,2,False,12,False,0
7133,73,Female,42,93.72,3790.62,One year,Mailed check,DSL,No,Yes,Yes,Yes,6,95.9,3,1,True,12,True,0
7134,45,Male,24,119.99,2868.75,One year,Bank transfer,Fiber optic,No,Yes,Yes,Yes,6,14.3,3,3,False,12,False,0
7135,32,Female,19,66.29,1273.96,One year,Credit card,DSL,No,No,Yes,Yes,10,85.0,2,2,False,12,False,1
7136,27,Male,11,134.96,1512.4,One year,Bank transfer,Fiber optic,No,No,Yes,No,8,74.9,5,1,False,12,False,1
7137,61,Female,3,47.82,137.6,Month-to-month,Bank transfer,No,No,No,No,No,11,128.3,2,3,False,1,False,1
7138,36,Male,71,97.37,6305.555,Month-to-month,Credit card,DSL,Yes,Yes,Yes,No,2,58.2,2,1,True,1,False,0
7139,45,Female,14,85.37,1228.19,One year,Mailed check,DSL,Yes,No,No,No,7,34.4,1,2,False,12,False,0
7140,59,Male,20,89.68,1769.85,One year,Credit card,DSL,No,No,Yes,Yes,12,106.4,2,1,False,12,False,0
7141,37,Male,33,65.2,2188.04,Month-to-month,Bank transfer,DSL,Yes,No,No,No,11,123.3,0,1,True,1,False,1
7142,44,Female,1,147.23,141.32,Month-to-month,Bank transfer,Fiber optic,Yes,No,Yes,Yes,4,11.6,2,5,False,1,False,1
7143,44,Female,46,79.25,3825.59,One year,Bank transfer,DSL,No,No,Yes,Yes,14,88.3,2,2,False,12,False,1
7144,55,Male,38,114.41,4161.57,Month-to-month,Credit card,Fiber optic,Yes,No,Yes,Yes,8,37.9,0,2,False,1,False,0
7145,53,Male,35,114.28,3881.0,Month-to-month,Electronic check,Fiber optic,Yes,Yes,Yes,Yes,11,106.5,5,1,True,1,False,1
7146,41,Female,1,22.19,22.76,Month-to-month,Bank transfer,No,No,Yes,No,No,8,23.0,3,3,False,1,False,1
7147,45,Female,17,106.21,1888.61,Month-to-month,Bank transfer,Fiber optic,Yes,Yes,No,No,5,109.0,4,3,True,1,False,0
7148,39,Female,1,92.2,89.94,Month-to-month,Credit card,DSL,Yes,No,Yes,Yes,12,25.3,1,3,False,1,False,1
7149,22,Female,19,85.61,1561.28,Month-to-month,Credit card,DSL,Yes,Yes,Yes,No,10,77.0,2,1,True,1,False,1
7150,48,Female,30,103.42,2991.32,One year,Credit card,Fiber optic,No,No,No,No,7,14.7,4,1,False,12,False,1
7151,73,Female,3,91.6,279.84,Month-to-month,Bank transfer,DSL,No,No,Yes,Yes,10,108.5,2,0,False,1,True,1
7152,31,Male,28,98.91,2772.28,One year,Bank transfer,DSL,No,Yes,Yes,Yes,6,41.0,0,2,False,12,False,1
7153,33,Female,14,58.12,844.86,One year,Credit card,No,No,Yes,Yes,No,8,77.2,2,4,False,12,False,1
7154,31,Female,40,76.8,2949.38,Month-to-month,Bank transfer,DSL,No,Yes,No,No,8,92.0,1,2,False,1,False,1
7155,55,Female,18,80.21,1443.99,Month-to-month,Bank transfer,DSL,Yes,Yes,Yes,No,7,50.9,0,0,False,1,False,0
7156,51,Female,9,129.07,1174.7,One year,Bank transfer,Fiber optic,Yes,No,Yes,Yes,10,114.7,2,1,True,12,False,1
7157,42,Male,9,79.29,739.49,Month-to-month,Bank transfer,DSL,Yes,Yes,No,No,10,89.1,6,3,False,1,False,1
7158,31,Male,54,84.96,4612.49,Month-to-month,Electronic check,DSL,Yes,Yes,No,No,5,73.6,6,1,True,1,False,0
7159,46,Male,14,68.69,931.13,Month-to-month,Bank transfer,DSL,Yes,No,Yes,No,15,24.5,1,2,True,1,False,0
7160,21,Male,12,106.4,1326.44,Month-to-month,Bank transfer,Fiber optic,Yes,Yes,Yes,No,3,44.1,0,1,False,1,False,1
7161,47,Female,1,39.89,41.35,Two year,Credit card,No,No,No,No,No,12,32.2,3,5,False,24,False,1
7162,58,Male,10,87.36,906.2,One year,Mailed check,Fiber optic,Yes,Yes,No,No,7,64.9,1,1,True,12,False,0
7163,26,Female,45,70.38,3194.63,Month-to-month,Credit card,DSL,Yes,No,Yes,Yes,5,12.2,3,3,True,1,False,1
7164,22,Female,34,102.9,3660.7,Two year,Bank transfer,DSL,Yes,Yes,Yes,Yes,11,6.3,3,0,False,24,False,0
7165,68,Male,5,94.58,475.53,Month-to-month,Electronic check,Fiber optic,No,No,No,No,9,31.9,1,2,False,1,True,1
7166,35,Male,12,139.6,1616.35,One year,Credit card,Fiber optic,No,No,Yes,Yes,5,19.6,4,1,False,12,False,0
7167,62,Female,5,138.18,683.95,Two year,Electronic check,Fiber optic,No,No,Yes,No,8,67.9,0,3,False,24,False,0
7168,42,Male,71,123.05,6305.555,Two year,Credit card,Fiber optic,Yes,Yes,No,No,8,13.0,2,2,False,24,False,1
7169,42,Male,21,38.97,857.52,Month-to-month,Bank transfer,No,No,No,No,No,12,109.0,4,2,False,1,False,1
7170,51,Female,33,61.75,2105.18,One year,Credit card,DSL,No,No,No,No,11,68.8,1,2,True,12,False,0
7171,31,Female,30,51.7,1529.79,Month-to-month,Credit card,DSL,Yes,Yes,No,No,11,58.9,4,4,False,1,False,1
7172,46,Female,49,45.39,2115.08,Month-to-month,Credit card,No,No,No,Yes,Yes,4,123.2,2,4,False,1,False,1
7173,39,Female,71,92.6,6305.555,Month-to-month,Electronic check,DSL,Yes,No,Yes,Yes,7,20.4,1,1,True,1,False,1
7174,25,Female,1,72.01,68.68,One year,Electronic check,DSL,Yes,No,Yes,Yes,11,112.5,1,2,True,12,False,1
7175,50,Male,71,90.14,6305.555,Month-to-month,Electronic check,Fiber optic,No,No,No,No,4,30.0,1,2,True,1,False,1
7176,41,Female,49,67.59,3247.83,Month-to-month,Bank transfer,DSL,No,Yes,No,No,7,31.0,2,2,False,1,False,1
7177,42,Female,11,78.89,884.72,Month-to-month,Credit card,DSL,Yes,Yes,No,No,5,86.8,0,3,True,1,False,1
7178,26,Female,43,50.65,2158.04,Month-to-month,Credit card,No,No,No,Yes,No,7,64.5,2,1,False,1,False,1
7179,68,Male,32,90.36,2825.83,Month-to-month,Bank transfer,DSL,No,Yes,Yes,Yes,14,110.0,3,1,False,1,True,1
7180,58,Female,37,126.63,4696.82,Two year,Credit card,Fiber optic,Yes,No,Yes,Yes,4,66.4,4,4,False,24,False,0
7181,59,Female,5,92.46,461.8,Month-to-month,Bank transfer,DSL,No,Yes,Yes,Yes,12,77.8,2,1,True,1,False,1
7182,40,Male,25,125.82,3247.12,Month-to-month,Electronic check,Fiber optic,Yes,No,No,No,7,58.5,5,3,True,1,False,1
7183,19,Female,1,82.75,84.37,One year,Electronic check,DSL,No,No,Yes,Yes,10,81.9,1,4,False,12,False,0
7184,74,Female,45,116.81,5156.8,One year,Mailed check,Fiber optic,Yes,No,No,No,10,60.1,0,2,False,12,True,0
7185,44,Female,71,92.91,6305.555,One year,Bank transfer,DSL,No,Yes,No,No,7,7.4,4,3,False,12,False,1
7186,33,Male,26,141.93,3726.38,One year,Credit card,Fiber optic,No,Yes,Yes,Yes,6,123.4,3,4,True,12,False,1
7187,51,Male,17,113.49,1898.38,Month-to-month,Bank transfer,Fiber optic,Yes,Yes,No,No,9,121.7,3,0,False,1,False,1
7188,62,Female,31,53.43,1707.76,One year,Credit card,DSL,Yes,Yes,No,No,8,72.5,4,2,False,12,False,1
7189,44,Female,9,82.78,735.35,Month-to-month,Bank transfer,DSL,Yes,No,No,No,9,99.2,3,4,False,1,False,1
7190,64,Female,23,105.83,2325.25,One year,Electronic check,Fiber optic,Yes,Yes,Yes,No,11,101.3,0,1,False,12,False,1
7191,61,Male,30,59.99,1867.89,Two year,Bank transfer,DSL,No,No,No,No,12,40.3,4,0,False,24,False,0
7192,28,Male,3,49.58,147.92,Two year,Credit card,No,No,No,Yes,No,8,78.6,4,2,True,24,False,0
7193,34,Male,3,77.18,227.43,Two year,Electronic check,DSL,No,No,Yes,Yes,7,60.9,2,1,False,24,False,1
7194,59,Male,30,108.51,3389.93,Month-to-month,Credit card,Fiber optic,Yes,Yes,No,No,14,65.0,4,1,False,1,False,1
7195,18,Male,13,107.73,1365.74,Month-to-month,Mailed check,Fiber optic,Yes,No,Yes,Yes,7,107.0,1,0,False,1,False,1
7196,42,Male,52,67.67,3684.28,Two year,Electronic check,DSL,Yes,Yes,Yes,Yes,9,28.7,2,2,False,24,False,1
7197,23,Female,8,73.31,558.83,One year,Credit card,DSL,Yes,Yes,Yes,Yes,7,26.4,4,2,False,12,False,0
7198,37,Male,1,89.85,91.37,Month-to-month,Electronic check,DSL,Yes,No,Yes,Yes,6,124.5,1,2,True,1,False,1
7199,40,Female,25,20.4,487.54,One year,Electronic check,No,No,Yes,No,No,10,59.0,2,1,True,12,False,1
7200,39,Male,27,115.95,3002.57,Month-to-month,Bank transfer,Fiber optic,Yes,Yes,No,No,9,97.8,3,1,True,1,False,0
7201,36,Female,19,120.71,2399.17,One year,Credit card,Fiber optic,No,No,Yes,No,7,117.2,2,2,False,12,False,0
7202,28,Male,27,70.07,1971.42,Two year,Credit card,DSL,No,Yes,No,No,8,29.5,1,1,False,24,False,0
7203,79,Female,17,107.66,1893.15,Month-to-month,Credit card,DSL,Yes,No,Yes,Yes,7,106.7,1,1,False,1,True,1
7204,73,Female,28,137.59,3921.47,Month-to-month,Bank transfer,Fiber optic,Yes,No,Yes,Yes,7,40.6,3,1,True,1,True,0
7205,27,Female,1,37.88,37.75,Month-to-month,Electronic check,No,No,No,No,No,9,52.9,1,2,True,1,False,1
7206,68,Male,11,77.93,872.5,Two year,Mailed check,DSL,Yes,No,Yes,Yes,9,112.9,2,2,True,24,True,1
7207,39,Male,5,105.17,528.86,Month-to-month,Bank transfer,Fiber optic,No,No,No,No,4,84.7,3,1,False,1,False,1
7208,46,Male,2,94.06,194.75,One year,Mailed check,DSL,No,No,No,No,11,108.1,0,1,False,12,False,1
7209,44,Female,6,117.77,723.83,One year,Electronic check,Fiber optic,Yes,Yes,Yes,No,9,90.1,5,1,False,12,False,1
7210,35,Female,5,78.58,400.01,Month-to-month,Bank transfer,DSL,No,No,Yes,No,5,125.7,2,2,False,1,False,1
7211,59,Female,71,98.32,6305.555,Month-to-month,Credit card,Fiber optic,Yes,Yes,No,No,9,126.9,1,2,False,1,False,1
7212,46,Male,8,64.88,527.29,One year,Credit card,No,No,Yes,Yes,Yes,12,67.6,4,2,True,12,False,0
7213,37,Male,6,130.48,781.82,Two year,Electronic check,Fiber optic,Yes,No,Yes,No,13,44.2,0,3,False,24,False,0
7214,25,Female,43,64.17,2836.02,Month-to-month,Electronic check,No,No,No,Yes,Yes,9,14.9,3,0,False,1,False,1
7215,31,Male,13,75.09,971.74,Month-to-month,Credit card,DSL,No,No,No,No,7,36.5,2,3,False,1,False,1
7216,20,Male,13,52.28,679.49,Month-to-month,Bank transfer,No,No,No,Yes,No,9,80.2,4,2,False,1,False,1
7217,45,Male,14,52.47,728.34,One year,Electronic check,No,No,Yes,Yes,Yes,6,109.9,1,1,False,12,False,0
7218,27,Male,12,75.85,954.27,Month-to-month,Bank transfer,DSL,No,No,No,No,5,56.1,1,4,False,1,False,1
7219,41,Female,9,116.97,1062.6,Two year,Bank transfer,Fiber optic,No,Yes,No,No,5,112.3,1,2,False,24,False,1
7220,65,Male,8,28.44,236.88,Month-to-month,Bank transfer,No,No,No,No,No,13,48.2,4,4,True,1,True,1
7221,62,Male,51,97.33,5148.39,Month-to-month,Bank transfer,DSL,Yes,Yes,Yes,Yes,7,116.4,1,1,False,1,False,0
7222,44,Female,4,108.1,443.33,Month-to-month,Electronic check,Fiber optic,No,Yes,Yes,Yes,10,123.7,3,0,True,1,False,1
7223,43,Female,4,120.04,480.38,Two year,Bank transfer,Fiber optic,No,Yes,No,No,9,106.1,0,5,False,24,False,1
7224,73,Male,20,94.55,1898.27,Month-to-month,Bank transfer,DSL,No,No,Yes,Yes,5,96.6,1,2,False,1,True,1
7225,52,Male,10,127.68,1332.25,Month-to-month,Bank transfer,Fiber optic,Yes,Yes,Yes,Yes,7,8.6,1,3,False,1,False,1
7226,40,Male,13,95.62,1209.58,Month-to-month,Bank transfer,DSL,Yes,Yes,Yes,Yes,6,23.8,2,3,False,1,False,0
7227,23,Male,39,84.97,3407.87,One year,Electronic check,DSL,No,Yes,Yes,Yes,5,122.7,2,1,False,12,False,0
7228,50,Female,56,122.93,6305.555,Month-to-month,Credit card,Fiber optic,No,No,No,No,8,79.4,1,1,False,1,False,0
7229,57,Female,37,135.52,4792.77,One year,Electronic check,Fiber optic,Yes,No,Yes,Yes,8,128.5,1,1,False,12,False,0
7230,35,Female,6,30.05,178.4,Month-to-month,Bank transfer,No,No,No,No,No,10,83.0,6,1,False,1,False,1
7231,49,Male,71,122.45,6305.555,Two year,Electronic check,Fiber optic,No,Yes,Yes,No,10,116.2,1,2,True,24,False,0
7232,39,Male,10,115.65,1113.93,Two year,Bank transfer,Fiber optic,No,Yes,Yes,Yes,2,22.5,2,3,False,24,False,1
7233,42,Female,4,110.26,451.94,Month-to-month,Credit card,Fiber optic,Yes,Yes,No,No,9,6.8,2,2,False,1,False,1
7234,18,Male,16,131.83,2160.38,Two year,Electronic check,Fiber optic,No,Yes,Yes,No,6,114.2,1,3,False,24,False,1
7235,41,Female,31,42.95,1362.16,Month-to-month,Bank transfer,No,No,No,Yes,Yes,8,7.0,2,1,False,1,False,1
7236,59,Female,2,140.85,276.66,One year,Electronic check,Fiber optic,No,No,Yes,Yes,6,103.2,1,3,True,12,False,1
7237,35,Female,24,106.76,2561.68,Month-to-month,Bank transfer,Fiber optic,No,No,Yes,Yes,8,45.9,2,3,True,1,False,0
7238,45,Female,46,87.1,3875.94,Month-to-month,Bank transfer,DSL,Yes,Yes,No,No,7,107.6,2,5,False,1,False,1
7239,33,Female,7,55.46,385.81,Month-to-month,Electronic check,No,No,Yes,Yes,Yes,6,75.7,1,1,False,1,False,1
7240,50,Female,28,88.13,2579.99,Month-to-month,Electronic check,Fiber optic,Yes,No,No,No,7,19.8,0,3,False,1,False,1
7241,41,Female,12,70.56,830.0,Month-to-month,Bank transfer,DSL,Yes,Yes,No,No,7,79.3,2,2,False,1,False,0
7242,30,Male,12,106.57,1221.16,One year,Electronic check,Fiber optic,Yes,Yes,No,No,2,116.2,1,1,False,12,False,1
7243,64,Female,7,114.6,787.15,Month-to-month,Mailed check,Fiber optic,No,Yes,No,No,8,127.4,2,5,False,1,False,1
7244,58,Female,23,74.5,1770.92,One year,Electronic check,DSL,Yes,No,No,No,12,23.2,3,0,False,12,False,1
7245,35,Male,10,118.92,1237.58,One year,Electronic check,Fiber optic,No,Yes,No,No,9,91.8,2,3,False,12,False,0
7246,52,Female,42,102.21,4082.27,One year,Mailed check,DSL,Yes,No,Yes,No,10,78.7,1,1,False,12,False,1
7247,53,Male,71,121.61,6305.555,One year,Bank transfer,Fiber optic,No,No,Yes,Yes,7,100.6,3,1,True,12,False,0
7248,54,Female,65,82.89,5629.29,Month-to-month,Electronic check,DSL,Yes,Yes,No,No,5,21.0,2,2,False,1,False,0
7249,19,Male,4,70.72,272.29,Month-to-month,Bank transfer,DSL,Yes,Yes,Yes,Yes,7,50.1,3,0,True,1,False,1
7250,60,Male,1,87.7,83.86,Month-to-month,Mailed check,DSL,No,Yes,Yes,No,11,100.1,1,2,False,1,False,0
7251,36,Male,13,96.24,1283.41,Two year,Bank transfer,Fiber optic,Yes,No,No,No,7,108.3,1,1,False,24,False,0
7252,39,Female,31,73.82,2320.47,One year,Electronic check,DSL,No,No,Yes,Yes,4,20.7,1,1,False,12,False,0
7253,80,Male,71,50.32,3703.18,One year,Bank transfer,No,No,No,Yes,No,8,80.7,0,4,True,12,True,1
7254,49,Female,36,67.93,2389.68,Two year,Mailed check,DSL,No,Yes,No,No,8,52.0,0,0,False,24,False,0
7255,39,Female,20,120.76,2391.85,Two year,Credit card,Fiber optic,Yes,Yes,Yes,Yes,6,129.6,0,3,False,24,False,0
7256,18,Female,1,125.62,126.54,Month-to-month,Credit card,Fiber optic,No,Yes,No,No,7,43.9,2,1,False,1,False,1
7257,65,Female,41,41.55,1748.04,Month-to-month,Credit card,No,No,Yes,Yes,Yes,8,40.5,2,3,False,1,True,1
7258,24,Female,4,70.51,276.93,Two year,Electronic check,DSL,No,No,No,No,7,93.7,0,3,True,24,False,1
7259,29,Female,1,95.1,94.2,Two year,Mailed check,DSL,Yes,Yes,Yes,Yes,9,91.6,1,4,False,24,False,0
7260,40,Female,45,103.29,4664.98,One year,Mailed check,Fiber optic,No,No,Yes,No,5,13.3,2,1,False,12,False,1
7261,66,Male,20,134.44,2556.05,One year,Bank transfer,Fiber optic,Yes,Yes,Yes,No,8,70.2,1,3,False,12,True,1
7262,56,Female,3,103.42,321.02,One year,Credit card,DSL,No,No,Yes,Yes,8,117.1,1,4,False,12,False,0
7263,42,Female,11,92.48,1029.89,Month-to-month,Credit card,DSL,No,Yes,No,No,7,82.0,1,3,False,1,False,1
7264,49,Male,2,103.19,197.76,Two year,Bank transfer,Fiber optic,No,No,Yes,Yes,6,120.5,4,1,False,24,False,1
7265,35,Female,24,72.19,1707.17,One year,Electronic check,DSL,Yes,No,No,No,6,110.4,1,2,True,12,False,1
7266,47,Male,7,73.24,496.23,Month-to-month,Electronic check,DSL,No,Yes,Yes,Yes,8,71.4,3,1,False,1,False,1
7267,46,Male,48,121.4,5559.0,Month-to-month,Electronic check,Fiber optic,Yes,Yes,Yes,Yes,8,59.2,2,1,True,1,False,1
7268,59,Female,10,125.87,1234.92,Two year,Electronic check,Fiber optic,Yes,No,Yes,Yes,9,97.4,2,1,True,24,False,1
7269,59,Female,16,57.1,947.68,One year,Bank transfer,No,No,No,Yes,Yes,6,85.6,2,0,False,12,False,0
7270,52,Male,1,83.22,79.62,Month-to-month,Mailed check,DSL,No,Yes,No,No,8,48.6,3,2,False,1,False,0
7271,39,Female,7,135.16,981.82,Month-to-month,Bank transfer,Fiber optic,Yes,No,Yes,Yes,8,67.6,1,2,False,1,False,0
7272,56,Male,27,92.36,2423.44,One year,Credit card,DSL,No,Yes,Yes,Yes,14,64.6,2,1,True,12,False,0
7273,43,Male,31,86.82,2813.97,Month-to-month,Credit card,DSL,Yes,No,Yes,Yes,4,96.5,1,1,False,1,False,1
7274,28,Female,6,119.61,697.54,Month-to-month,Bank transfer,Fiber optic,No,Yes,No,No,2,83.6,5,1,True,1,False,1
7275,38,Male,16,114.43,1896.06,One year,Bank transfer,Fiber optic,Yes,No,No,No,11,63.1,1,0,False,12,False,0
7276,46,Female,40,39.23,1634.74,One year,Bank transfer,No,No,Yes,No,No,12,48.7,0,3,True,12,False,0
7277,58,Female,11,124.17,1423.52,Two year,Electronic check,Fiber optic,No,Yes,Yes,Yes,6,123.8,2,1,False,24,False,1
7278,42,Male,3,65.53,189.19,Month-to-month,Credit card,DSL,Yes,Yes,Yes,No,8,26.1,1,1,False,1,False,1
7279,26,Male,13,97.71,1291.96,Month-to-month,Credit card,DSL,Yes,No,Yes,Yes,8,40.4,1,3,False,1,False,0
7280,45,Female,22,145.92,3314.05,Month-to-month,Bank transfer,Fiber optic,No,Yes,Yes,Yes,10,50.0,3,4,False,1,False,1
7281,46,Female,1,140.39,143.7,Month-to-month,Electronic check,Fiber optic,Yes,No,Yes,Yes,4,21.8,0,2,True,1,False,1
7282,47,Female,10,83.08,828.6,Month-to-month,Mailed check,DSL,Yes,No,Yes,Yes,6,120.5,0,0,False,1,False,1
7283,58,Male,22,125.76,2888.83,One year,Credit card,Fiber optic,Yes,No,Yes,Yes,13,128.5,3,2,False,12,False,1
7284,60,Female,71,44.65,3111.87,Month-to-month,Mailed check,No,No,No,Yes,Yes,12,11.8,2,4,False,1,False,1
7285,36,Male,12,119.28,1485.41,Two year,Electronic check,Fiber optic,Yes,No,Yes,Yes,5,24.4,2,0,False,24,False,0
7286,35,Male,4,135.46,527.81,Month-to-month,Mailed check,Fiber optic,Yes,No,Yes,Yes,4,50.9,1,1,False,1,False,1
7287,29,Male,18,63.4,1135.56,One year,Bank transfer,No,No,No,Yes,Yes,8,19.8,2,2,True,12,False,0
7288,55,Female,8,123.56,984.78,Two year,Credit card,Fiber optic,Yes,Yes,No,No,9,32.0,2,1,False,24,False,0
7289,66,Male,5,65.45,320.36,Month-to-month,Bank transfer,DSL,No,No,No,No,6,111.7,3,6,False,1,True,1
7290,40,Female,21,78.16,1605.93,Month-to-month,Electronic check,DSL,Yes,No,Yes,Yes,8,45.7,1,0,False,1,False,0
7291,41,Male,59,110.71,6305.555,One year,Mailed check,Fiber optic,No,No,No,No,5,85.3,5,1,False,12,False,1
7292,67,Female,43,63.71,2606.1,One year,Bank transfer,DSL,Yes,No,No,No,6,44.6,3,2,False,12,True,1
7293,52,Female,4,114.88,447.66,One year,Bank transfer,Fiber optic,Yes,No,Yes,Yes,9,76.4,3,0,True,12,False,1
7294,51,Male,34,50.11,1780.62,Month-to-month,Mailed check,No,No,No,Yes,Yes,7,56.4,0,4,False,1,False,1
7295,27,Female,6,87.15,534.36,One year,Bank transfer,DSL,No,Yes,Yes,No,10,19.2,2,3,True,12,False,0
7296,55,Male,8,138.65,1103.06,One year,Credit card,Fiber optic,Yes,No,Yes,Yes,10,120.2,4,5,True,12,False,0
7297,31,Male,60,154.9,6305.555,Month-to-month,Credit card,Fiber optic,Yes,Yes,Yes,Yes,10,50.0,3,3,False,1,False,1
7298,27,Male,58,70.64,4182.38,Two year,Electronic check,DSL,Yes,No,Yes,Yes,2,61.0,2,3,False,24,False,1
7299,39,Male,4,118.99,475.62,One year,Bank transfer,Fiber optic,No,No,Yes,No,8,31.5,1,4,False,12,False,1
7300,36,Male,1,111.44,113.18,Month-to-month,Bank transfer,Fiber optic,No,No,Yes,Yes,5,98.0,2,2,False,1,False,1
7301,41,Male,8,145.28,1149.96,Two year,Electronic check,Fiber optic,Yes,Yes,Yes,Yes,5,51.3,6,1,True,24,False,1
7302,23,Male,20,92.37,1755.17,One year,Bank transfer,DSL,Yes,Yes,Yes,No,10,126.3,2,4,False,12,False,1
7303,59,Female,50,119.08,6003.8,Month-to-month,Bank transfer,Fiber optic,Yes,No,No,No,11,59.3,2,3,False,1,False,1
7304,61,Male,3,86.25,266.21,Month-to-month,Bank transfer,DSL,No,Yes,Yes,Yes,10,24.2,1,1,False,1,False,1
7305,18,Male,12,129.52,1510.2,One year,Electronic check,Fiber optic,Yes,Yes,Yes,Yes,6,114.5,1,1,False,12,False,0
7306,59,Female,7,60.69,431.74,One year,Credit card,DSL,Yes,Yes,No,No,8,74.3,1,0,True,12,False,0
7307,32,Female,1,88.1,86.79,Two year,Credit card,Fiber optic,No,Yes,No,No,6,103.2,1,2,False,24,False,1
7308,57,Male,37,74.71,2856.36,Month-to-month,Bank transfer,DSL,No,Yes,No,No,9,89.3,2,1,False,1,False,0
7309,43,Male,40,94.0,3736.64,Month-to-month,Credit card,DSL,Yes,No,Yes,Yes,6,10.3,1,0,True,1,False,0
7310,45,Male,6,92.02,527.98,Month-to-month,Electronic check,DSL,Yes,No,Yes,Yes,5,68.8,2,1,False,1,False,0
7311,42,Female,3,119.14,358.46,One year,Mailed check,Fiber optic,No,No,Yes,Yes,13,26.3,2,1,False,12,False,1
7312,63,Male,3,65.26,197.89,Month-to-month,Credit card,DSL,Yes,No,No,No,6,40.4,1,3,False,1,False,1
7313,26,Female,14,118.56,1629.91,Two year,Credit card,Fiber optic,Yes,No,Yes,No,9,83.6,1,2,False,24,False,0
7314,54,Male,6,83.91,482.19,Month-to-month,Bank transfer,DSL,No,No,No,No,10,127.7,6,1,False,1,False,1
7315,61,Male,17,94.1,1640.19,Month-to-month,Electronic check,Fiber optic,Yes,No,No,No,10,49.0,2,4,False,1,False,1
7316,55,Female,11,101.07,1116.32,Two year,Credit card,Fiber optic,No,No,No,No,6,123.0,3,3,False,24,False,0
7317,79,Male,5,83.39,404.85,Month-to-month,Credit card,DSL,Yes,Yes,Yes,No,8,69.5,1,3,False,1,True,1
7318,37,Male,33,67.69,2163.94,Two year,Bank transfer,DSL,No,No,No,No,6,26.8,1,2,False,24,False,0
7319,59,Male,3,55.4,166.96,Month-to-month,Electronic check,DSL,Yes,No,No,No,6,66.6,4,1,False,1,False,1
7320,43,Female,38,124.81,4652.49,Month-to-month,Electronic check,Fiber optic,No,No,Yes,Yes,8,41.0,2,3,True,1,False,1
7321,63,Male,19,73.23,1417.98,One year,Bank transfer,DSL,Yes,No,Yes,Yes,11,68.3,2,3,False,12,False,1
7322,44,Male,42,114.49,4735.86,Two year,Electronic check,Fiber optic,Yes,No,Yes,Yes,5,55.1,6,3,True,24,False,1
7323,39,Female,1,51.95,51.8,Month-to-month,Credit card,DSL,No,Yes,No,No,6,9.3,2,1,False,1,False,0
7324,64,Female,33,103.76,3273.32,Month-to-month,Electronic check,Fiber optic,No,Yes,Yes,Yes,6,57.6,2,2,False,1,False,0
7325,37,Male,1,121.9,121.42,One year,Electronic check,Fiber optic,Yes,No,No,No,6,26.3,1,1,False,12,False,0
7326,23,Male,71,90.58,6116.14,Month-to-month,Bank transfer,DSL,No,No,No,No,2,84.7,2,1,False,1,False,0
7327,37,Female,29,97.65,2792.4,Two year,Bank transfer,Fiber optic,Yes,Yes,No,No,8,100.2,1,4,False,24,False,0
7328,54,Male,9,24.91,219.94,Month-to-month,Credit card,No,No,Yes,No,No,8,84.1,3,1,False,1,False,0
7329,65,Male,9,78.75,726.91,Two year,Bank transfer,DSL,No,No,Yes,Yes,7,80.9,5,2,True,24,True,1
7330,46,Female,47,94.74,4572.46,Month-to-month,Credit card,Fiber optic,No,No,No,No,2,97.2,1,1,False,1,False,1
7331,64,Male,55,66.9,3649.6,One year,Bank transfer,DSL,Yes,No,No,No,11,94.2,0,3,False,12,False,1
7332,24,Male,53,106.55,5915.88,One year,Electronic check,Fiber optic,No,No,No,No,7,67.8,4,3,False,12,False,1
7333,38,Female,39,87.87,3341.28,Month-to-month,Bank transfer,DSL,No,Yes,No,No,11,52.1,2,0,True,1,False,0
7334,40,Male,41,48.16,1908.56,Two year,Credit card,No,No,Yes,Yes,Yes,11,103.9,2,0,True,24,False,0
7335,43,Male,20,90.22,1861.12,Month-to-month,Electronic check,DSL,No,No,Yes,Yes,8,110.1,2,2,True,1,False,1
7336,46,Male,1,113.95,114.07,Month-to-month,Bank transfer,Fiber optic,No,No,Yes,No,6,5.1,1,0,False,1,False,1
7337,55,Female,2,96.99,188.07,Month-to-month,Bank transfer,Fiber optic,Yes,No,Yes,Yes,6,47.4,5,2,False,1,False,1
7338,38,Male,25,70.44,1731.58,Two year,Credit card,DSL,No,No,Yes,Yes,12,27.9,2,1,True,24,False,0
7339,47,Female,12,52.35,602.74,Month-to-month,Credit card,DSL,Yes,No,No,No,7,91.3,2,3,True,1,False,1
7340,44,Female,20,109.31,2229.1,One year,Bank transfer,Fiber optic,No,No,Yes,Yes,3,76.4,0,5,True,12,False,1
7341,31,Male,6,98.99,593.75,One year,Bank transfer,DSL,Yes,Yes,Yes,Yes,9,75.5,0,1,False,12,False,0
7342,43,Female,25,58.27,1466.11,Month-to-month,Electronic check,No,No,Yes,Yes,Yes,10,25.2,1,0,True,1,False,0
7343,42,Male,6,54.92,315.49,Month-to-month,Bank transfer,No,No,Yes,Yes,Yes,3,30.8,2,0,False,1,False,0
7344,42,Male,14,118.8,1696.35,Month-to-month,Credit card,Fiber optic,No,Yes,Yes,No,7,59.8,3,1,True,1,False,1
7345,45,Male,15,109.82,1613.34,Month-to-month,Electronic check,Fiber optic,Yes,Yes,No,No,12,60.2,2,0,False,1,False,1
7346,46,Female,4,84.03,324.69,Month-to-month,Mailed check,DSL,Yes,No,Yes,Yes,9,13.4,3,4,False,1,False,1
7347,38,Male,50,56.42,2799.75,One year,Credit card,No,No,No,Yes,Yes,9,13.0,1,1,False,12,False,0
7348,64,Male,17,72.12,1269.51,Two year,Credit card,DSL,No,No,No,No,9,75.7,4,1,False,24,False,0
7349,27,Male,48,75.72,3587.87,Month-to-month,Electronic check,DSL,No,Yes,No,No,9,129.2,1,0,False,1,False,1
7350,34,Female,7,76.93,517.46,One year,Bank transfer,DSL,Yes,Yes,Yes,Yes,10,81.6,2,0,False,12,False,1
7351,80,Female,4,45.46,189.88,Month-to-month,Electronic check,No,No,Yes,No,No,5,80.9,1,0,False,1,True,1
7352,29,Male,1,73.55,74.57,One year,Bank transfer,DSL,Yes,No,No,No,8,106.0,4,1,True,12,False,1
7353,24,Male,2,40.82,80.02,Two year,Credit card,No,No,Yes,Yes,No,13,16.6,2,4,True,24,False,1
7354,56,Male,3,132.3,400.19,Month-to-month,Mailed check,Fiber optic,No,No,Yes,No,10,71.8,1,2,False,1,False,0
7355,18,Male,1,84.66,81.19,One year,Mailed check,DSL,Yes,Yes,Yes,Yes,7,72.2,2,4,False,12,False,1
7356,41,Female,54,93.74,5094.49,One year,Credit card,Fiber optic,No,No,No,No,2,85.0,3,2,False,12,False,1
7357,77,Female,58,63.86,3822.16,One year,Bank transfer,DSL,No,No,No,No,12,125.4,0,3,True,12,True,0
7358,21,Female,66,68.71,4370.87,Month-to-month,Bank transfer,DSL,Yes,No,No,No,8,87.2,1,1,True,1,False,0
7359,18,Female,71,88.26,6305.555,Month-to-month,Bank transfer,Fiber optic,Yes,No,No,No,8,101.6,2,0,True,1,False,1
7360,22,Female,16,105.73,1700.63,Month-to-month,Credit card,DSL,No,No,Yes,No,7,50.4,0,3,True,1,False,1
7361,58,Female,18,100.63,1755.62,Month-to-month,Electronic check,DSL,No,Yes,Yes,Yes,2,83.8,5,5,True,1,False,1
7362,61,Female,3,75.65,220.4,One year,Credit card,DSL,No,No,No,No,9,8.5,6,3,False,12,False,1
7363,37,Male,3,126.84,395.1,Month-to-month,Bank transfer,Fiber optic,Yes,No,Yes,Yes,6,40.9,3,0,False,1,False,1
7364,55,Male,35,109.2,3812.73,Two year,Bank transfer,Fiber optic,Yes,Yes,Yes,Yes,7,71.6,1,2,False,24,False,1
7365,65,Male,46,104.8,4716.12,Month-to-month,Bank transfer,DSL,Yes,Yes,Yes,Yes,9,32.0,2,2,False,1,True,0
7366,71,Male,36,67.29,2362.48,Month-to-month,Credit card,DSL,Yes,No,No,No,9,35.6,1,0,True,1,True,1
7367,41,Male,43,64.22,2733.88,One year,Electronic check,DSL,No,No,No,No,7,127.2,1,1,False,12,False,0
7368,18,Male,7,84.53,608.14,Month-to-month,Electronic check,DSL,Yes,No,Yes,Yes,7,114.6,3,1,True,1,False,1
7369,32,Female,15,116.28,1661.65,One year,Credit card,Fiber optic,Yes,Yes,Yes,Yes,11,51.0,1,1,False,12,False,0
7370,38,Male,14,83.08,1117.49,Month-to-month,Mailed check,DSL,No,No,Yes,Yes,8,74.2,1,2,False,1,False,0
7371,41,Female,71,88.8,6305.555,Month-to-month,Electronic check,Fiber optic,No,Yes,No,No,9,99.0,2,1,False,1,False,0
7372,42,Male,71,47.53,3512.23,Month-to-month,Electronic check,No,No,Yes,No,No,7,32.1,0,2,True,1,False,1
7373,61,Female,21,127.65,2783.48,Month-to-month,Bank transfer,Fiber optic,Yes,No,Yes,No,10,93.5,2,1,True,1,False,0
7374,64,Female,3,102.81,317.1,Two year,Bank transfer,DSL,No,No,Yes,Yes,6,66.8,2,0,False,24,False,1
7375,42,Male,7,130.12,954.45,Month-to-month,Electronic check,Fiber optic,No,No,No,No,5,32.9,3,3,False,1,False,1
7376,61,Male,10,111.32,1069.51,Two year,Bank transfer,Fiber optic,Yes,Yes,Yes,Yes,10,24.2,0,3,False,24,False,1
7377,50,Male,49,93.14,4738.86,Month-to-month,Bank transfer,DSL,No,Yes,Yes,No,8,96.2,2,4,False,1,False,1
7378,45,Male,4,36.35,138.42,One year,Bank transfer,No,No,Yes,No,No,6,93.8,0,5,False,12,False,1
7379,58,Male,5,53.32,264.34,Month-to-month,Electronic check,No,No,No,Yes,No,11,100.1,2,3,False,1,False,1
7380,46,Female,10,76.1,740.11,Two year,Electronic check,DSL,No,No,Yes,No,8,69.2,2,0,True,24,False,1
7381,75,Male,62,129.1,6305.555,One year,Bank transfer,Fiber optic,Yes,Yes,Yes,Yes,10,92.0,1,3,False,12,True,0
7382,23,Female,16,76.91,1288.88,Two year,Electronic check,DSL,Yes,No,Yes,No,3,27.1,1,2,False,24,False,0
7383,37,Female,24,97.79,2306.83,One year,Credit card,DSL,No,No,Yes,Yes,11,31.6,1,3,False,12,False,0
7384,43,Female,11,133.08,1482.84,Month-to-month,Electronic check,Fiber optic,No,No,Yes,Yes,10,69.9,2,0,False,1,False,1
7385,51,Male,5,53.49,272.49,Two year,Mailed check,No,No,No,Yes,Yes,6,20.9,4,1,True,24,False,0
7386,64,Male,6,29.65,178.78,Two year,Credit card,No,No,Yes,No,No,4,107.9,2,6,True,24,False,0
7387,44,Male,38,78.44,2858.81,Month-to-month,Electronic check,DSL,Yes,No,Yes,Yes,8,105.7,3,6,True,1,False,1
7388,23,Male,53,58.49,3210.33,Two year,Bank transfer,No,No,No,Yes,No,7,58.6,1,3,False,24,False,0
7389,57,Male,16,96.25,1584.25,One year,Credit card,Fiber optic,No,No,No,No,13,121.8,2,2,True,12,False,0
7390,56,Male,10,29.84,305.85,Two year,Electronic check,No,No,No,No,No,7,102.4,3,1,False,24,False,0
7391,18,Female,39,44.01,1786.84,Two year,Bank transfer,No,No,Yes,Yes,Yes,8,67.5,3,1,True,24,False,1
7392,44,Male,26,134.03,3431.59,Two year,Bank transfer,Fiber optic,No,No,Yes,Yes,8,117.5,2,1,False,24,False,1
7393,21,Female,1,77.52,78.11,Two year,Bank transfer,DSL,No,No,No,No,12,85.0,1,5,False,24,False,0
7394,35,Female,10,89.12,916.45,Month-to-month,Electronic check,DSL,Yes,Yes,Yes,No,7,30.5,2,2,False,1,False,1
7395,31,Male,27,84.3,2263.45,Month-to-month,Credit card,DSL,No,No,Yes,Yes,6,114.2,2,2,False,1,False,1
7396,57,Male,20,130.77,2736.5,Month-to-month,Credit card,Fiber optic,No,No,Yes,Yes,7,19.3,5,1,True,1,False,1
7397,46,Male,71,68.97,5138.99,Month-to-month,Credit card,DSL,Yes,No,Yes,Yes,2,102.3,3,1,False,1,False,1
7398,25,Male,48,94.68,4558.56,Month-to-month,Electronic check,Fiber optic,Yes,No,No,No,9,104.1,1,2,True,1,False,0
7399,58,Male,1,76.15,73.46,One year,Bank transfer,DSL,Yes,No,No,No,8,53.9,2,4,False,12,False,1
7400,23,Male,31,57.77,1791.53,Month-to-month,Electronic check,No,No,No,Yes,No,3,44.5,2,2,False,1,False,1
7401,49,Female,9,90.43,790.02,One year,Credit card,DSL,Yes,No,Yes,Yes,6,30.2,3,1,False,12,False,1
7402,32,Female,27,137.73,3683.97,Two year,Credit card,Fiber optic,No,No,Yes,Yes,3,59.9,3,1,False,24,False,0
7403,39,Female,23,116.31,2612.41,One year,Bank transfer,Fiber optic,No,No,Yes,No,12,105.5,2,1,False,12,False,1
7404,52,Female,16,80.89,1334.74,Month-to-month,Bank transfer,DSL,No,No,Yes,No,10,57.9,0,3,False,1,False,0
7405,52,Female,46,147.4,6305.555,Month-to-month,Credit card,Fiber optic,Yes,No,Yes,Yes,13,113.4,1,3,True,1,False,1
7406,65,Female,29,90.72,2654.94,Month-to-month,Bank transfer,Fiber optic,Yes,Yes,No,No,8,122.1,6,3,False,1,True,1
7407,43,Male,52,135.56,6305.555,Month-to-month,Bank transfer,Fiber optic,Yes,No,Yes,Yes,11,37.2,3,1,True,1,False,1
7408,49,Male,7,113.92,817.69,One year,Credit card,Fiber optic,Yes,No,Yes,Yes,8,128.9,1,4,True,12,False,0
7409,38,Male,10,79.97,795.61,Month-to-month,Mailed check,DSL,No,Yes,No,No,6,56.9,2,4,False,1,False,1
7410,47,Female,23,35.12,800.97,One year,Bank transfer,No,No,No,No,No,4,25.8,4,1,False,12,False,0
7411,51,Female,71,44.19,3161.08,Month-to-month,Credit card,No,No,No,No,No,9,60.7,2,1,True,1,False,1
7412,43,Female,11,141.43,1588.83,Month-to-month,Bank transfer,Fiber optic,No,No,Yes,Yes,5,10.4,2,0,True,1,False,0
7413,18,Male,1,83.12,82.55,One year,Credit card,DSL,No,No,Yes,Yes,16,27.3,1,2,False,12,False,0
7414,49,Male,14,70.66,1012.73,Month-to-month,Electronic check,DSL,No,No,No,No,5,95.8,5,4,True,1,False,1
7415,50,Male,18,112.63,1983.34,One year,Electronic check,Fiber optic,Yes,No,Yes,Yes,8,27.5,3,2,False,12,False,0
7416,34,Female,38,104.48,4153.09,Two year,Electronic check,DSL,Yes,No,Yes,Yes,9,127.5,1,2,False,24,False,0
7417,25,Female,31,73.89,2292.99,Month-to-month,Bank transfer,DSL,Yes,No,Yes,Yes,7,36.1,3,2,False,1,False,0
7418,67,Female,71,90.51,6305.555,One year,Credit card,DSL,Yes,Yes,Yes,No,7,113.5,3,3,False,12,True,0
7419,52,Male,36,133.82,4911.47,One year,Electronic check,Fiber optic,Yes,No,Yes,Yes,7,30.0,2,0,False,12,False,0
7420,41,Female,8,78.19,630.82,One year,Electronic check,DSL,No,No,No,No,6,92.8,1,2,True,12,False,1
7421,27,Male,24,62.54,1510.58,Month-to-month,Electronic check,No,No,Yes,Yes,No,11,101.0,1,3,False,1,False,1
7422,32,Male,26,99.68,2462.72,Two year,Bank transfer,Fiber optic,No,Yes,Yes,No,2,79.1,4,1,False,24,False,0
7423,64,Male,71,74.97,5376.02,Month-to-month,Electronic check,DSL,No,No,No,No,6,116.7,1,2,False,1,False,1
7424,47,Male,3,116.94,363.69,Month-to-month,Credit card,Fiber optic,Yes,Yes,No,No,6,46.2,2,4,False,1,False,1
7425,36,Male,5,31.57,164.54,Month-to-month,Credit card,No,No,No,No,No,7,31.8,0,1,False,1,False,0
7426,52,Male,4,84.93,332.53,Month-to-month,Bank transfer,DSL,Yes,No,Yes,Yes,7,35.7,1,1,True,1,False,0
7427,32,Male,21,99.68,2136.88,Month-to-month,Bank transfer,DSL,Yes,No,Yes,No,10,62.1,2,0,True,1,False,0
7428,67,Female,3,76.54,237.85,Month-to-month,Credit card,DSL,No,No,No,No,10,61.0,4,2,False,1,True,1
7429,65,Male,25,104.36,2593.43,Month-to-month,Electronic check,Fiber optic,No,Yes,No,No,12,119.0,2,0,False,1,True,1
7430,38,Female,39,99.48,3917.69,Month-to-month,Credit card,DSL,Yes,No,Yes,No,10,42.3,2,3,False,1,False,1
7431,35,Male,13,102.95,1357.08,Two year,Mailed check,Fiber optic,Yes,Yes,No,No,16,122.6,2,2,False,24,False,0
7432,18,Male,19,135.87,2697.44,Month-to-month,Bank transfer,Fiber optic,No,Yes,Yes,No,10,113.3,3,2,False,1,False,1
7433,22,Male,58,134.51,6305.555,Two year,Credit card,Fiber optic,No,Yes,Yes,Yes,5,110.6,1,3,False,24,False,0
7434,24,Female,20,111.4,2290.0,Two year,Electronic check,Fiber optic,No,No,Yes,Yes,9,113.7,1,1,True,24,False,0
7435,47,Male,5,62.44,302.43,Month-to-month,Bank transfer,DSL,No,No,No,No,9,112.9,4,1,False,1,False,1
7436,40,Male,10,81.12,818.16,Month-to-month,Bank transfer,DSL,Yes,No,Yes,Yes,4,20.0,1,2,False,1,False,0
7437,24,Female,18,80.37,1440.26,Month-to-month,Bank transfer,DSL,No,Yes,Yes,Yes,6,16.4,0,1,False,1,False,0
7438,40,Female,4,117.7,458.08,Two year,Bank transfer,Fiber optic,No,No,No,No,14,43.4,2,0,False,24,False,1
7439,52,Female,22,49.59,1037.92,One year,Credit card,No,No,No,Yes,Yes,10,128.6,1,5,True,12,False,1
7440,52,Female,71,144.74,6305.555,Two year,Bank transfer,Fiber optic,Yes,No,Yes,Yes,8,9.7,2,3,False,24,False,1
7441,18,Male,25,72.44,1866.99,Month-to-month,Electronic check,DSL,Yes,No,No,No,10,91.2,1,4,False,1,False,1
7442,43,Male,11,72.47,821.66,Two year,Mailed check,DSL,No,No,No,No,11,65.2,2,2,False,24,False,1
7443,24,Female,9,132.89,1182.8,Month-to-month,Bank transfer,Fiber optic,Yes,No,No,No,9,65.8,2,6,False,1,False,1
7444,58,Male,64,39.61,2454.13,Two year,Credit card,No,No,No,No,No,10,37.4,2,0,False,24,False,1
7445,56,Female,49,94.11,4815.83,Month-to-month,Electronic check,DSL,No,Yes,Yes,No,5,114.9,1,1,False,1,False,1
7446,31,Female,15,95.7,1418.52,One year,Bank transfer,Fiber optic,Yes,No,Yes,Yes,10,37.3,3,3,True,12,False,1
7447,33,Female,10,87.65,863.16,One year,Electronic check,DSL,Yes,Yes,Yes,Yes,6,113.4,1,1,False,12,False,0
7448,38,Male,29,52.28,1533.53,One year,Electronic check,DSL,Yes,Yes,No,No,6,95.2,2,2,False,12,False,1
7449,18,Female,9,103.51,926.01,Month-to-month,Electronic check,Fiber optic,No,No,Yes,Yes,10,87.1,1,5,False,1,False,1
7450,50,Male,3,120.45,355.71,One year,Electronic check,Fiber optic,Yes,No,No,No,4,112.2,3,2,True,12,False,1
7451,40,Male,8,81.06,637.13,Month-to-month,Bank transfer,DSL,No,Yes,No,No,10,10.2,1,3,False,1,False,1
7452,59,Male,13,116.96,1504.1,One year,Bank transfer,Fiber optic,No,Yes,Yes,Yes,13,22.9,3,2,False,12,False,1
7453,28,Female,7,108.11,770.8,One year,Credit card,Fiber optic,Yes,No,No,No,9,100.2,2,1,True,12,False,0
7454,35,Male,5,90.34,429.64,Month-to-month,Bank transfer,Fiber optic,Yes,No,No,No,5,69.4,0,3,False,1,False,1
7455,22,Female,1,113.87,110.49,One year,Credit card,Fiber optic,No,No,Yes,No,8,108.3,2,1,False,12,False,1
7456,29,Male,23,81.23,1822.64,Month-to-month,Electronic check,DSL,Yes,Yes,Yes,Yes,12,27.9,4,1,False,1,False,1
7457,27,Male,22,60.34,1393.8,Month-to-month,Mailed check,DSL,No,No,No,No,10,89.3,2,5,False,1,False,1
7458,59,Male,4,119.99,498.39,Month-to-month,Credit card,Fiber optic,Yes,No,No,No,16,61.6,1,3,False,1,False,1
7459,34,Female,69,119.14,6305.555,Two year,Bank transfer,Fiber optic,Yes,Yes,Yes,Yes,7,9.5,1,2,False,24,False,0
7460,46,Female,12,80.73,988.25,One year,Mailed check,DSL,No,No,Yes,Yes,5,46.8,1,4,False,12,False,1
7461,39,Female,1,120.8,117.61,Two year,Credit card,Fiber optic,Yes,Yes,No,No,11,99.2,0,1,True,24,False,0
7462,25,Female,5,105.71,551.76,Month-to-month,Bank transfer,Fiber optic,Yes,Yes,Yes,No,5,100.6,1,2,False,1,False,1
7463,42,Male,28,84.76,2474.87,One year,Mailed check,Fiber optic,Yes,No,No,No,10,49.7,1,3,False,12,False,0
7464,53,Male,5,80.31,387.98,Month-to-month,Electronic check,Fiber optic,Yes,Yes,No,No,4,85.8,3,2,True,1,False,0
7465,26,Female,1,117.27,122.29,Two year,Credit card,Fiber optic,Yes,No,Yes,Yes,12,39.5,1,1,False,24,False,0
7466,57,Female,23,68.5,1561.39,Month-to-month,Bank transfer,DSL,No,Yes,No,No,8,64.9,4,3,False,1,False,0
7467,32,Female,17,136.13,2312.43,One year,Credit card,Fiber optic,Yes,Yes,Yes,No,3,107.4,4,2,False,12,False,1
7468,37,Female,34,97.92,3393.36,Month-to-month,Electronic check,DSL,No,Yes,Yes,Yes,6,20.1,2,1,True,1,False,0
7469,52,Male,35,128.0,4470.43,Two year,Bank transfer,Fiber optic,No,No,Yes,Yes,7,10.2,2,3,False,24,False,0
7470,35,Female,71,86.74,6290.82,One year,Bank transfer,Fiber optic,No,Yes,No,No,7,87.0,1,3,True,12,False,0
7471,45,Female,1,64.05,63.71,Two year,Bank transfer,DSL,No,Yes,No,No,10,105.0,1,3,False,24,False,1
7472,40,Male,1,94.0,89.93,Month-to-month,Electronic check,DSL,Yes,Yes,Yes,Yes,12,127.4,2,2,True,1,False,1
7473,46,Female,71,73.98,5353.45,Month-to-month,Bank transfer,DSL,Yes,Yes,No,No,10,127.0,3,2,False,1,False,1
7474,18,Male,24,113.13,2592.73,Month-to-month,Mailed check,Fiber optic,No,Yes,Yes,Yes,8,24.9,1,4,False,1,False,1
7475,18,Female,30,69.95,2014.66,Month-to-month,Bank transfer,DSL,No,No,Yes,Yes,8,16.8,2,5,False,1,False,0
7476,54,Male,2,87.97,179.23,Two year,Bank transfer,DSL,No,No,Yes,Yes,8,118.8,1,3,False,24,False,0
7477,60,Female,1,82.65,82.4,Month-to-month,Credit card,Fiber optic,No,Yes,No,No,11,91.6,1,1,True,1,False,0
7478,31,Female,4,90.36,362.88,Month-to-month,Credit card,DSL,Yes,Yes,Yes,No,8,50.8,2,0,True,1,False,1
7479,41,Female,13,82.85,1041.32,Month-to-month,Bank transfer,DSL,Yes,No,Yes,Yes,6,121.4,2,3,False,1,False,1
7480,49,Female,2,36.31,73.96,One year,Electronic check,No,No,No,No,No,12,123.3,0,2,True,12,False,0
7481,55,Female,14,103.01,1380.4,Month-to-month,Bank transfer,Fiber optic,Yes,No,No,No,4,84.3,1,0,False,1,False,0
7482,18,Male,19,85.73,1588.69,Two year,Bank transfer,DSL,Yes,Yes,No,No,6,49.9,0,3,False,24,False,0
7483,31,Female,1,105.73,109.99,Month-to-month,Credit card,Fiber optic,No,Yes,No,No,5,31.1,2,1,False,1,False,0
7484,40,Male,2,86.62,165.02,One year,Bank transfer,Fiber optic,Yes,Yes,No,No,9,79.9,3,4,False,12,False,1
7485,55,Male,11,20.77,234.09,One year,Bank transfer,No,No,No,No,No,3,101.7,2,3,True,12,False,1
7486,80,Male,1,106.24,102.61,Month-to-month,Bank transfer,Fiber optic,Yes,No,Yes,Yes,10,113.4,1,0,False,1,True,1
7487,41,Male,3,125.1,387.81,One year,Mailed check,Fiber optic,Yes,Yes,No,No,9,48.4,3,0,False,12,False,0
7488,23,Female,6,29.96,181.7,Month-to-month,Credit card,No,No,No,No,No,4,124.9,4,3,False,1,False,1
7489,51,Female,13,67.8,840.31,One year,Bank transfer,DSL,No,Yes,No,No,8,7.4,3,2,False,12,False,1
7490,64,Female,30,116.16,3313.52,One year,Bank transfer,Fiber optic,No,No,Yes,Yes,8,109.3,4,1,False,12,False,1
7491,46,Female,3,114.33,345.58,Month-to-month,Electronic check,Fiber optic,No,Yes,Yes,Yes,14,119.8,4,2,False,1,False,1
7492,31,Male,32,41.37,1362.74,Two year,Bank transfer,No,No,No,No,No,7,50.7,1,0,False,24,False,0
7493,59,Male,46,48.73,2289.57,One year,Credit card,No,No,Yes,Yes,No,4,80.8,2,1,False,12,False,0
7494,54,Male,25,69.53,1702.71,One year,Bank transfer,DSL,No,No,No,No,13,61.0,0,5,False,12,False,0
7495,29,Female,1,67.18,68.68,Month-to-month,Credit card,DSL,Yes,No,No,No,10,32.3,0,2,True,1,False,0
7496,50,Female,13,79.07,1005.08,Month-to-month,Electronic check,DSL,No,No,No,No,6,93.7,4,3,True,1,False,1
7497,59,Female,25,76.52,1912.05,Month-to-month,Mailed check,DSL,Yes,No,Yes,Yes,7,126.0,1,2,True,1,False,1
7498,62,Female,71,123.24,6305.555,Two year,Credit card,Fiber optic,No,No,Yes,Yes,9,13.9,1,3,True,24,False,1
7499,44,Male,71,146.8,6305.555,Two year,Electronic check,Fiber optic,No,Yes,Yes,Yes,10,82.6,2,3,False,24,False,0
7500,39,Female,12,119.71,1502.63,Month-to-month,Electronic check,Fiber optic,No,Yes,Yes,No,10,56.9,2,2,False,1,False,1
7501,63,Female,22,109.07,2435.11,Month-to-month,Bank transfer,Fiber optic,Yes,No,Yes,No,4,79.7,1,0,False,1,False,1
7502,26,Male,53,97.71,5035.77,One year,Bank transfer,DSL,No,No,Yes,Yes,6,92.5,2,1,False,12,False,1
7503,51,Male,42,101.31,4094.66,One year,Bank transfer,Fiber optic,Yes,Yes,Yes,Yes,11,103.1,3,2,False,12,False,1
7504,24,Female,15,41.64,609.45,Two year,Bank transfer,No,No,No,No,No,12,56.9,2,1,False,24,False,1
7505,60,Female,7,130.64,902.71,Month-to-month,Bank transfer,Fiber optic,Yes,No,Yes,Yes,11,17.9,2,4,False,1,False,1
7506,41,Male,3,73.79,229.46,Month-to-month,Credit card,DSL,Yes,No,No,No,5,126.6,3,2,False,1,False,1
7507,64,Female,16,81.15,1322.08,Month-to-month,Bank transfer,DSL,Yes,Yes,No,No,6,24.8,3,2,False,1,False,1
7508,52,Male,30,81.16,2400.74,Month-to-month,Bank transfer,DSL,No,Yes,Yes,Yes,5,30.2,0,2,False,1,False,0
7509,26,Male,71,141.03,6305.555,Two year,Mailed check,Fiber optic,No,No,Yes,Yes,4,14.4,5,4,False,24,False,1
7510,66,Female,47,83.32,3813.33,Month-to-month,Mailed check,DSL,Yes,No,No,No,9,84.9,4,0,True,1,True,1
7511,68,Male,5,111.24,534.66,Two year,Bank transfer,Fiber optic,Yes,Yes,Yes,Yes,9,73.4,6,2,True,24,True,1
7512,58,Female,30,103.54,3218.42,Month-to-month,Bank transfer,Fiber optic,Yes,No,Yes,Yes,14,25.5,3,1,False,1,False,0
7513,33,Female,8,112.71,899.13,One year,Electronic check,Fiber optic,Yes,Yes,Yes,Yes,13,129.0,2,0,False,12,False,1
7514,40,Female,27,71.5,2016.64,One year,Electronic check,DSL,Yes,No,Yes,Yes,5,39.7,3,6,False,12,False,0
7515,47,Female,26,113.53,3034.38,Month-to-month,Bank transfer,Fiber optic,Yes,No,Yes,No,5,21.2,1,1,False,1,False,1
7516,34,Male,7,126.73,904.25,Month-to-month,Electronic check,Fiber optic,No,No,Yes,Yes,5,13.3,3,6,False,1,False,1
7517,70,Female,6,90.5,534.65,One year,Bank transfer,DSL,No,Yes,Yes,Yes,7,48.3,2,2,False,12,True,0
7518,47,Female,2,50.06,99.83,Two year,Electronic check,No,No,Yes,Yes,No,4,110.0,2,0,False,24,False,1
7519,18,Male,1,114.09,111.09,Month-to-month,Mailed check,Fiber optic,No,No,No,No,7,95.4,2,2,True,1,False,1
7520,50,Female,46,64.92,3075.77,Two year,Bank transfer,DSL,Yes,No,Yes,No,12,5.4,0,2,True,24,False,0
7521,39,Female,1,109.53,109.16,Two year,Credit card,Fiber optic,No,No,Yes,Yes,9,53.9,2,3,False,24,False,0
7522,43,Female,2,87.39,179.83,One year,Bank transfer,DSL,No,Yes,Yes,Yes,12,52.1,2,4,False,12,False,1
7523,39,Female,6,97.56,560.9,One year,Electronic check,Fiber optic,Yes,No,No,No,6,88.2,4,1,True,12,False,1
7524,57,Male,52,118.57,6051.36,Month-to-month,Electronic check,Fiber optic,Yes,No,Yes,No,6,24.7,2,1,False,1,False,0
7525,61,Male,9,85.39,736.83,Month-to-month,Credit card,DSL,Yes,No,Yes,No,3,105.4,1,1,False,1,False,1
7526,49,Female,5,101.19,510.51,One year,Bank transfer,DSL,Yes,No,Yes,Yes,10,57.8,1,5,True,12,False,0
7527,39,Male,30,81.81,2509.21,One year,Bank transfer,DSL,No,Yes,Yes,Yes,4,61.3,3,1,True,12,False,0
7528,44,Male,9,82.9,767.35,Month-to-month,Electronic check,Fiber optic,No,Yes,No,No,8,82.2,1,3,False,1,False,1
7529,45,Male,9,70.36,625.03,Two year,Electronic check,DSL,Yes,Yes,No,No,6,108.8,0,1,False,24,False,1
7530,32,Male,32,121.34,3741.86,Month-to-month,Credit card,Fiber optic,Yes,Yes,Yes,Yes,6,5.8,3,2,False,1,False,0
7531,53,Female,6,80.85,507.82,Two year,Bank transfer,DSL,Yes,No,Yes,No,7,111.2,4,4,False,24,False,0
7532,51,Male,54,103.73,5427.75,One year,Bank transfer,DSL,Yes,No,Yes,No,8,61.6,2,3,False,12,False,1
7533,68,Female,19,78.2,1459.49,One year,Bank transfer,DSL,Yes,No,No,No,7,43.3,1,5,True,12,True,0
7534,63,Female,18,101.46,1790.62,One year,Electronic check,DSL,No,Yes,Yes,No,6,86.2,0,2,False,12,False,1
7535,34,Male,7,77.48,557.0,One year,Bank transfer,DSL,Yes,Yes,No,No,11,86.7,1,0,False,12,False,0
7536,57,Female,43,58.39,2595.26,Month-to-month,Credit card,No,No,No,Yes,Yes,5,76.1,4,2,False,1,False,0
7537,30,Male,20,113.0,2211.51,Month-to-month,Electronic check,Fiber optic,Yes,Yes,Yes,Yes,8,85.9,1,0,False,1,False,0
7538,55,Female,4,46.69,182.71,One year,Credit card,No,No,Yes,Yes,Yes,10,92.2,2,3,False,12,False,1
7539,37,Female,5,83.2,423.89,Two year,Bank transfer,DSL,Yes,Yes,Yes,Yes,4,92.8,5,1,False,24,False,1
7540,29,Male,15,120.79,1876.89,One year,Electronic check,Fiber optic,No,No,Yes,No,11,84.4,4,2,True,12,False,1
7541,49,Female,36,98.39,3418.54,Month-to-month,Bank transfer,Fiber optic,Yes,No,Yes,Yes,12,11.0,4,1,False,1,False,1
7542,18,Male,67,104.83,6305.555,Month-to-month,Credit card,Fiber optic,No,Yes,Yes,Yes,11,88.4,2,4,False,1,False,1
7543,18,Female,26,103.37,2736.85,One year,Electronic check,DSL,Yes,Yes,Yes,Yes,7,16.1,1,0,True,12,False,0
7544,42,Female,16,72.78,1141.38,One year,Credit card,DSL,No,No,Yes,Yes,11,119.1,1,1,False,12,False,0
7545,46,Male,6,80.18,493.85,Two year,Bank transfer,Fiber optic,No,Yes,No,No,13,77.3,0,0,False,24,False,0
7546,39,Male,26,144.83,3595.0,Month-to-month,Bank transfer,Fiber optic,Yes,No,Yes,Yes,8,80.6,3,5,False,1,False,0
7547,21,Male,71,121.36,6305.555,Month-to-month,Mailed check,Fiber optic,Yes,Yes,Yes,Yes,6,27.6,2,4,False,1,False,1
7548,32,Female,15,94.7,1417.23,Month-to-month,Bank transfer,DSL,Yes,No,Yes,No,6,88.3,2,1,False,1,False,1
7549,50,Male,4,83.93,326.07,One year,Bank transfer,DSL,Yes,Yes,No,No,9,74.8,3,2,False,12,False,1
7550,53,Male,2,59.27,120.63,Month-to-month,Credit card,No,No,No,Yes,Yes,16,56.5,2,2,False,1,False,1
7551,44,Male,7,114.84,771.17,Month-to-month,Electronic check,Fiber optic,Yes,Yes,Yes,No,7,109.0,2,2,False,1,False,1
7552,62,Male,20,142.82,2849.21,Month-to-month,Credit card,Fiber optic,No,No,Yes,Yes,10,22.1,2,0,False,1,False,1
7553,50,Female,70,80.72,5898.4,One year,Bank transfer,DSL,Yes,Yes,Yes,Yes,8,111.3,2,1,False,12,False,0
7554,33,Female,8,136.71,1108.83,Month-to-month,Bank transfer,Fiber optic,Yes,Yes,Yes,Yes,11,21.1,1,3,False,1,False,1
7555,40,Female,8,89.42,686.35,Month-to-month,Electronic check,DSL,No,No,Yes,Yes,4,71.5,2,2,False,1,False,1
7556,23,Female,15,74.5,1159.55,Month-to-month,Mailed check,DSL,Yes,Yes,Yes,Yes,7,72.9,2,3,True,1,False,1
7557,43,Female,60,89.39,5540.09,Two year,Bank transfer,Fiber optic,Yes,No,No,No,11,45.5,3,2,False,24,False,0
7558,61,Female,13,114.76,1527.63,Month-to-month,Mailed check,Fiber optic,Yes,Yes,No,No,8,70.0,2,6,False,1,False,1
7559,55,Male,6,74.43,431.55,One year,Bank transfer,DSL,Yes,Yes,Yes,Yes,6,57.8,3,2,False,12,False,1
7560,66,Female,4,98.02,396.7,One year,Bank transfer,Fiber optic,Yes,No,Yes,No,7,38.7,4,1,False,12,True,1
7561,40,Male,14,139.94,2015.1,One year,Bank transfer,Fiber optic,No,No,Yes,No,8,54.0,2,0,False,12,False,0
7562,65,Male,38,49.08,1904.86,One year,Credit card,No,No,No,Yes,Yes,2,25.1,1,3,False,12,True,0
7563,42,Male,8,92.77,729.81,Month-to-month,Credit card,DSL,No,No,No,No,15,88.5,0,0,False,1,False,0
7564,67,Male,17,91.0,1616.61,Month-to-month,Bank transfer,DSL,Yes,No,Yes,Yes,9,29.1,0,1,False,1,True,0
7565,44,Female,22,70.96,1514.18,Month-to-month,Bank transfer,No,No,No,Yes,Yes,9,103.2,2,2,True,1,False,1
7566,55,Female,14,83.08,1155.92,One year,Electronic check,Fiber optic,Yes,No,No,No,5,24.5,1,4,False,12,False,0
7567,67,Female,5,122.23,605.65,Two year,Bank transfer,Fiber optic,No,No,Yes,Yes,8,69.7,2,4,False,24,True,0
7568,42,Male,61,82.01,5200.92,Two year,Credit card,DSL,No,Yes,Yes,No,6,98.2,1,3,True,24,False,0
7569,48,Female,20,63.85,1239.8,One year,Electronic check,No,No,No,Yes,No,3,63.7,2,2,False,12,False,0
7570,64,Female,31,93.35,2972.3,Two year,Bank transfer,Fiber optic,No,No,Yes,Yes,5,18.5,2,1,False,24,False,0
7571,43,Female,24,118.91,2863.03,Two year,Credit card,Fiber optic,Yes,Yes,No,No,3,62.7,0,0,False,24,False,1
7572,25,Female,71,41.31,3006.42,One year,Electronic check,No,No,Yes,Yes,Yes,9,16.7,0,2,False,12,False,0
7573,77,Female,14,137.09,1826.87,Month-to-month,Credit card,Fiber optic,No,No,Yes,Yes,9,25.4,2,0,False,1,True,1
7574,37,Female,13,73.28,969.34,Month-to-month,Credit card,DSL,No,No,Yes,Yes,7,92.1,3,3,False,1,False,1
7575,47,Male,10,145.17,1411.76,Two year,Mailed check,Fiber optic,Yes,No,Yes,Yes,7,112.7,1,2,False,24,False,0
7576,62,Male,10,122.23,1216.65,One year,Electronic check,Fiber optic,Yes,No,No,No,9,19.2,2,3,False,12,False,1
7577,35,Female,7,121.7,849.83,Two year,Credit card,Fiber optic,Yes,No,Yes,Yes,5,77.8,2,1,False,24,False,0
7578,29,Male,71,114.98,6305.555,Month-to-month,Bank transfer,Fiber optic,No,No,No,No,4,13.7,1,3,False,1,False,0
7579,48,Male,49,80.21,3916.72,Month-to-month,Bank transfer,DSL,No,Yes,No,No,6,37.3,1,2,False,1,False,0
7580,18,Female,9,97.28,868.3,Month-to-month,Credit card,Fiber optic,Yes,Yes,No,No,10,125.9,2,1,False,1,False,1
7581,40,Male,8,140.92,1156.71,Month-to-month,Bank transfer,Fiber optic,Yes,Yes,Yes,Yes,5,113.7,3,2,True,1,False,0
7582,48,Female,2,81.85,162.4,Two year,Credit card,DSL,Yes,Yes,Yes,Yes,16,11.3,3,1,False,24,False,1
7583,40,Male,50,124.67,6305.555,Month-to-month,Electronic check,Fiber optic,No,No,Yes,Yes,10,103.4,1,1,False,1,False,1
7584,21,Female,11,31.74,350.16,One year,Mailed check,No,No,No,No,No,4,23.1,0,2,True,12,False,1
7585,68,Male,20,71.02,1473.18,Month-to-month,Bank transfer,DSL,Yes,Yes,No,No,4,60.6,1,4,False,1,True,1
7586,46,Male,55,61.47,3436.96,Month-to-month,Bank transfer,DSL,Yes,No,No,No,6,98.1,2,1,False,1,False,0
7587,66,Male,12,94.2,1147.47,Month-to-month,Electronic check,DSL,No,No,Yes,No,4,69.7,0,2,False,1,True,0
7588,41,Male,39,74.49,2924.08,Two year,Bank transfer,DSL,Yes,Yes,No,No,4,92.9,3,0,True,24,False,1
7589,31,Female,13,62.42,811.16,One year,Bank transfer,DSL,Yes,No,No,No,8,20.7,3,0,False,12,False,0
7590,49,Male,28,39.94,1103.06,One year,Bank transfer,No,No,No,No,No,7,83.0,3,1,False,12,False,0
7591,41,Female,13,71.76,960.95,Two year,Electronic check,DSL,No,No,Yes,Yes,7,62.4,1,6,False,24,False,0
7592,27,Female,11,33.06,368.74,Two year,Credit card,No,No,Yes,No,No,9,35.9,1,4,False,24,False,0
7593,67,Male,71,85.19,5885.61,Month-to-month,Bank transfer,DSL,Yes,No,Yes,No,8,117.0,2,3,False,1,True,1
7594,35,Male,22,52.59,1177.46,Month-to-month,Bank transfer,No,No,No,Yes,Yes,11,38.8,0,3,False,1,False,1
7595,18,Female,10,85.18,813.34,Month-to-month,Credit card,DSL,Yes,Yes,Yes,Yes,11,27.6,2,3,False,1,False,1
7596,64,Male,7,129.1,946.72,Month-to-month,Bank transfer,Fiber optic,Yes,Yes,Yes,No,7,78.0,3,1,True,1,False,1
7597,37,Female,1,70.81,69.54,Month-to-month,Credit card,DSL,Yes,Yes,Yes,Yes,9,43.3,1,3,False,1,False,1
7598,35,Male,29,76.99,2147.37,Month-to-month,Mailed check,DSL,No,Yes,Yes,No,10,69.1,1,2,False,1,False,1
7599,18,Female,11,83.99,899.11,Month-to-month,Mailed check,DSL,No,Yes,No,No,10,29.3,1,0,False,1,False,0
7600,71,Male,41,118.77,5088.9,Two year,Mailed check,Fiber optic,No,Yes,No,No,10,108.4,0,0,True,24,True,0
7601,25,Male,10,59.34,593.03,Two year,Bank transfer,DSL,Yes,No,No,No,12,106.6,3,2,True,24,False,0
7602,45,Female,11,47.84,551.35,Month-to-month,Electronic check,No,No,Yes,Yes,Yes,4,22.7,0,3,False,1,False,1
7603,58,Female,36,88.31,3123.8,Two year,Mailed check,DSL,Yes,Yes,Yes,Yes,6,41.7,2,0,False,24,False,0
7604,51,Female,16,81.12,1238.63,One year,Mailed check,DSL,No,No,No,No,6,12.7,1,6,False,12,False,0
7605,44,Male,51,80.95,4301.39,Month-to-month,Bank transfer,DSL,No,No,Yes,No,6,102.6,3,1,False,1,False,1
7606,19,Male,21,98.89,2163.48,One year,Electronic check,Fiber optic,No,No,No,No,11,93.7,2,0,False,12,False,1
7607,32,Male,6,72.77,430.2,Month-to-month,Credit card,DSL,Yes,No,No,No,8,45.0,3,1,True,1,False,0
7608,47,Male,20,54.22,1101.78,Month-to-month,Electronic check,DSL,No,No,No,No,5,20.5,0,0,True,1,False,0
7609,33,Female,1,134.15,130.89,Month-to-month,Electronic check,Fiber optic,Yes,Yes,Yes,Yes,12,117.1,1,2,False,1,False,1
7610,48,Female,8,78.17,633.18,Month-to-month,Credit card,DSL,No,No,No,No,6,92.2,1,2,False,1,False,1
7611,55,Male,5,116.06,555.01,Month-to-month,Bank transfer,Fiber optic,Yes,No,Yes,Yes,7,114.9,1,3,False,1,False,1
7612,59,Male,25,81.29,2001.0,Month-to-month,Bank transfer,DSL,No,No,No,No,5,62.7,3,2,False,1,False,1
7613,26,Male,3,123.74,367.05,Two year,Credit card,Fiber optic,No,Yes,No,No,10,120.3,1,1,False,24,False,1
7614,77,Female,8,51.24,402.19,One year,Credit card,No,No,No,Yes,Yes,6,105.1,0,1,True,12,True,0
7615,56,Female,9,81.63,733.98,One year,Bank transfer,DSL,No,No,No,No,6,82.7,2,2,True,12,False,0
7616,44,Male,1,85.48,86.83,One year,Credit card,DSL,Yes,Yes,Yes,No,11,103.4,1,1,True,12,False,1
7617,61,Female,1,33.81,33.81,One year,Credit card,No,No,Yes,No,No,6,91.0,2,2,False,12,False,1
7618,80,Male,8,119.93,954.36,Month-to-month,Credit card,Fiber optic,Yes,Yes,Yes,No,5,41.6,3,1,False,1,True,1
7619,23,Male,6,103.89,633.45,Two year,Electronic check,Fiber optic,Yes,No,Yes,Yes,7,101.0,2,2,False,24,False,1
7620,41,Female,2,107.94,223.35,Two year,Bank transfer,Fiber optic,Yes,No,No,No,6,61.9,1,1,False,24,False,0
7621,18,Female,4,82.81,329.39,Month-to-month,Bank transfer,DSL,Yes,Yes,No,No,9,71.7,0,1,True,1,False,0
7622,47,Female,43,45.01,1930.2,One year,Credit card,No,No,No,Yes,Yes,6,32.2,5,3,False,12,False,1
7623,50,Female,27,126.77,3549.14,One year,Bank transfer,Fiber optic,No,Yes,Yes,Yes,7,125.2,1,0,False,12,False,1
7624,44,Male,15,118.38,1688.36,Month-to-month,Electronic check,Fiber optic,No,Yes,Yes,Yes,4,50.2,2,1,True,1,False,1
7625,35,Female,57,47.46,2681.5,Month-to-month,Credit card,No,No,Yes,No,No,9,123.9,6,1,True,1,False,1
7626,18,Female,1,125.33,119.34,Month-to-month,Credit card,Fiber optic,Yes,No,Yes,Yes,8,42.4,4,4,False,1,False,0
7627,50,Female,10,90.69,895.7,Two year,Credit card,Fiber optic,No,No,No,No,5,56.5,3,2,False,24,False,0
7628,66,Female,41,44.85,1794.56,Month-to-month,Electronic check,No,No,Yes,No,No,13,67.6,2,3,False,1,True,1
7629,36,Male,23,64.43,1490.33,Month-to-month,Electronic check,DSL,No,No,No,No,8,8.8,3,2,False,1,False,1
7630,51,Male,71,87.24,6259.53,Month-to-month,Electronic check,DSL,Yes,No,No,No,7,46.9,3,1,False,1,False,0
7631,21,Female,69,99.55,6305.555,One year,Bank transfer,DSL,No,No,Yes,Yes,7,91.0,1,0,False,12,False,0
7632,51,Female,4,40.99,164.49,Two year,Electronic check,No,No,Yes,No,No,13,112.0,1,1,False,24,False,1
7633,39,Male,71,110.03,6305.555,One year,Electronic check,Fiber optic,Yes,Yes,No,No,8,129.2,2,3,False,12,False,1
7634,33,Male,69,74.57,4916.89,Month-to-month,Credit card,DSL,No,No,No,No,5,15.1,0,1,False,1,False,0
7635,33,Female,11,75.6,792.73,One year,Electronic check,DSL,Yes,Yes,No,No,9,130.0,5,1,True,12,False,1
7636,39,Male,71,81.96,6128.07,One year,Bank transfer,DSL,Yes,No,Yes,Yes,7,60.8,2,4,False,12,False,0
7637,50,Male,1,95.66,96.3,One year,Bank transfer,DSL,Yes,No,Yes,Yes,4,38.2,4,2,False,12,False,1
7638,25,Male,25,49.43,1187.4,One year,Bank transfer,No,No,Yes,Yes,Yes,8,94.8,5,0,False,12,False,1
7639,39,Male,7,108.88,778.79,Month-to-month,Electronic check,Fiber optic,Yes,No,No,No,6,7.5,2,0,False,1,False,1
7640,44,Female,3,59.56,185.05,Month-to-month,Electronic check,No,No,No,Yes,Yes,9,106.8,1,1,False,1,False,1
7641,28,Male,20,110.69,2317.19,Month-to-month,Credit card,Fiber optic,No,Yes,Yes,Yes,9,104.8,3,5,False,1,False,0
7642,71,Male,8,116.76,964.9,Two year,Bank transfer,Fiber optic,No,No,Yes,Yes,8,107.1,3,2,False,24,True,1
7643,32,Female,26,108.35,2887.57,One year,Electronic check,Fiber optic,No,No,No,No,5,40.2,0,3,False,12,False,0
7644,34,Female,18,52.89,988.04,One year,Bank transfer,No,No,No,Yes,Yes,8,107.0,1,3,True,12,False,0
7645,30,Female,11,39.93,438.68,Two year,Bank transfer,No,No,Yes,Yes,Yes,9,11.0,1,1,True,24,False,0
7646,71,Male,4,57.6,230.08,Two year,Bank transfer,No,No,Yes,Yes,No,5,37.0,4,2,True,24,True,1
7647,53,Female,22,92.54,2071.7,Month-to-month,Bank transfer,Fiber optic,Yes,Yes,No,No,7,79.0,2,0,True,1,False,0
7648,30,Male,42,78.14,3405.09,Month-to-month,Credit card,DSL,No,Yes,No,No,8,79.9,4,2,False,1,False,1
7649,61,Female,21,84.01,1712.83,Two year,Credit card,Fiber optic,Yes,Yes,No,No,7,125.5,2,3,False,24,False,1
7650,48,Male,22,81.45,1779.6,Two year,Credit card,DSL,Yes,No,Yes,Yes,6,127.3,2,1,True,24,False,0
7651,48,Female,17,85.86,1496.82,One year,Electronic check,DSL,No,Yes,Yes,No,6,56.5,3,1,False,12,False,1
7652,39,Female,11,92.19,992.05,Two year,Bank transfer,DSL,No,No,Yes,Yes,8,22.2,4,2,False,24,False,0
7653,33,Male,14,77.12,1031.7,Month-to-month,Credit card,DSL,No,No,Yes,Yes,8,59.1,1,2,False,1,False,0
7654,50,Female,71,118.96,6305.555,Month-to-month,Credit card,Fiber optic,Yes,No,No,No,7,7.5,5,2,True,1,False,1
7655,36,Female,33,74.07,2559.82,Month-to-month,Electronic check,DSL,Yes,Yes,No,No,9,45.8,4,0,False,1,False,0
7656,72,Female,13,129.08,1702.55,Two year,Mailed check,Fiber optic,Yes,No,No,No,7,32.9,2,5,False,24,True,1
7657,25,Female,14,75.79,1090.53,One year,Credit card,DSL,No,Yes,No,No,12,108.5,0,2,True,12,False,1
7658,68,Female,16,107.6,1652.94,One year,Bank transfer,Fiber optic,Yes,Yes,Yes,Yes,9,119.2,4,0,False,12,True,1
7659,43,Male,25,108.62,2723.36,Month-to-month,Electronic check,Fiber optic,Yes,No,Yes,No,8,108.8,2,2,True,1,False,0
7660,49,Male,15,71.52,1113.22,Month-to-month,Bank transfer,DSL,Yes,No,No,No,9,97.2,0,0,True,1,False,1
7661,57,Female,27,104.92,2940.45,Two year,Electronic check,Fiber optic,Yes,Yes,No,No,3,75.2,1,0,False,24,False,0
7662,35,Female,9,106.46,1004.09,Month-to-month,Bank transfer,Fiber optic,No,No,No,No,5,98.4,3,4,False,1,False,0
7663,57,Male,12,110.65,1370.92,One year,Bank transfer,Fiber optic,No,Yes,Yes,Yes,10,40.6,2,3,True,12,False,0
7664,18,Male,47,124.64,6077.19,One year,Credit card,Fiber optic,No,No,No,No,7,78.7,1,1,True,12,False,1
7665,34,Female,9,126.54,1105.3,One year,Bank transfer,Fiber optic,No,Yes,Yes,Yes,7,112.2,1,6,False,12,False,1
7666,31,Male,71,85.21,5844.36,Two year,Credit card,DSL,No,Yes,Yes,Yes,8,80.7,1,0,False,24,False,0
7667,26,Female,4,137.18,557.25,Month-to-month,Bank transfer,Fiber optic,No,No,Yes,Yes,7,24.1,1,2,False,1,False,1
7668,41,Female,6,136.54,834.79,One year,Credit card,Fiber optic,No,No,Yes,Yes,9,35.1,0,2,True,12,False,0
7669,50,Female,14,98.36,1434.52,Month-to-month,Bank transfer,DSL,No,Yes,Yes,Yes,12,69.6,3,3,False,1,False,1
7670,55,Female,38,127.98,4891.04,Month-to-month,Electronic check,Fiber optic,No,No,Yes,Yes,10,72.3,4,2,False,1,False,1
7671,48,Male,31,111.91,3442.87,Month-to-month,Electronic check,Fiber optic,Yes,Yes,Yes,No,8,60.4,1,2,True,1,False,0
7672,35,Male,4,92.01,384.03,Month-to-month,Credit card,DSL,Yes,No,Yes,Yes,9,107.7,0,0,True,1,False,0
7673,50,Male,6,117.62,684.47,Two year,Credit card,Fiber optic,Yes,Yes,Yes,No,6,19.6,3,3,False,24,False,1
7674,46,Female,20,132.26,2636.91,One year,Credit card,Fiber optic,No,No,Yes,No,9,63.0,3,1,False,12,False,1
7675,59,Male,8,66.83,510.23,Month-to-month,Bank transfer,DSL,No,Yes,No,No,5,19.0,3,6,True,1,False,1
7676,56,Female,13,117.18,1568.22,Month-to-month,Credit card,Fiber optic,Yes,Yes,Yes,Yes,5,38.9,1,2,False,1,False,1
7677,45,Female,16,103.96,1683.94,Month-to-month,Mailed check,Fiber optic,Yes,No,No,No,8,65.2,2,1,False,1,False,1
7678,31,Male,21,84.93,1746.08,One year,Credit card,DSL,Yes,No,Yes,Yes,8,22.4,1,0,False,12,False,1
7679,35,Female,6,56.29,339.06,Two year,Electronic check,No,No,Yes,Yes,Yes,10,16.0,3,2,True,24,False,1
7680,36,Female,4,45.44,185.16,Month-to-month,Bank transfer,No,No,Yes,No,No,8,15.6,5,3,True,1,False,1
7681,40,Female,12,111.82,1380.94,Month-to-month,Credit card,Fiber optic,No,No,No,No,12,85.2,2,3,False,1,False,1
7682,49,Male,2,74.26,142.63,Month-to-month,Bank transfer,DSL,No,No,No,No,7,17.1,1,6,False,1,False,1
7683,55,Female,17,134.71,2219.67,Month-to-month,Electronic check,Fiber optic,Yes,No,Yes,Yes,11,125.3,3,2,True,1,False,0
7684,44,Male,43,103.06,4441.67,One year,Credit card,Fiber optic,No,No,No,No,6,46.2,1,2,False,12,False,1
7685,45,Female,3,30.9,94.65,Month-to-month,Credit card,No,No,Yes,No,No,8,65.8,0,1,True,1,False,1
7686,47,Male,2,52.52,109.03,Month-to-month,Bank transfer,No,No,No,Yes,Yes,4,122.5,1,0,True,1,False,1
7687,37,Female,2,59.26,119.05,Month-to-month,Electronic check,DSL,No,Yes,No,No,3,116.7,2,1,False,1,False,1
7688,31,Male,45,80.08,3533.21,One year,Mailed check,DSL,No,Yes,Yes,Yes,15,21.8,3,3,False,12,False,1
7689,18,Male,2,66.5,137.76,Month-to-month,Electronic check,DSL,Yes,No,No,No,9,8.0,2,0,False,1,False,1
7690,34,Female,71,103.9,6305.555,Two year,Electronic check,Fiber optic,Yes,No,Yes,Yes,12,99.9,1,2,False,24,False,1
7691,52,Female,10,117.5,1145.51,One year,Electronic check,Fiber optic,No,No,No,No,10,17.6,3,3,False,12,False,1
7692,34,Female,9,139.19,1265.51,One year,Electronic check,Fiber optic,Yes,Yes,Yes,No,7,108.3,0,3,False,12,False,0
7693,41,Female,2,111.53,219.08,Month-to-month,Electronic check,Fiber optic,No,Yes,Yes,Yes,9,7.1,0,0,False,1,False,1
7694,51,Male,21,106.0,2306.04,Month-to-month,Bank transfer,DSL,Yes,No,Yes,Yes,9,92.7,4,1,False,1,False,1
7695,52,Female,21,55.03,1145.07,Month-to-month,Bank transfer,DSL,No,No,No,No,14,23.4,3,2,True,1,False,1
7696,28,Male,16,96.19,1602.74,Month-to-month,Electronic check,DSL,Yes,No,Yes,No,4,22.1,3,4,False,1,False,1
7697,59,Female,8,146.24,1166.98,Month-to-month,Credit card,Fiber optic,Yes,Yes,Yes,Yes,3,112.4,4,4,False,1,False,1
7698,61,Male,11,110.88,1247.98,Month-to-month,Electronic check,Fiber optic,Yes,No,No,No,12,7.1,2,3,False,1,False,1
7699,28,Male,9,50.55,447.88,Month-to-month,Bank transfer,No,No,No,Yes,Yes,10,59.3,3,3,False,1,False,1
7700,32,Male,13,122.23,1593.25,Month-to-month,Credit card,Fiber optic,Yes,Yes,Yes,Yes,8,21.6,1,3,False,1,False,0
7701,62,Female,10,43.84,446.75,Two year,Bank transfer,No,No,Yes,Yes,Yes,9,90.4,2,4,False,24,False,0
7702,42,Female,27,81.54,2133.4,Month-to-month,Credit card,DSL,Yes,No,Yes,Yes,9,102.7,1,3,True,1,False,0
7703,18,Male,8,109.73,849.25,Month-to-month,Bank transfer,Fiber optic,Yes,No,Yes,Yes,9,20.2,2,1,False,1,False,1
7704,24,Male,10,85.52,819.88,Month-to-month,Credit card,DSL,Yes,No,Yes,Yes,6,126.0,4,2,False,1,False,1
7705,41,Male,13,74.35,952.27,One year,Mailed check,DSL,No,No,Yes,Yes,9,99.3,3,3,True,12,False,0
7706,27,Male,1,58.6,59.12,One year,Electronic check,No,No,Yes,Yes,Yes,7,109.0,1,3,False,12,False,1
7707,38,Male,16,126.72,1948.07,Month-to-month,Electronic check,Fiber optic,No,No,Yes,Yes,8,71.4,1,5,True,1,False,1
7708,45,Female,7,83.73,565.58,One year,Credit card,DSL,Yes,No,Yes,No,5,112.1,2,5,True,12,False,1
7709,66,Male,1,70.91,72.95,Month-to-month,Bank transfer,DSL,Yes,No,No,No,8,57.8,1,4,False,1,True,1
7710,40,Female,58,86.22,4969.23,One year,Electronic check,DSL,Yes,No,Yes,Yes,7,20.4,4,1,False,12,False,1
7711,61,Female,9,71.83,619.91,One year,Mailed check,DSL,No,No,Yes,Yes,11,55.2,1,1,False,12,False,1
7712,66,Female,13,102.49,1308.26,One year,Bank transfer,Fiber optic,Yes,No,No,No,4,35.4,0,2,True,12,True,0
7713,66,Male,42,135.81,5682.66,One year,Electronic check,Fiber optic,Yes,Yes,Yes,Yes,5,11.7,1,2,False,12,True,1
7714,49,Male,4,138.92,541.04,Month-to-month,Credit card,Fiber optic,Yes,No,Yes,Yes,13,55.7,5,1,False,1,False,1
7715,18,Male,45,85.28,3905.73,Month-to-month,Credit card,DSL,Yes,Yes,Yes,Yes,2,30.3,1,2,False,1,False,0
7716,51,Male,6,77.94,482.0,Month-to-month,Bank transfer,DSL,No,No,Yes,Yes,8,40.7,2,1,True,1,False,0
7717,60,Female,21,64.87,1399.7,Two year,Electronic check,DSL,Yes,No,No,No,5,18.8,2,1,False,24,False,0
7718,43,Female,27,106.4,2892.26,Month-to-month,Electronic check,Fiber optic,Yes,No,No,No,7,96.7,2,1,False,1,False,1
7719,71,Female,56,53.23,2967.76,Month-to-month,Bank transfer,No,No,Yes,No,No,8,5.8,1,2,False,1,True,1
7720,57,Male,22,81.57,1871.1,Month-to-month,Credit card,DSL,No,No,Yes,No,11,56.6,4,2,False,1,False,1
7721,53,Male,14,92.35,1243.06,Month-to-month,Electronic check,DSL,No,Yes,Yes,No,8,87.9,0,3,False,1,False,1
7722,61,Male,20,94.71,1896.26,One year,Mailed check,DSL,Yes,No,Yes,Yes,4,60.4,2,3,False,12,False,1
7723,50,Male,5,75.54,370.94,Month-to-month,Bank transfer,DSL,No,No,No,No,7,53.1,4,1,True,1,False,0
7724,18,Male,28,67.73,1886.08,Month-to-month,Bank transfer,DSL,Yes,No,No,No,10,47.6,2,2,False,1,False,0
7725,37,Male,4,52.63,213.47,Month-to-month,Electronic check,No,No,No,Yes,No,5,105.6,3,2,False,1,False,0
7726,62,Female,19,102.46,1961.91,One year,Electronic check,Fiber optic,Yes,No,Yes,No,13,36.7,2,6,False,12,False,0
7727,32,Female,25,96.1,2453.8,Month-to-month,Mailed check,DSL,No,No,Yes,No,8,12.5,4,2,False,1,False,0
7728,41,Male,54,72.21,3711.52,Month-to-month,Credit card,DSL,No,Yes,Yes,No,7,25.5,0,2,False,1,False,0
7729,29,Female,14,91.17,1273.87,One year,Credit card,DSL,No,No,Yes,Yes,7,115.0,1,3,False,12,False,1
7730,71,Female,35,58.0,2068.9,Month-to-month,Bank transfer,DSL,No,No,No,No,9,109.7,6,1,True,1,True,1
7731,70,Female,4,113.29,466.5,Month-to-month,Mailed check,Fiber optic,No,No,No,No,6,64.9,3,2,True,1,True,1
7732,31,Female,4,132.43,509.27,One year,Credit card,Fiber optic,No,No,Yes,Yes,9,36.1,1,1,True,12,False,1
7733,47,Male,17,104.24,1739.65,Month-to-month,Credit card,Fiber optic,Yes,No,No,No,13,14.2,3,3,False,1,False,0
7734,34,Female,21,21.44,454.07,Month-to-month,Credit card,No,No,No,No,No,10,53.9,6,1,False,1,False,0
7735,54,Male,24,102.44,2430.37,One year,Credit card,Fiber optic,No,Yes,No,No,6,80.8,1,3,True,12,False,0
7736,52,Male,32,82.73,2618.28,Month-to-month,Electronic check,DSL,Yes,No,No,No,5,116.5,1,3,True,1,False,0
7737,57,Female,8,75.27,581.79,Month-to-month,Credit card,DSL,Yes,No,No,No,6,128.8,0,0,False,1,False,1
7738,49,Male,23,94.66,2116.03,One year,Bank transfer,DSL,Yes,No,Yes,Yes,9,20.5,2,2,False,12,False,0
7739,80,Female,5,96.81,473.45,Two year,Bank transfer,Fiber optic,Yes,No,Yes,Yes,8,89.5,0,3,False,24,True,1
7740,29,Male,5,109.08,557.26,One year,Mailed check,Fiber optic,No,No,Yes,Yes,8,9.2,0,1,True,12,False,0
7741,19,Male,1,48.86,48.45,Month-to-month,Electronic check,No,No,No,Yes,No,5,17.1,1,5,True,1,False,1
7742,39,Female,32,44.65,1387.41,Month-to-month,Mailed check,No,No,No,No,No,10,78.5,1,0,False,1,False,0
7743,21,Female,16,113.91,1742.87,One year,Bank transfer,Fiber optic,Yes,No,No,No,5,108.4,2,2,False,12,False,1
7744,22,Male,6,118.93,717.96,Month-to-month,Credit card,Fiber optic,Yes,No,Yes,Yes,10,64.7,3,3,False,1,False,0
7745,29,Female,19,127.91,2358.72,Month-to-month,Bank transfer,Fiber optic,Yes,Yes,No,No,6,80.6,1,0,False,1,False,0
7746,31,Male,10,121.81,1229.05,One year,Credit card,Fiber optic,No,No,Yes,Yes,6,27.1,2,0,False,12,False,0
7747,30,Female,43,83.04,3586.87,Month-to-month,Bank transfer,DSL,No,No,Yes,Yes,12,94.3,2,3,False,1,False,1
7748,52,Male,18,70.6,1250.03,Month-to-month,Credit card,DSL,Yes,Yes,Yes,Yes,12,62.9,4,0,False,1,False,0
7749,37,Male,1,92.76,90.3,Month-to-month,Bank transfer,DSL,No,Yes,Yes,Yes,6,20.2,2,3,False,1,False,1
7750,42,Male,71,137.27,6305.555,One year,Bank transfer,Fiber optic,No,Yes,Yes,No,10,72.5,1,3,False,12,False,1
7751,58,Male,1,123.62,121.59,Month-to-month,Bank transfer,Fiber optic,Yes,Yes,No,No,7,53.3,0,1,True,1,False,1
7752,33,Male,28,77.24,2126.75,Month-to-month,Credit card,DSL,Yes,No,Yes,Yes,10,119.3,2,6,False,1,False,1
7753,41,Female,13,100.33,1361.95,Month-to-month,Bank transfer,Fiber optic,Yes,No,No,No,10,87.2,3,1,False,1,False,0
7754,50,Male,6,87.95,532.48,Two year,Credit card,Fiber optic,No,No,No,No,12,24.8,4,2,False,24,False,1
7755,18,Female,27,64.59,1771.89,Month-to-month,Electronic check,No,No,Yes,Yes,No,10,52.0,0,2,False,1,False,0
7756,18,Female,3,107.28,311.98,Month-to-month,Credit card,Fiber optic,No,Yes,No,No,14,30.0,3,1,False,1,False,1
7757,50,Male,46,59.53,2711.07,One year,Mailed check,No,No,No,Yes,Yes,11,121.5,1,2,False,12,False,0
7758,52,Male,6,76.51,447.97,Month-to-month,Bank transfer,DSL,Yes,No,Yes,Yes,7,54.7,6,1,False,1,False,1
7759,75,Female,10,48.18,502.32,Month-to-month,Credit card,No,No,Yes,No,No,7,92.7,4,0,False,1,True,1
7760,47,Male,24,62.15,1485.44,One year,Electronic check,DSL,Yes,Yes,No,No,7,36.1,1,3,False,12,False,1
7761,57,Male,1,96.75,100.76,One year,Electronic check,Fiber optic,Yes,No,No,No,9,34.4,1,3,True,12,False,1
7762,42,Female,15,91.64,1374.92,Month-to-month,Credit card,DSL,Yes,Yes,Yes,Yes,8,100.2,1,0,True,1,False,1
7763,49,Female,53,141.77,6305.555,Two year,Bank transfer,Fiber optic,No,No,Yes,Yes,12,32.1,0,1,True,24,False,0
7764,70,Female,27,34.92,960.73,Month-to-month,Mailed check,No,No,No,No,No,6,25.2,3,5,False,1,True,0
7765,18,Female,11,94.99,1053.4,Two year,Mailed check,Fiber optic,No,Yes,No,No,10,95.4,2,2,True,24,False,1
7766,51,Female,25,114.98,2917.64,One year,Mailed check,Fiber optic,Yes,No,Yes,Yes,10,93.9,5,2,False,12,False,1
7767,77,Female,66,138.37,6305.555,Two year,Electronic check,Fiber optic,Yes,No,Yes,No,5,75.2,4,5,False,24,True,1
7768,49,Male,4,82.94,335.93,Month-to-month,Electronic check,DSL,No,Yes,Yes,Yes,10,95.7,1,0,False,1,False,1
7769,69,Female,18,82.31,1452.33,Month-to-month,Mailed check,Fiber optic,No,No,No,No,10,115.0,3,0,False,1,True,1
7770,35,Female,6,91.23,562.43,One year,Credit card,DSL,Yes,No,Yes,Yes,11,61.0,0,2,True,12,False,0
7771,44,Male,46,129.06,5878.59,One year,Bank transfer,Fiber optic,No,No,Yes,Yes,9,55.2,1,0,False,12,False,1
7772,45,Male,30,42.05,1308.44,Two year,Credit card,No,No,Yes,No,No,7,52.2,2,3,True,24,False,0
7773,18,Male,38,26.38,988.81,Month-to-month,Credit card,No,No,Yes,No,No,8,39.1,2,1,False,1,False,0
7774,27,Male,68,111.47,6305.555,Month-to-month,Electronic check,Fiber optic,Yes,Yes,No,No,6,67.4,2,6,False,1,False,1
7775,28,Male,6,120.4,722.77,Two year,Electronic check,Fiber optic,No,No,Yes,Yes,11,23.9,4,3,False,24,False,1
7776,57,Male,1,134.46,133.9,Two year,Bank transfer,Fiber optic,No,No,Yes,Yes,9,48.3,2,1,False,24,False,0
7777,58,Female,8,96.09,734.63,Month-to-month,Bank transfer,Fiber optic,Yes,Yes,No,No,12,87.1,2,2,False,1,False,1
7778,49,Male,12,92.5,1139.79,One year,Credit card,DSL,No,No,Yes,No,8,92.0,0,4,False,12,False,0
7779,57,Male,23,116.46,2649.36,One year,Electronic check,Fiber optic,No,Yes,Yes,Yes,6,101.1,1,5,False,12,False,1
7780,42,Male,38,97.57,3692.43,Month-to-month,Credit card,DSL,Yes,Yes,Yes,Yes,4,40.7,2,2,True,1,False,1
7781,63,Male,10,108.73,1110.22,Two year,Electronic check,Fiber optic,Yes,No,Yes,Yes,5,8.2,1,3,False,24,False,1
7782,45,Female,15,102.3,1465.19,Month-to-month,Electronic check,Fiber optic,No,No,Yes,No,11,126.5,3,6,True,1,False,1
7783,45,Male,36,38.78,1361.41,One year,Credit card,No,No,Yes,No,No,16,122.5,3,2,False,12,False,0
7784,41,Male,6,127.09,741.21,Two year,Credit card,Fiber optic,No,Yes,No,No,5,78.3,3,1,False,24,False,0
7785,55,Female,5,98.57,494.18,Month-to-month,Credit card,DSL,No,Yes,Yes,No,14,8.0,2,3,False,1,False,1
7786,38,Female,21,70.17,1525.93,Two year,Credit card,DSL,No,No,No,No,11,94.9,2,4,False,24,False,0
7787,59,Female,13,73.46,952.81,One year,Credit card,DSL,No,No,No,No,4,113.7,3,2,True,12,False,1
7788,28,Male,71,52.25,3638.2,Two year,Bank transfer,No,No,No,Yes,Yes,13,59.5,3,2,False,24,False,1
7789,28,Female,10,91.55,879.08,Month-to-month,Electronic check,DSL,Yes,Yes,Yes,Yes,4,39.0,1,3,False,1,False,0
7790,55,Female,34,69.24,2237.09,Month-to-month,Credit card,No,No,Yes,Yes,Yes,9,113.6,1,3,False,1,False,1
7791,43,Female,20,69.6,1361.76,One year,Credit card,No,No,No,Yes,Yes,7,118.0,1,3,True,12,False,0
7792,38,Male,1,117.61,117.19,Month-to-month,Credit card,Fiber optic,Yes,No,Yes,Yes,6,25.8,1,2,False,1,False,1
7793,58,Male,2,108.91,214.7,Month-to-month,Credit card,DSL,Yes,No,Yes,No,6,56.3,2,2,True,1,False,1
7794,35,Female,5,76.99,383.38,Month-to-month,Electronic check,DSL,Yes,Yes,Yes,Yes,7,81.4,2,1,False,1,False,1
7795,41,Male,3,90.45,269.71,Month-to-month,Credit card,Fiber optic,Yes,No,No,No,5,70.4,2,5,False,1,False,1
7796,65,Male,9,107.35,961.34,One year,Bank transfer,Fiber optic,Yes,No,No,No,8,113.7,3,4,True,12,True,1
7797,68,Male,20,35.27,717.45,One year,Mailed check,No,No,No,No,No,14,129.5,2,2,False,12,True,0
7798,68,Male,22,98.33,2135.55,One year,Mailed check,DSL,No,No,Yes,Yes,4,24.4,4,1,True,12,True,1
7799,40,Male,21,130.78,2834.25,One year,Bank transfer,Fiber optic,No,Yes,Yes,No,7,7.8,6,2,False,12,False,1
7800,63,Female,3,127.74,394.75,Two year,Electronic check,Fiber optic,No,No,No,No,9,20.7,3,0,True,24,False,1
7801,30,Female,22,73.99,1584.07,Month-to-month,Electronic check,DSL,Yes,No,Yes,Yes,10,50.6,2,0,False,1,False,1
7802,31,Female,12,88.64,1022.5,Two year,Mailed check,Fiber optic,No,Yes,No,No,10,95.9,1,2,True,24,False,0
7803,18,Female,56,137.22,6305.555,Month-to-month,Electronic check,Fiber optic,Yes,No,Yes,Yes,9,30.0,2,1,False,1,False,1
7804,70,Male,58,102.13,5728.86,Month-to-month,Electronic check,DSL,Yes,Yes,Yes,Yes,2,104.9,1,4,True,1,True,1
7805,32,Female,35,81.42,2892.01,Month-to-month,Credit card,DSL,No,No,Yes,No,11,13.2,0,1,True,1,False,1
7806,43,Female,29,115.48,3471.43,Month-to-month,Electronic check,Fiber optic,No,No,Yes,No,8,101.3,1,3,False,1,False,1
7807,31,Male,2,92.88,176.57,Month-to-month,Credit card,Fiber optic,Yes,No,No,No,5,66.8,2,1,True,1,False,0
7808,55,Male,2,62.0,121.1,Month-to-month,Credit card,DSL,Yes,No,No,No,9,21.6,2,6,True,1,False,0
7809,39,Male,44,99.96,4305.14,Month-to-month,Electronic check,DSL,Yes,No,Yes,Yes,8,39.1,4,1,False,1,False,1
7810,25,Male,13,26.36,349.19,Month-to-month,Bank transfer,No,No,Yes,No,No,7,21.2,1,4,False,1,False,1
7811,51,Female,14,55.7,791.14,Month-to-month,Mailed check,No,No,Yes,Yes,Yes,6,82.7,2,3,False,1,False,0
7812,23,Male,45,100.37,4540.62,Month-to-month,Credit card,Fiber optic,No,No,Yes,Yes,9,97.6,2,2,True,1,False,1
7813,32,Male,23,66.92,1602.7,Month-to-month,Electronic check,DSL,No,Yes,No,No,4,76.6,3,4,False,1,False,1
7814,18,Male,4,85.43,358.36,Month-to-month,Bank transfer,DSL,Yes,No,No,No,9,126.1,1,1,True,1,False,1
7815,23,Male,5,149.93,717.26,Two year,Electronic check,Fiber optic,Yes,No,Yes,Yes,5,79.5,0,2,False,24,False,0
7816,47,Male,1,78.06,80.96,One year,Credit card,DSL,Yes,No,Yes,Yes,10,10.1,0,2,True,12,False,1
7817,18,Male,29,128.03,3606.43,Two year,Bank transfer,Fiber optic,No,Yes,Yes,Yes,9,96.5,0,2,False,24,False,0
7818,22,Female,15,58.08,841.07,One year,Credit card,DSL,Yes,No,No,No,7,62.5,4,4,False,12,False,0
7819,44,Female,71,95.05,6305.555,Two year,Bank transfer,DSL,No,Yes,Yes,Yes,4,77.8,2,0,True,24,False,0
7820,36,Female,30,30.47,926.26,One year,Credit card,No,No,No,No,No,8,22.1,5,0,False,12,False,0
7821,74,Male,2,43.46,83.09,Month-to-month,Credit card,No,No,Yes,No,No,12,18.5,3,1,True,1,True,1
7822,72,Male,4,41.95,163.02,Month-to-month,Credit card,No,No,No,No,No,13,51.2,6,1,False,1,True,1
7823,31,Female,16,50.89,831.5,Month-to-month,Credit card,No,No,Yes,Yes,Yes,5,104.0,2,3,False,1,False,0
7824,53,Female,62,122.2,6305.555,One year,Bank transfer,Fiber optic,Yes,No,Yes,No,6,20.8,3,2,False,12,False,0
7825,56,Female,6,124.56,731.29,Two year,Electronic check,Fiber optic,Yes,No,Yes,No,3,98.1,2,2,False,24,False,0
7826,36,Female,41,71.5,2917.21,One year,Bank transfer,DSL,Yes,No,No,No,2,32.9,3,4,False,12,False,1
7827,22,Male,8,103.3,860.5,Month-to-month,Mailed check,Fiber optic,No,Yes,No,No,6,102.9,1,1,False,1,False,0
7828,44,Female,7,56.38,408.49,Two year,Credit card,DSL,Yes,No,No,No,2,56.3,4,3,False,24,False,0
7829,42,Male,55,57.64,3080.46,Two year,Mailed check,No,No,No,Yes,Yes,11,85.7,2,4,True,24,False,0
7830,38,Male,1,113.14,110.95,Month-to-month,Bank transfer,Fiber optic,Yes,No,Yes,Yes,11,15.7,0,0,True,1,False,1
7831,51,Male,25,93.98,2353.82,Two year,Electronic check,Fiber optic,No,Yes,No,No,9,15.9,2,1,False,24,False,0
7832,33,Female,1,116.32,115.58,Month-to-month,Credit card,Fiber optic,Yes,No,Yes,Yes,5,89.6,1,3,False,1,False,1
7833,27,Female,38,56.4,2200.91,Month-to-month,Electronic check,DSL,Yes,Yes,No,No,8,121.6,0,0,True,1,False,1
7834,46,Female,42,122.66,5384.19,Month-to-month,Bank transfer,Fiber optic,Yes,No,No,No,7,28.6,2,2,True,1,False,0
7835,50,Male,53,91.4,4903.08,One year,Credit card,Fiber optic,No,No,No,No,6,102.6,2,1,True,12,False,0
7836,27,Male,4,103.76,398.94,Month-to-month,Electronic check,Fiber optic,No,No,No,No,7,9.9,1,2,True,1,False,1
7837,58,Female,3,101.12,301.59,Month-to-month,Bank transfer,Fiber optic,No,No,No,No,12,123.9,1,2,True,1,False,1
7838,18,Male,16,74.27,1193.92,Month-to-month,Mailed check,DSL,No,No,Yes,Yes,14,52.5,1,5,True,1,False,1
7839,36,Female,7,59.64,436.48,Month-to-month,Electronic check,No,No,No,Yes,Yes,5,49.7,3,2,True,1,False,1
7840,41,Male,22,102.4,2217.91,Month-to-month,Credit card,Fiber optic,No,No,No,No,5,69.8,2,0,False,1,False,1
7841,35,Male,17,60.06,1038.33,Month-to-month,Bank transfer,No,No,Yes,Yes,Yes,5,74.6,1,0,False,1,False,1
7842,36,Male,3,25.78,73.56,Month-to-month,Electronic check,No,No,No,No,No,7,129.6,0,3,False,1,False,1
7843,73,Male,32,78.81,2505.96,Month-to-month,Electronic check,DSL,Yes,Yes,Yes,Yes,4,125.4,1,2,False,1,True,1
7844,32,Male,39,69.48,2585.2,Month-to-month,Bank transfer,No,No,No,Yes,Yes,9,76.7,3,3,False,1,False,0
7845,80,Male,71,57.43,4026.22,Two year,Bank transfer,No,No,No,Yes,Yes,12,65.9,1,2,False,24,True,1
7846,51,Male,12,109.45,1309.37,Two year,Bank transfer,Fiber optic,Yes,No,No,No,7,126.7,1,2,False,24,False,1
7847,46,Female,9,120.79,1095.95,Month-to-month,Electronic check,Fiber optic,Yes,Yes,Yes,Yes,4,84.7,1,0,False,1,False,1
7848,52,Male,5,32.25,167.32,Month-to-month,Credit card,No,No,Yes,No,No,10,13.8,1,1,True,1,False,0
7849,80,Male,4,70.92,274.74,Two year,Electronic check,DSL,Yes,No,No,No,4,44.2,3,0,False,24,True,1
7850,30,Female,9,52.59,464.25,Month-to-month,Credit card,No,No,No,Yes,Yes,8,6.7,5,1,True,1,False,0
7851,28,Female,71,129.55,6305.555,One year,Electronic check,Fiber optic,Yes,No,Yes,Yes,9,34.5,0,5,False,12,False,0
7852,33,Female,2,122.71,238.37,Month-to-month,Electronic check,Fiber optic,No,Yes,Yes,Yes,12,12.7,1,0,False,1,False,1
7853,45,Female,7,137.94,1004.93,Month-to-month,Bank transfer,Fiber optic,Yes,No,Yes,Yes,9,53.8,0,3,True,1,False,0
7854,19,Male,2,101.1,209.76,One year,Mailed check,Fiber optic,No,Yes,No,No,4,25.6,1,2,True,12,False,0
7855,45,Male,7,29.22,212.45,One year,Bank transfer,No,No,No,No,No,13,20.5,3,0,False,12,False,1
7856,70,Female,2,114.42,233.88,Month-to-month,Credit card,Fiber optic,Yes,Yes,Yes,No,8,79.5,0,1,True,1,True,1
7857,47,Male,17,99.53,1775.98,Month-to-month,Electronic check,Fiber optic,Yes,No,Yes,Yes,6,22.9,2,2,False,1,False,1
7858,40,Female,13,119.2,1600.15,Two year,Bank transfer,Fiber optic,No,No,No,No,9,7.1,2,2,False,24,False,0
7859,35,Male,4,137.47,549.66,Month-to-month,Bank transfer,Fiber optic,Yes,No,Yes,Yes,7,5.4,1,2,False,1,False,1
7860,58,Male,4,99.34,406.85,One year,Bank transfer,Fiber optic,No,No,No,No,4,101.6,3,1,True,12,False,0
7861,32,Male,23,86.16,1901.59,Month-to-month,Bank transfer,DSL,Yes,Yes,No,No,12,46.6,5,3,False,1,False,1
7862,72,Male,11,90.99,1042.73,Month-to-month,Credit card,DSL,No,Yes,Yes,Yes,9,77.0,4,3,True,1,True,1
7863,74,Male,1,85.77,89.92,Month-to-month,Mailed check,DSL,Yes,No,No,No,9,91.6,3,1,True,1,True,1
7864,48,Female,60,122.78,6305.555,One year,Credit card,Fiber optic,Yes,Yes,Yes,No,5,124.7,2,0,False,12,False,0
7865,44,Male,12,140.42,1606.79,Month-to-month,Electronic check,Fiber optic,Yes,No,Yes,No,9,60.1,0,3,False,1,False,1
7866,60,Male,21,105.09,2133.01,Month-to-month,Bank transfer,Fiber optic,Yes,No,No,No,6,39.5,5,1,True,1,False,1
7867,61,Male,51,75.17,3682.43,Month-to-month,Credit card,DSL,Yes,No,Yes,No,15,108.8,3,2,False,1,False,1
7868,32,Male,12,92.29,1099.25,Two year,Bank transfer,DSL,Yes,No,Yes,Yes,10,125.8,4,0,False,24,False,1
7869,37,Male,41,143.48,5610.97,Two year,Electronic check,Fiber optic,No,No,Yes,No,7,57.7,3,0,True,24,False,1
7870,25,Female,59,131.66,6305.555,One year,Mailed check,Fiber optic,No,No,Yes,No,9,105.6,1,1,True,12,False,1
7871,51,Male,4,122.14,492.72,Two year,Bank transfer,Fiber optic,No,Yes,Yes,Yes,5,105.8,3,3,True,24,False,1
7872,54,Female,53,83.59,4460.19,Month-to-month,Bank transfer,DSL,Yes,No,Yes,No,7,86.0,2,2,False,1,False,0
7873,24,Male,3,101.81,303.78,Two year,Credit card,Fiber optic,No,Yes,Yes,Yes,8,6.6,1,2,False,24,False,0
7874,38,Male,7,108.16,744.84,Month-to-month,Bank transfer,Fiber optic,Yes,No,Yes,No,3,111.1,3,0,False,1,False,1
7875,24,Female,39,104.02,4050.41,Month-to-month,Electronic check,Fiber optic,Yes,No,Yes,Yes,4,107.8,1,1,False,1,False,1
7876,31,Male,55,77.75,4283.75,Month-to-month,Mailed check,DSL,Yes,No,No,No,4,94.4,0,1,False,1,False,1
7877,53,Male,27,83.53,2299.46,Two year,Bank transfer,DSL,No,No,Yes,Yes,9,7.9,1,3,False,24,False,1
7878,33,Female,2,32.98,63.75,One year,Credit card,No,No,Yes,No,No,6,52.1,3,0,False,12,False,1
7879,40,Male,17,127.55,2184.66,One year,Electronic check,Fiber optic,No,No,Yes,Yes,11,87.7,3,1,False,12,False,1
7880,20,Female,20,85.36,1720.71,Two year,Bank transfer,DSL,No,No,Yes,Yes,8,104.1,2,2,False,24,False,0
7881,47,Female,7,44.55,307.7,One year,Electronic check,No,No,Yes,Yes,Yes,6,98.3,2,4,True,12,False,1
7882,44,Female,71,87.99,6305.555,One year,Bank transfer,DSL,Yes,Yes,Yes,Yes,6,10.8,5,4,True,12,False,1
7883,34,Male,9,132.38,1220.62,Month-to-month,Electronic check,Fiber optic,Yes,No,Yes,Yes,4,110.2,0,3,False,1,False,0
7884,42,Male,5,94.25,481.18,Two year,Electronic check,DSL,No,No,Yes,Yes,8,103.1,3,2,False,24,False,1
7885,47,Female,2,84.49,175.29,Two year,Mailed check,DSL,Yes,No,No,No,9,63.0,1,2,False,24,False,1
7886,32,Male,11,119.08,1288.78,Two year,Credit card,Fiber optic,No,No,Yes,Yes,7,103.1,1,4,False,24,False,1
7887,22,Female,28,95.69,2602.34,Month-to-month,Credit card,DSL,Yes,No,Yes,No,8,117.6,1,2,False,1,False,1
7888,72,Male,6,76.98,459.03,Month-to-month,Credit card,DSL,No,Yes,Yes,Yes,9,79.9,0,1,False,1,True,1
7889,35,Female,35,39.18,1384.68,Month-to-month,Credit card,No,No,No,No,No,7,70.8,1,3,True,1,False,0
7890,43,Male,3,79.63,240.27,Month-to-month,Mailed check,DSL,No,No,No,No,10,31.3,1,3,False,1,False,1
7891,60,Female,13,133.08,1681.67,Month-to-month,Bank transfer,Fiber optic,No,No,Yes,Yes,6,98.8,3,1,True,1,False,1
7892,80,Male,29,92.76,2627.82,One year,Credit card,DSL,Yes,No,Yes,Yes,4,86.6,1,5,True,12,True,1
7893,26,Female,3,36.76,114.98,Two year,Credit card,No,No,No,Yes,No,8,8.6,2,0,False,24,False,0
7894,51,Male,21,34.96,703.41,Two year,Mailed check,No,No,Yes,Yes,Yes,9,35.0,1,3,True,24,False,1
7895,34,Female,38,59.75,2271.42,Month-to-month,Electronic check,DSL,Yes,No,No,No,8,117.2,2,2,False,1,False,1
7896,36,Male,21,114.03,2388.56,Month-to-month,Electronic check,Fiber optic,Yes,Yes,No,No,11,76.0,1,3,False,1,False,1
7897,34,Male,17,109.07,1832.56,Month-to-month,Bank transfer,Fiber optic,No,No,Yes,No,5,9.0,3,1,False,1,False,1
7898,28,Female,43,77.51,3427.45,Month-to-month,Electronic check,DSL,Yes,No,Yes,Yes,5,114.8,4,1,False,1,False,0
7899,44,Male,71,119.05,6305.555,Month-to-month,Electronic check,Fiber optic,Yes,No,Yes,Yes,16,18.3,3,1,False,1,False,1
7900,22,Male,4,56.68,237.99,Month-to-month,Credit card,No,No,Yes,Yes,Yes,14,78.9,1,0,False,1,False,0
7901,59,Male,28,72.19,1945.06,Two year,Bank transfer,DSL,No,No,No,No,9,18.9,2,0,False,24,False,0
7902,45,Male,2,125.69,239.89,Month-to-month,Credit card,Fiber optic,No,No,Yes,No,8,76.2,1,2,False,1,False,1
7903,51,Female,1,69.91,68.34,One year,Electronic check,DSL,Yes,Yes,No,No,8,119.4,2,1,False,12,False,0
7904,38,Male,7,109.5,780.49,One year,Bank transfer,Fiber optic,No,No,No,No,10,120.8,3,2,True,12,False,1
7905,39,Male,71,81.22,5792.01,One year,Bank transfer,DSL,No,No,No,No,8,20.2,6,3,False,12,False,1
7906,49,Female,19,120.07,2273.55,One year,Electronic check,Fiber optic,No,Yes,Yes,Yes,4,69.3,0,2,False,12,False,1
7907,27,Male,7,82.1,603.4,Two year,Bank transfer,DSL,Yes,Yes,Yes,Yes,10,72.2,1,2,True,24,False,1
7908,39,Female,3,97.82,293.21,One year,Electronic check,DSL,Yes,Yes,Yes,No,6,49.9,4,0,False,12,False,0
7909,32,Male,60,130.63,6305.555,Two year,Electronic check,Fiber optic,No,No,Yes,Yes,6,123.6,3,2,False,24,False,1
7910,31,Female,10,90.63,898.29,Month-to-month,Credit card,DSL,Yes,Yes,No,No,6,78.7,1,2,False,1,False,1
7911,18,Male,8,124.93,993.46,Month-to-month,Electronic check,Fiber optic,No,Yes,Yes,No,5,59.9,3,4,False,1,False,1
7912,65,Female,46,85.58,4043.55,Two year,Bank transfer,DSL,No,No,Yes,Yes,15,36.0,1,2,False,24,True,1
7913,34,Female,22,74.89,1713.72,Month-to-month,Electronic check,DSL,No,No,Yes,Yes,8,76.2,0,1,False,1,False,1
7914,62,Female,4,144.13,594.56,One year,Bank transfer,Fiber optic,Yes,No,Yes,Yes,8,44.7,0,4,True,12,False,0
7915,61,Male,13,89.14,1155.51,One year,Electronic check,DSL,Yes,Yes,Yes,Yes,4,128.2,2,6,False,12,False,1
7916,25,Female,63,102.69,6305.555,Month-to-month,Electronic check,Fiber optic,Yes,Yes,Yes,Yes,13,40.8,5,3,False,1,False,1
7917,28,Male,55,86.02,4619.34,Month-to-month,Credit card,Fiber optic,Yes,No,No,No,14,71.0,2,3,False,1,False,1
7918,80,Female,1,85.46,81.85,Two year,Credit card,Fiber optic,Yes,No,No,No,5,51.0,1,3,False,24,True,1
7919,71,Female,7,87.53,591.76,Two year,Electronic check,DSL,Yes,Yes,Yes,Yes,10,85.0,2,4,True,24,True,0
7920,44,Female,4,115.22,438.95,One year,Electronic check,Fiber optic,No,No,Yes,Yes,7,128.0,1,1,False,12,False,0
7921,48,Male,18,122.61,2194.73,One year,Credit card,Fiber optic,No,No,Yes,Yes,6,98.0,1,2,True,12,False,0
7922,35,Male,33,82.55,2766.55,Two year,Electronic check,DSL,No,No,Yes,No,11,74.9,5,4,False,24,False,1
7923,51,Female,8,131.95,1006.35,One year,Bank transfer,Fiber optic,Yes,No,Yes,Yes,7,123.5,2,2,False,12,False,0
7924,34,Female,34,118.86,3860.12,Month-to-month,Bank transfer,Fiber optic,Yes,No,No,No,13,38.2,2,4,False,1,False,1
7925,18,Female,26,50.89,1325.89,Month-to-month,Electronic check,DSL,No,No,No,No,8,124.1,1,2,False,1,False,1
7926,25,Female,31,26.17,846.93,Month-to-month,Mailed check,No,No,Yes,No,No,5,30.7,5,1,False,1,False,0
7927,45,Female,71,107.54,6305.555,Month-to-month,Mailed check,Fiber optic,No,Yes,Yes,Yes,6,71.1,1,5,True,1,False,0
7928,28,Female,13,78.1,1033.42,Month-to-month,Bank transfer,DSL,No,No,No,No,5,43.2,5,3,False,1,False,1
7929,43,Female,10,73.19,743.2,Two year,Electronic check,DSL,No,Yes,No,No,12,98.7,1,0,True,24,False,0
7930,28,Female,27,142.12,3762.78,One year,Credit card,Fiber optic,Yes,No,Yes,Yes,5,20.5,2,2,False,12,False,0
7931,33,Male,39,63.76,2381.18,Two year,Credit card,DSL,No,No,Yes,No,8,39.9,2,2,True,24,False,0
7932,57,Female,5,77.24,390.42,One year,Credit card,DSL,Yes,No,Yes,Yes,8,118.7,2,2,False,12,False,0
7933,48,Male,45,85.15,3810.01,Month-to-month,Electronic check,DSL,Yes,Yes,Yes,No,9,14.0,3,2,False,1,False,1
7934,44,Female,1,57.64,56.56,Month-to-month,Credit card,DSL,Yes,No,No,No,10,11.6,1,1,False,1,False,1
7935,58,Male,1,99.53,102.32,Two year,Bank transfer,Fiber optic,No,No,No,No,7,39.4,3,1,True,24,False,1
7936,52,Male,4,103.15,408.68,Month-to-month,Bank transfer,DSL,No,Yes,Yes,Yes,11,89.6,3,2,False,1,False,1
7937,66,Female,71,88.63,6305.555,One year,Credit card,DSL,No,No,No,No,5,97.7,2,4,False,12,True,1
7938,38,Male,17,57.65,956.16,Month-to-month,Credit card,DSL,Yes,Yes,No,No,4,11.8,2,1,False,1,False,0
7939,38,Male,1,147.64,141.41,Month-to-month,Electronic check,Fiber optic,No,No,Yes,Yes,9,53.0,2,2,False,1,False,1
7940,25,Female,71,106.37,6305.555,Month-to-month,Bank transfer,Fiber optic,No,Yes,Yes,No,9,111.2,3,2,False,1,False,1
7941,38,Female,32,121.12,3824.53,One year,Credit card,Fiber optic,No,No,Yes,No,8,100.3,2,0,False,12,False,0
7942,59,Female,43,47.47,2088.94,Two year,Credit card,No,No,No,No,No,12,125.9,4,0,False,24,False,1
7943,64,Male,5,71.59,361.02,One year,Bank transfer,DSL,Yes,No,No,No,12,32.5,3,1,True,12,False,0
7944,59,Female,2,84.33,166.57,One year,Bank transfer,DSL,No,No,Yes,Yes,9,119.2,1,2,False,12,False,0
7945,18,Male,17,85.52,1450.1,Two year,Electronic check,Fiber optic,Yes,Yes,No,No,3,27.4,2,2,True,24,False,1
7946,61,Female,35,69.44,2450.25,One year,Bank transfer,DSL,Yes,No,No,No,7,83.9,1,3,False,12,False,0
7947,18,Female,24,55.03,1277.03,Two year,Bank transfer,DSL,Yes,No,No,No,5,87.1,1,2,False,24,False,0
7948,58,Male,23,81.83,1839.14,Month-to-month,Bank transfer,DSL,No,Yes,Yes,Yes,6,115.0,2,2,False,1,False,1
7949,39,Male,33,101.59,3277.54,Two year,Electronic check,Fiber optic,No,Yes,Yes,No,11,43.0,0,0,True,24,False,0
7950,55,Male,6,99.04,570.65,One year,Electronic check,Fiber optic,Yes,No,No,No,12,8.3,1,4,False,12,False,0
7951,25,Female,25,49.09,1190.41,Month-to-month,Mailed check,No,No,Yes,Yes,Yes,10,96.3,3,2,False,1,False,1
7952,62,Female,11,118.86,1315.21,Month-to-month,Credit card,Fiber optic,Yes,No,No,No,5,84.4,3,3,False,1,False,1
7953,23,Female,1,93.55,90.99,Month-to-month,Bank transfer,Fiber optic,Yes,No,No,No,9,32.6,2,3,True,1,False,1
7954,34,Male,5,123.38,621.96,Month-to-month,Credit card,Fiber optic,Yes,Yes,No,No,9,44.8,1,2,False,1,False,1
7955,30,Male,37,101.36,3571.81,Two year,Credit card,DSL,No,No,Yes,Yes,7,65.6,0,1,True,24,False,0
7956,18,Male,54,69.55,3633.19,One year,Bank transfer,DSL,No,Yes,No,No,12,23.1,1,4,False,12,False,0
7957,46,Male,7,56.94,403.03,Two year,Electronic check,No,No,No,Yes,Yes,8,23.2,2,3,False,24,False,0
7958,72,Female,5,94.35,475.73,One year,Bank transfer,DSL,Yes,No,Yes,Yes,1,36.6,2,2,False,12,True,1
7959,80,Male,1,77.84,76.09,One year,Bank transfer,DSL,Yes,No,No,No,3,64.6,0,3,True,12,True,0
7960,46,Male,70,83.86,5942.55,Month-to-month,Bank transfer,DSL,Yes,Yes,Yes,No,10,120.8,1,3,True,1,False,0
7961,61,Female,27,97.33,2540.12,One year,Bank transfer,DSL,No,No,Yes,No,7,62.5,0,1,False,12,False,0
7962,48,Female,71,80.61,5988.21,One year,Bank transfer,DSL,Yes,No,No,No,9,98.6,0,0,False,12,False,1
7963,52,Male,47,82.93,3800.4,Two year,Bank transfer,Fiber optic,Yes,No,No,No,9,34.3,1,2,True,24,False,0
7964,39,Male,9,80.97,726.35,Month-to-month,Electronic check,DSL,Yes,No,No,No,8,19.5,3,2,False,1,False,1
7965,47,Male,2,74.6,155.87,One year,Electronic check,DSL,Yes,No,No,No,5,114.5,2,1,True,12,False,0
7966,53,Male,16,128.12,2065.87,Month-to-month,Bank transfer,Fiber optic,No,Yes,Yes,Yes,12,41.2,2,0,False,1,False,1
7967,36,Male,1,123.68,126.8,One year,Bank transfer,Fiber optic,No,Yes,Yes,Yes,3,47.7,2,1,True,12,False,1
7968,43,Male,3,88.27,271.31,Two year,Electronic check,Fiber optic,No,No,No,No,5,25.3,4,2,True,24,False,1
7969,44,Female,6,114.41,678.32,One year,Bank transfer,Fiber optic,No,Yes,No,No,9,34.1,0,0,False,12,False,1
7970,57,Female,26,69.31,1730.01,Month-to-month,Credit card,DSL,No,No,No,No,4,38.3,2,0,True,1,False,1
7971,29,Female,17,106.3,1778.29,Month-to-month,Credit card,Fiber optic,No,Yes,Yes,Yes,11,87.4,4,1,False,1,False,1
7972,44,Female,8,108.02,823.87,Month-to-month,Credit card,Fiber optic,No,No,No,No,10,35.1,2,4,False,1,False,0
7973,73,Male,19,122.77,2277.62,One year,Credit card,Fiber optic,Yes,No,No,No,6,23.9,2,2,False,12,True,0
7974,62,Male,3,101.93,291.61,Month-to-month,Credit card,Fiber optic,Yes,Yes,No,No,9,5.3,6,1,True,1,False,1
7975,65,Male,33,128.19,4196.24,Two year,Electronic check,Fiber optic,Yes,No,Yes,No,7,26.4,1,0,False,24,True,0
7976,45,Male,29,97.46,2687.57,Month-to-month,Bank transfer,Fiber optic,No,Yes,No,No,7,24.8,1,3,False,1,False,0
7977,49,Female,5,128.98,661.71,Month-to-month,Credit card,Fiber optic,No,No,Yes,Yes,11,60.6,3,1,False,1,False,1
7978,60,Male,22,120.14,2765.47,One year,Electronic check,Fiber optic,Yes,Yes,No,No,9,40.0,3,3,False,12,False,1
7979,68,Male,16,138.54,2112.83,One year,Bank transfer,Fiber optic,Yes,Yes,Yes,Yes,6,34.2,2,2,False,12,True,0
7980,18,Male,1,115.72,116.62,Two year,Bank transfer,Fiber optic,No,Yes,Yes,Yes,9,40.3,1,1,False,24,False,1
7981,25,Male,7,67.62,462.47,Month-to-month,Bank transfer,DSL,No,Yes,No,No,6,108.0,2,4,True,1,False,0
7982,64,Female,71,110.17,6305.555,Month-to-month,Bank transfer,Fiber optic,Yes,No,Yes,Yes,8,60.5,4,3,False,1,False,1
7983,40,Male,2,64.7,135.13,Month-to-month,Credit card,No,No,Yes,Yes,No,4,94.3,0,1,False,1,False,0
7984,34,Female,16,69.71,1144.95,Month-to-month,Bank transfer,DSL,No,No,No,No,2,22.4,0,1,False,1,False,0
7985,26,Male,45,122.64,5654.74,Two year,Electronic check,Fiber optic,Yes,No,No,No,8,115.1,3,4,False,24,False,1
7986,36,Male,8,127.8,1001.28,Month-to-month,Credit card,Fiber optic,Yes,Yes,Yes,Yes,15,128.9,2,1,True,1,False,1
7987,23,Male,7,124.26,895.61,Two year,Bank transfer,Fiber optic,Yes,No,No,No,4,120.9,0,4,False,24,False,0
7988,76,Female,53,67.56,3438.34,One year,Mailed check,No,No,Yes,Yes,Yes,16,99.5,3,1,True,12,True,0
7989,44,Male,8,114.02,931.09,One year,Credit card,Fiber optic,Yes,No,No,No,3,102.5,2,0,False,12,False,0
7990,44,Male,25,31.3,775.0,Two year,Electronic check,No,No,No,No,No,4,125.9,1,0,False,24,False,0
7991,53,Male,32,75.39,2397.34,Month-to-month,Electronic check,DSL,No,No,No,No,5,74.3,4,1,True,1,False,1
7992,59,Female,37,61.54,2274.67,Month-to-month,Bank transfer,DSL,Yes,No,No,No,8,66.2,2,0,True,1,False,1
7993,59,Female,71,127.52,6305.555,One year,Credit card,Fiber optic,No,No,No,No,10,47.7,1,5,False,12,False,0
7994,61,Male,39,138.15,5286.29,Month-to-month,Credit card,Fiber optic,Yes,Yes,Yes,No,10,16.6,4,0,True,1,False,0
7995,35,Female,25,110.44,2712.27,Two year,Bank transfer,Fiber optic,Yes,No,Yes,Yes,8,28.8,1,1,False,24,False,1
7996,40,Male,54,70.96,3839.63,Two year,Bank transfer,DSL,Yes,Yes,No,No,5,44.2,2,2,True,24,False,0
7997,56,Male,56,84.03,4596.41,Two year,Bank transfer,DSL,No,Yes,Yes,Yes,9,126.7,2,1,False,24,False,1
7998,37,Female,71,124.01,6305.555,Two year,Electronic check,Fiber optic,Yes,Yes,Yes,No,10,100.1,3,3,False,24,False,1
7999,44,Male,35,103.66,3686.27,One year,Bank transfer,Fiber optic,Yes,Yes,No,No,10,84.7,3,4,False,12,False,1
8000,50,Male,5,120.21,630.49,One year,Mailed check,Fiber optic,No,No,Yes,Yes,5,56.7,2,3,False,12,False,1
8001,56,Female,29,121.83,3448.98,Month-to-month,Bank transfer,Fiber optic,Yes,No,No,No,6,115.5,0,0,True,1,False,1
8002,18,Female,1,83.73,81.74,One year,Credit card,DSL,Yes,No,No,No,11,56.3,2,4,False,12,False,1
8003,55,Female,9,79.75,710.15,Month-to-month,Electronic check,DSL,No,Yes,No,No,4,43.0,1,1,True,1,False,1
8004,41,Female,2,32.29,65.61,Two year,Bank transfer,No,No,No,No,No,7,85.2,2,2,False,24,False,1
8005,55,Male,71,82.12,6079.04,Two year,Bank transfer,DSL,No,No,Yes,Yes,3,122.6,2,1,False,24,False,0
8006,56,Male,9,93.35,877.87,Month-to-month,Bank transfer,DSL,No,No,Yes,Yes,11,103.5,1,4,False,1,False,1
8007,69,Male,29,87.74,2503.24,Month-to-month,Mailed check,DSL,Yes,No,No,No,7,71.3,4,3,True,1,True,1
8008,65,Male,20,102.78,2038.6,Month-to-month,Credit card,DSL,Yes,No,Yes,No,6,90.4,2,3,False,1,True,0
8009,65,Male,2,72.33,143.74,One year,Electronic check,DSL,Yes,No,Yes,Yes,11,5.3,1,0,False,12,True,0
8010,66,Male,19,117.4,2196.9,One year,Credit card,Fiber optic,No,No,Yes,Yes,6,91.8,2,2,False,12,True,1
8011,49,Male,25,35.97,882.65,One year,Electronic check,No,No,Yes,No,No,16,102.2,3,4,False,12,False,1
8012,45,Male,51,104.78,5114.74,Two year,Bank transfer,DSL,Yes,Yes,Yes,Yes,5,37.0,0,2,True,24,False,0
8013,58,Female,1,119.39,119.93,Month-to-month,Credit card,Fiber optic,Yes,Yes,Yes,Yes,11,112.1,0,2,False,1,False,1
8014,55,Male,8,78.94,641.77,One year,Credit card,DSL,No,No,No,No,9,30.2,1,0,False,12,False,0
8015,40,Male,28,90.31,2652.98,One year,Mailed check,DSL,Yes,Yes,Yes,Yes,5,120.1,2,2,False,12,False,1
8016,51,Male,1,117.39,118.79,Month-to-month,Credit card,Fiber optic,No,Yes,Yes,Yes,8,12.5,2,1,False,1,False,1
8017,44,Male,5,62.09,313.88,Month-to-month,Bank transfer,No,No,No,Yes,Yes,6,130.0,1,1,False,1,False,0
8018,32,Male,5,46.35,228.75,Two year,Mailed check,No,No,No,Yes,No,8,22.0,3,2,True,24,False,0
8019,64,Female,26,79.34,1971.56,Two year,Mailed check,DSL,No,Yes,No,No,4,18.5,5,2,False,24,False,1
8020,45,Female,8,76.46,618.66,One year,Credit card,DSL,No,Yes,No,No,10,48.2,2,3,True,12,False,0
8021,75,Female,21,59.88,1210.39,Two year,Electronic check,No,No,Yes,Yes,No,5,80.2,2,3,True,24,True,1
8022,20,Male,71,94.7,6305.555,Month-to-month,Bank transfer,DSL,Yes,No,Yes,Yes,6,33.5,3,2,False,1,False,0
8023,36,Male,37,119.75,4543.36,Two year,Credit card,Fiber optic,No,Yes,Yes,Yes,3,57.9,6,3,False,24,False,1
8024,45,Male,9,64.79,560.08,Month-to-month,Credit card,DSL,No,No,No,No,5,69.8,2,1,False,1,False,1
8025,62,Male,15,119.2,1748.24,Month-to-month,Electronic check,Fiber optic,No,Yes,No,No,10,83.5,0,2,False,1,False,1
8026,50,Female,5,144.47,745.46,Month-to-month,Bank transfer,Fiber optic,No,No,Yes,No,4,27.8,2,2,True,1,False,1
8027,49,Female,1,88.44,92.53,Two year,Credit card,Fiber optic,Yes,No,No,No,12,18.0,1,4,False,24,False,0
8028,28,Male,8,111.04,908.8,Month-to-month,Credit card,Fiber optic,Yes,No,No,No,12,49.2,0,0,False,1,False,0
8029,27,Male,11,67.44,734.52,Month-to-month,Electronic check,DSL,Yes,Yes,Yes,Yes,2,122.9,2,2,False,1,False,0
8030,49,Female,19,71.24,1397.85,Month-to-month,Bank transfer,DSL,Yes,No,Yes,Yes,6,128.5,2,4,False,1,False,1
8031,24,Female,69,120.34,6305.555,Month-to-month,Bank transfer,Fiber optic,Yes,No,No,No,7,51.0,3,2,False,1,False,1
8032,37,Female,70,105.65,6305.555,Month-to-month,Bank transfer,DSL,Yes,No,Yes,Yes,9,36.4,5,2,True,1,False,1
8033,52,Female,1,84.22,80.37,One year,Bank transfer,DSL,No,No,Yes,No,7,114.4,0,2,True,12,False,0
8034,30,Female,22,75.11,1733.87,Month-to-month,Credit card,DSL,No,No,No,No,12,18.9,3,2,True,1,False,0
8035,69,Female,1,62.72,60.28,Month-to-month,Bank transfer,DSL,Yes,No,No,No,4,22.1,2,3,True,1,True,1
8036,63,Female,25,34.81,906.38,Month-to-month,Credit card,No,No,No,No,No,3,62.7,5,0,True,1,False,1
8037,21,Male,3,148.6,461.52,Month-to-month,Electronic check,Fiber optic,No,No,Yes,Yes,4,107.2,1,2,False,1,False,1
8038,31,Male,70,102.7,6305.555,Month-to-month,Credit card,Fiber optic,Yes,No,No,No,9,92.2,2,1,False,1,False,0
8039,18,Female,47,112.79,5281.17,One year,Electronic check,Fiber optic,Yes,Yes,Yes,Yes,9,68.4,3,2,False,12,False,1
8040,33,Male,1,85.69,83.24,Month-to-month,Electronic check,Fiber optic,Yes,Yes,No,No,9,122.6,1,1,True,1,False,1
8041,56,Female,36,106.95,3842.91,Month-to-month,Credit card,Fiber optic,Yes,No,Yes,No,14,94.3,2,3,False,1,False,1
8042,38,Male,24,88.63,2059.22,One year,Bank transfer,DSL,Yes,No,Yes,No,16,112.2,4,4,True,12,False,0
8043,51,Female,16,95.43,1495.21,One year,Electronic check,DSL,Yes,No,Yes,Yes,6,35.6,0,1,True,12,False,1
8044,22,Male,22,97.11,2037.96,Month-to-month,Credit card,DSL,No,No,Yes,Yes,6,98.3,3,3,False,1,False,1
8045,56,Female,27,43.05,1168.38,Month-to-month,Credit card,No,No,No,No,No,12,35.5,0,3,False,1,False,1
8046,36,Male,51,124.74,6305.555,Month-to-month,Credit card,Fiber optic,No,No,Yes,Yes,6,102.8,2,5,True,1,False,1
8047,45,Male,34,112.73,3718.72,Month-to-month,Credit card,Fiber optic,Yes,No,Yes,Yes,5,68.0,2,1,True,1,False,1
8048,43,Female,20,78.94,1596.5,Month-to-month,Electronic check,DSL,No,No,Yes,Yes,8,127.1,0,3,False,1,False,1
8049,25,Female,41,111.46,4363.34,Month-to-month,Credit card,Fiber optic,Yes,Yes,No,No,8,8.4,2,2,False,1,False,1
8050,27,Female,71,133.01,6305.555,Month-to-month,Mailed check,Fiber optic,No,No,Yes,Yes,8,62.8,1,4,False,1,False,1
8051,59,Male,8,86.83,697.73,One year,Bank transfer,DSL,No,Yes,Yes,Yes,6,126.7,1,3,True,12,False,0
8052,50,Male,3,92.91,266.45,Two year,Bank transfer,DSL,Yes,Yes,Yes,Yes,5,117.3,2,0,True,24,False,1
8053,60,Male,31,62.41,1926.43,One year,Mailed check,No,No,No,Yes,Yes,8,34.9,2,4,True,12,False,1
8054,49,Male,71,80.9,5570.88,One year,Bank transfer,Fiber optic,Yes,No,No,No,6,93.1,1,0,False,12,False,1
8055,47,Female,2,74.88,147.5,Month-to-month,Credit card,DSL,Yes,Yes,Yes,No,14,117.9,3,1,False,1,False,1
8056,19,Female,13,95.15,1284.04,Month-to-month,Bank transfer,DSL,Yes,Yes,Yes,Yes,11,109.4,2,4,True,1,False,0
8057,40,Male,1,81.57,83.58,Month-to-month,Electronic check,DSL,No,No,Yes,No,11,104.5,2,1,False,1,False,1
8058,44,Female,35,109.79,3809.43,One year,Bank transfer,Fiber optic,Yes,No,Yes,No,5,111.1,2,0,False,12,False,0
8059,74,Female,71,96.08,6305.555,One year,Bank transfer,Fiber optic,Yes,No,No,No,9,112.5,2,0,True,12,True,0
8060,55,Female,16,104.41,1647.96,Two year,Bank transfer,Fiber optic,No,Yes,No,No,10,36.8,5,1,False,24,False,0
8061,68,Female,12,47.68,551.09,Month-to-month,Bank transfer,No,No,No,Yes,Yes,8,115.4,3,3,True,1,True,1
8062,53,Male,57,57.28,3229.26,Month-to-month,Electronic check,No,No,No,Yes,No,6,121.8,1,0,True,1,False,0
8063,34,Female,3,26.64,80.62,One year,Electronic check,No,No,Yes,No,No,8,25.1,4,3,False,12,False,1
8064,46,Female,53,97.62,5353.88,One year,Bank transfer,DSL,Yes,No,Yes,Yes,9,47.2,1,0,False,12,False,0
8065,48,Female,11,115.91,1298.28,Month-to-month,Credit card,Fiber optic,Yes,Yes,No,No,9,13.3,1,2,False,1,False,1
8066,30,Male,19,133.11,2563.98,One year,Electronic check,Fiber optic,Yes,Yes,No,No,6,87.5,1,5,False,12,False,1
8067,39,Female,18,118.96,2048.6,Month-to-month,Credit card,Fiber optic,Yes,Yes,No,No,9,29.7,0,1,False,1,False,1
8068,41,Male,22,28.35,601.42,One year,Mailed check,No,No,No,No,No,7,23.9,6,2,False,12,False,0
8069,69,Male,68,76.43,4986.46,Month-to-month,Credit card,DSL,Yes,Yes,Yes,Yes,7,68.9,4,1,False,1,True,1
8070,18,Female,71,126.33,6305.555,One year,Credit card,Fiber optic,No,Yes,Yes,Yes,6,100.2,2,3,False,12,False,0
8071,63,Female,42,119.64,5162.55,One year,Credit card,Fiber optic,No,No,Yes,No,8,66.9,1,1,False,12,False,0
8072,30,Male,5,89.31,451.92,Two year,Electronic check,DSL,No,Yes,No,No,7,109.4,4,0,False,24,False,0
8073,24,Male,9,123.97,1109.3,Two year,Bank transfer,Fiber optic,Yes,Yes,Yes,Yes,3,33.6,2,1,False,24,False,0
8074,62,Male,16,65.58,998.03,Month-to-month,Mailed check,DSL,No,No,No,No,4,58.6,2,2,True,1,False,1
8075,55,Male,56,75.14,4278.58,Month-to-month,Bank transfer,DSL,No,Yes,Yes,Yes,6,122.9,5,3,False,1,False,1
8076,63,Female,17,127.24,2171.6,Month-to-month,Credit card,Fiber optic,No,No,No,No,3,10.2,1,1,False,1,False,0
8077,57,Male,71,99.99,6305.555,Month-to-month,Electronic check,Fiber optic,Yes,No,Yes,No,5,45.1,0,2,False,1,False,1
8078,75,Female,71,75.61,5553.21,Month-to-month,Mailed check,DSL,Yes,No,Yes,Yes,4,89.3,3,2,False,1,True,1
8079,53,Female,21,39.38,807.94,Month-to-month,Credit card,No,No,No,Yes,Yes,9,25.4,4,1,True,1,False,1
8080,42,Male,50,57.99,2894.86,One year,Mailed check,DSL,No,Yes,No,No,12,129.6,2,0,True,12,False,1
8081,50,Female,71,82.89,5859.92,Month-to-month,Electronic check,DSL,No,No,No,No,7,122.8,0,1,False,1,False,1
8082,63,Male,45,64.03,2830.23,Month-to-month,Electronic check,DSL,No,Yes,Yes,Yes,7,60.0,0,4,False,1,False,0
8083,33,Male,25,60.16,1437.68,One year,Electronic check,DSL,No,No,No,No,8,54.7,3,4,False,12,False,1
8084,35,Male,44,86.51,3634.3,One year,Credit card,DSL,Yes,No,No,No,4,86.2,2,2,False,12,False,0
8085,40,Female,2,97.67,200.77,One year,Electronic check,Fiber optic,Yes,Yes,No,No,10,66.7,0,1,False,12,False,0
8086,18,Female,24,55.44,1264.47,One year,Bank transfer,No,No,No,Yes,Yes,11,118.8,3,4,False,12,False,0
8087,47,Male,5,41.6,203.58,Month-to-month,Bank transfer,No,No,No,Yes,Yes,3,64.8,2,1,False,1,False,1
8088,18,Female,2,114.02,238.33,Month-to-month,Bank transfer,Fiber optic,No,No,Yes,Yes,3,46.5,1,0,False,1,False,1
8089,45,Female,53,111.74,6099.16,Two year,Credit card,Fiber optic,Yes,No,No,No,7,63.6,2,0,True,24,False,1
8090,57,Female,24,136.73,3287.56,Month-to-month,Mailed check,Fiber optic,Yes,Yes,No,No,11,71.1,2,4,False,1,False,0
8091,37,Female,6,144.03,885.11,Month-to-month,Credit card,Fiber optic,No,No,Yes,No,9,35.9,5,2,False,1,False,0
8092,70,Female,11,148.58,1706.91,Month-to-month,Electronic check,Fiber optic,No,No,Yes,Yes,4,40.5,3,4,False,1,True,1
8093,23,Male,71,64.89,4877.59,Two year,Bank transfer,No,No,Yes,Yes,Yes,7,79.2,5,1,False,24,False,1
8094,62,Female,47,81.31,3800.87,One year,Electronic check,DSL,No,Yes,No,No,9,51.1,0,2,False,12,False,0
8095,55,Female,1,80.61,79.18,One year,Mailed check,DSL,Yes,Yes,Yes,Yes,6,11.1,1,2,False,12,False,1
8096,19,Male,71,66.72,4923.04,Month-to-month,Credit card,DSL,Yes,No,No,No,7,64.7,1,4,False,1,False,0
8097,80,Female,11,112.33,1224.53,Two year,Electronic check,Fiber optic,No,Yes,Yes,No,10,110.6,3,3,False,24,True,1
8098,44,Female,28,115.65,3126.42,One year,Credit card,Fiber optic,Yes,Yes,Yes,No,5,56.8,2,2,True,12,False,1
8099,31,Female,29,121.15,3405.76,Month-to-month,Electronic check,Fiber optic,No,No,No,No,9,73.3,3,3,False,1,False,1
8100,23,Male,58,82.07,4780.58,One year,Credit card,DSL,No,Yes,Yes,Yes,9,113.1,4,0,False,12,False,0
8101,41,Female,51,127.98,6305.555,Month-to-month,Bank transfer,Fiber optic,No,No,No,No,7,24.0,2,2,False,1,False,1
8102,43,Female,7,94.93,662.07,Month-to-month,Bank transfer,Fiber optic,Yes,No,No,No,11,73.6,1,5,False,1,False,0
8103,46,Male,24,115.33,2731.95,Month-to-month,Credit card,Fiber optic,Yes,No,Yes,Yes,7,110.6,5,2,True,1,False,0
8104,40,Male,12,63.11,744.07,One year,Mailed check,No,No,Yes,Yes,No,7,10.5,3,3,True,12,False,0
8105,54,Female,17,57.26,943.07,Month-to-month,Credit card,DSL,No,No,No,No,4,52.0,3,0,False,1,False,1
8106,39,Male,19,79.83,1544.35,One year,Credit card,DSL,No,Yes,Yes,Yes,9,79.8,4,2,False,12,False,1
8107,18,Male,12,72.97,875.91,One year,Credit card,DSL,Yes,No,Yes,Yes,7,21.6,1,2,True,12,False,1
8108,42,Male,14,83.0,1146.82,One year,Electronic check,DSL,No,No,No,No,10,34.7,2,0,False,12,False,1
8109,18,Female,5,87.34,448.81,Month-to-month,Bank transfer,DSL,Yes,Yes,Yes,Yes,11,50.7,3,1,True,1,False,1
8110,50,Female,22,103.36,2304.03,Month-to-month,Credit card,DSL,Yes,Yes,Yes,No,13,39.2,1,2,False,1,False,1
8111,30,Male,34,131.77,4594.7,Month-to-month,Bank transfer,Fiber optic,Yes,No,Yes,Yes,14,59.1,2,2,False,1,False,0
8112,47,Male,13,69.94,922.35,Month-to-month,Credit card,DSL,No,No,No,No,13,76.5,1,1,False,1,False,0
8113,64,Male,71,32.97,2403.52,Two year,Electronic check,No,No,Yes,Yes,Yes,7,113.7,1,1,False,24,False,1
8114,30,Male,1,110.95,109.97,Two year,Bank transfer,DSL,Yes,Yes,Yes,No,6,108.2,4,2,False,24,False,1
8115,60,Female,21,99.64,2046.62,Month-to-month,Bank transfer,DSL,Yes,Yes,Yes,Yes,11,126.3,1,5,True,1,False,0
8116,38,Male,21,76.69,1567.18,Month-to-month,Credit card,DSL,No,No,No,No,9,109.2,0,4,True,1,False,1
8117,71,Female,1,47.55,49.45,Two year,Electronic check,No,No,No,No,No,11,126.0,1,2,False,24,True,0
8118,39,Male,6,136.5,794.5,Month-to-month,Bank transfer,Fiber optic,Yes,No,Yes,Yes,7,107.8,4,1,True,1,False,0
8119,32,Female,56,113.79,6305.555,Month-to-month,Credit card,Fiber optic,Yes,No,Yes,Yes,11,129.2,1,4,False,1,False,1
8120,55,Female,18,83.83,1462.07,Month-to-month,Bank transfer,DSL,Yes,No,Yes,Yes,4,49.4,1,4,True,1,False,0
8121,38,Male,13,116.44,1580.16,One year,Electronic check,Fiber optic,No,No,Yes,Yes,6,123.0,3,1,False,12,False,0
8122,32,Female,12,87.86,1022.27,Two year,Electronic check,Fiber optic,Yes,Yes,No,No,7,32.1,3,1,False,24,False,1
8123,37,Female,52,88.08,4742.69,Two year,Electronic check,DSL,Yes,No,Yes,Yes,7,78.5,2,3,True,24,False,1
8124,44,Female,10,94.91,990.4,Month-to-month,Mailed check,Fiber optic,Yes,No,No,No,4,109.7,3,2,False,1,False,1
8125,65,Male,47,66.83,3048.95,One year,Electronic check,DSL,Yes,Yes,Yes,Yes,7,102.2,0,4,False,12,True,0
8126,18,Female,8,80.39,668.01,One year,Credit card,DSL,Yes,No,Yes,Yes,9,101.0,2,2,False,12,False,0
8127,45,Female,18,131.15,2268.51,Month-to-month,Bank transfer,Fiber optic,No,Yes,Yes,Yes,9,46.9,3,5,True,1,False,1
8128,54,Male,3,46.4,141.98,Month-to-month,Electronic check,No,No,No,Yes,Yes,6,115.7,1,2,True,1,False,1
8129,47,Male,41,112.4,4611.57,Two year,Mailed check,Fiber optic,Yes,No,Yes,Yes,7,57.9,2,2,False,24,False,0
8130,64,Female,31,62.72,2033.98,Month-to-month,Electronic check,DSL,No,No,No,No,6,76.2,1,0,True,1,False,1
8131,43,Female,18,71.52,1284.91,Month-to-month,Credit card,DSL,Yes,No,No,No,7,37.3,1,3,False,1,False,0
8132,42,Male,1,48.4,46.31,Month-to-month,Mailed check,No,No,No,No,No,4,26.3,2,2,True,1,False,1
8133,53,Male,15,85.02,1227.63,Two year,Credit card,DSL,Yes,No,Yes,Yes,4,113.2,2,2,False,24,False,0
8134,46,Female,6,96.4,568.07,One year,Credit card,Fiber optic,Yes,No,No,No,6,112.3,0,1,False,12,False,0
8135,39,Female,12,103.23,1234.92,One year,Credit card,Fiber optic,No,No,No,No,11,34.2,4,2,False,12,False,0
8136,52,Male,46,105.28,5064.65,Month-to-month,Credit card,Fiber optic,No,No,No,No,10,12.7,1,3,False,1,False,1
8137,35,Male,35,74.06,2588.03,One year,Mailed check,DSL,No,Yes,Yes,No,8,27.4,2,0,False,12,False,0
8138,35,Female,6,71.14,445.19,One year,Bank transfer,DSL,Yes,No,No,No,9,81.8,1,1,False,12,False,1
8139,37,Female,71,129.14,6305.555,Two year,Bank transfer,Fiber optic,Yes,No,Yes,Yes,10,40.8,0,6,True,24,False,0
8140,65,Male,56,62.95,3408.42,Month-to-month,Bank transfer,No,No,Yes,Yes,No,6,48.6,4,2,False,1,True,1
8141,18,Female,18,80.77,1514.82,Month-to-month,Bank transfer,DSL,No,No,Yes,Yes,8,27.9,0,4,False,1,False,0
8142,50,Female,18,126.66,2224.06,Two year,Credit card,Fiber optic,Yes,No,Yes,Yes,16,89.4,1,4,True,24,False,0
8143,45,Female,55,102.59,5832.49,One year,Electronic check,Fiber optic,No,Yes,No,No,4,117.2,2,1,False,12,False,0
8144,19,Female,24,130.64,3284.38,Month-to-month,Bank transfer,Fiber optic,No,Yes,Yes,No,9,101.9,3,1,True,1,False,1
8145,49,Male,18,113.61,1957.45,Month-to-month,Bank transfer,Fiber optic,Yes,No,Yes,No,5,30.5,1,3,False,1,False,0
8146,52,Male,33,115.76,3889.38,Two year,Credit card,Fiber optic,No,No,Yes,No,14,81.2,3,1,False,24,False,0
8147,53,Female,6,126.33,752.39,Month-to-month,Electronic check,Fiber optic,Yes,No,Yes,Yes,6,90.6,3,2,False,1,False,1
8148,18,Female,50,87.97,4378.77,Month-to-month,Bank transfer,DSL,Yes,No,Yes,No,12,111.8,1,0,True,1,False,1
8149,65,Female,18,31.41,568.7,Month-to-month,Credit card,No,No,No,No,No,13,111.4,3,1,False,1,True,0
8150,33,Female,22,96.62,2220.32,Month-to-month,Credit card,Fiber optic,No,No,No,No,6,85.9,0,2,False,1,False,1
8151,55,Male,2,122.45,248.14,One year,Bank transfer,Fiber optic,No,No,No,No,8,118.1,1,0,False,12,False,1
8152,56,Female,8,75.99,637.82,Month-to-month,Credit card,DSL,Yes,Yes,No,No,8,120.4,1,0,False,1,False,1
8153,31,Female,13,94.21,1281.71,Month-to-month,Bank transfer,Fiber optic,No,Yes,No,No,9,25.4,1,6,False,1,False,1
8154,54,Male,12,90.53,1125.07,Month-to-month,Credit card,DSL,Yes,Yes,Yes,No,10,89.8,3,2,False,1,False,1
8155,39,Male,36,96.29,3535.47,Two year,Electronic check,DSL,No,Yes,Yes,Yes,11,40.9,2,0,False,24,False,0
8156,18,Female,7,84.01,572.3,Two year,Mailed check,DSL,No,No,Yes,Yes,10,38.5,1,0,True,24,False,0
8157,62,Male,4,47.11,189.82,One year,Electronic check,No,No,No,Yes,Yes,12,84.6,6,2,False,12,False,1
8158,33,Male,20,138.31,2692.57,One year,Bank transfer,Fiber optic,Yes,No,Yes,No,8,65.6,2,0,False,12,False,0
8159,32,Female,22,131.39,3021.88,Month-to-month,Credit card,Fiber optic,Yes,No,Yes,No,11,114.7,3,5,False,1,False,1
8160,38,Female,3,107.28,336.61,Two year,Electronic check,Fiber optic,No,No,Yes,Yes,7,78.9,0,3,False,24,False,0
8161,49,Male,1,43.77,43.04,One year,Credit card,No,No,Yes,No,No,9,20.9,3,5,True,12,False,1
8162,44,Female,59,37.95,2137.87,Two year,Credit card,No,No,No,Yes,Yes,11,67.7,3,0,False,24,False,1
8163,53,Male,1,64.24,66.35,Month-to-month,Credit card,DSL,No,Yes,No,No,11,64.2,2,4,False,1,False,1
8164,24,Male,54,55.89,2973.42,Month-to-month,Bank transfer,DSL,No,Yes,No,No,6,93.8,0,3,False,1,False,1
8165,33,Male,12,118.61,1397.63,One year,Bank transfer,Fiber optic,No,Yes,Yes,Yes,5,65.1,1,1,True,12,False,0
8166,43,Female,25,68.81,1734.0,Month-to-month,Credit card,DSL,Yes,No,No,No,8,118.9,2,2,False,1,False,0
8167,73,Female,4,48.2,183.17,Month-to-month,Electronic check,No,No,Yes,No,No,4,107.1,1,1,False,1,True,1
8168,43,Male,41,71.07,2877.44,One year,Credit card,DSL,Yes,No,No,No,7,20.9,4,4,False,12,False,1
8169,61,Male,4,131.6,522.0,Month-to-month,Credit card,Fiber optic,No,Yes,No,No,5,57.0,3,2,False,1,False,1
8170,45,Female,11,119.63,1377.88,One year,Credit card,Fiber optic,Yes,No,No,No,6,37.7,0,5,False,12,False,0
8171,37,Male,6,72.04,417.47,Month-to-month,Bank transfer,DSL,Yes,Yes,Yes,No,5,97.8,2,2,True,1,False,1
8172,41,Male,43,92.31,3830.65,One year,Credit card,DSL,No,No,Yes,Yes,6,84.2,0,0,False,12,False,0
8173,42,Female,46,76.97,3582.88,Month-to-month,Bank transfer,DSL,Yes,No,Yes,Yes,7,22.4,1,1,False,1,False,0
8174,54,Female,11,123.94,1305.83,Two year,Electronic check,Fiber optic,No,Yes,Yes,No,5,36.9,3,3,False,24,False,1
8175,65,Female,8,96.89,784.5,Month-to-month,Electronic check,DSL,Yes,No,Yes,Yes,7,99.1,3,2,False,1,True,0
8176,50,Female,35,133.9,4643.12,One year,Electronic check,Fiber optic,No,No,Yes,No,6,91.2,0,3,False,12,False,1
8177,62,Male,50,109.18,5187.48,Month-to-month,Bank transfer,Fiber optic,Yes,No,No,No,11,110.2,1,1,True,1,False,0
8178,30,Female,23,105.76,2418.04,Month-to-month,Credit card,Fiber optic,Yes,Yes,Yes,Yes,12,53.5,1,2,True,1,False,0
8179,38,Female,62,63.05,4002.43,One year,Electronic check,DSL,Yes,Yes,No,No,2,104.2,4,4,False,12,False,0
8180,34,Male,11,88.85,941.44,Two year,Electronic check,DSL,No,No,Yes,Yes,6,75.9,4,1,False,24,False,1
8181,49,Male,3,119.99,348.58,Month-to-month,Mailed check,Fiber optic,No,No,Yes,No,7,51.7,5,1,True,1,False,1
8182,39,Male,4,81.01,315.44,Month-to-month,Mailed check,DSL,Yes,No,Yes,No,12,56.3,0,1,False,1,False,0
8183,55,Female,26,136.13,3500.41,Month-to-month,Bank transfer,Fiber optic,No,No,Yes,Yes,8,53.3,1,1,True,1,False,1
8184,31,Male,12,72.32,906.82,Month-to-month,Electronic check,DSL,Yes,No,No,No,3,102.1,1,0,True,1,False,1
8185,45,Female,4,109.92,420.8,Two year,Electronic check,Fiber optic,Yes,Yes,No,No,6,81.4,1,0,True,24,False,1
8186,55,Male,8,113.32,935.72,Month-to-month,Bank transfer,Fiber optic,Yes,No,Yes,No,5,113.0,0,1,True,1,False,0
8187,18,Female,18,135.63,2514.76,One year,Mailed check,Fiber optic,Yes,No,Yes,Yes,8,86.0,2,0,False,12,False,0
8188,76,Male,3,41.91,125.3,Month-to-month,Credit card,No,No,No,No,No,5,112.1,2,1,False,1,True,0
8189,40,Female,1,70.56,67.99,Month-to-month,Electronic check,DSL,No,No,Yes,Yes,13,105.1,1,3,False,1,False,1
8190,18,Female,59,55.15,3290.34,Month-to-month,Credit card,No,No,No,Yes,No,6,119.3,1,1,False,1,False,1
8191,47,Male,8,91.35,747.12,Month-to-month,Bank transfer,DSL,Yes,No,Yes,Yes,6,92.1,1,1,False,1,False,0
8192,45,Male,6,89.27,517.15,Month-to-month,Credit card,DSL,No,No,Yes,Yes,7,107.3,2,3,False,1,False,1
8193,43,Female,28,76.94,2197.18,Month-to-month,Electronic check,DSL,No,No,No,No,7,72.4,4,1,False,1,False,1
8194,59,Male,46,124.2,5953.46,Two year,Bank transfer,Fiber optic,No,Yes,No,No,6,127.1,2,2,True,24,False,0
8195,56,Female,24,111.65,2596.4,Month-to-month,Credit card,Fiber optic,Yes,No,No,No,11,8.1,2,1,False,1,False,1
8196,49,Female,7,124.55,839.21,Month-to-month,Credit card,Fiber optic,Yes,No,No,No,5,48.9,0,1,False,1,False,0
8197,51,Female,47,95.49,4562.92,Month-to-month,Credit card,Fiber optic,Yes,No,No,No,9,83.4,2,0,False,1,False,1
8198,43,Male,17,43.12,731.66,Month-to-month,Credit card,No,No,No,Yes,Yes,6,118.2,2,3,False,1,False,0
8199,71,Female,11,91.06,1037.11,Month-to-month,Bank transfer,Fiber optic,No,No,No,No,10,56.5,1,1,True,1,True,1
8200,22,Female,22,81.75,1801.36,Month-to-month,Bank transfer,DSL,Yes,Yes,Yes,Yes,3,68.2,0,3,False,1,False,1
8201,47,Female,28,78.81,2277.49,Two year,Credit card,DSL,Yes,No,Yes,Yes,5,84.0,4,2,False,24,False,1
8202,45,Female,21,83.73,1739.89,Two year,Bank transfer,DSL,No,Yes,Yes,Yes,9,111.4,3,1,True,24,False,1
8203,57,Male,60,86.59,5037.52,Two year,Electronic check,DSL,Yes,No,Yes,Yes,8,38.7,6,2,False,24,False,1
8204,32,Male,23,95.48,2168.69,Month-to-month,Bank transfer,DSL,Yes,No,Yes,Yes,9,119.2,5,3,False,1,False,1
8205,18,Female,50,85.66,4222.84,Month-to-month,Bank transfer,DSL,No,No,Yes,Yes,8,17.6,1,1,True,1,False,1
8206,47,Male,21,70.97,1460.49,Two year,Credit card,No,No,Yes,Yes,Yes,9,40.2,5,0,False,24,False,1
8207,49,Male,9,133.19,1166.85,One year,Bank transfer,Fiber optic,Yes,No,Yes,Yes,11,15.1,0,3,False,12,False,1
8208,67,Female,18,60.26,1072.38,Month-to-month,Electronic check,No,No,Yes,Yes,Yes,6,59.5,2,4,True,1,True,1
8209,25,Male,2,50.43,105.62,Month-to-month,Electronic check,No,No,Yes,Yes,No,11,11.2,4,0,True,1,False,1
8210,62,Male,6,105.14,630.31,Month-to-month,Credit card,Fiber optic,No,Yes,Yes,No,10,81.6,2,1,False,1,False,1
8211,80,Male,34,82.03,2688.29,One year,Electronic check,DSL,No,Yes,No,No,10,9.8,0,2,False,12,True,1
8212,39,Male,25,127.77,3109.66,Two year,Bank transfer,Fiber optic,No,Yes,Yes,Yes,10,108.1,2,0,True,24,False,1
8213,25,Male,4,95.08,374.73,Month-to-month,Bank transfer,DSL,No,No,Yes,Yes,8,93.9,3,2,True,1,False,1
8214,38,Male,13,84.91,1069.44,Month-to-month,Bank transfer,DSL,Yes,No,No,No,8,26.2,3,3,False,1,False,1
8215,45,Female,3,70.68,217.17,Month-to-month,Bank transfer,DSL,No,Yes,No,No,11,30.5,2,2,True,1,False,1
8216,53,Male,46,80.31,3801.64,Month-to-month,Credit card,DSL,Yes,No,Yes,Yes,8,37.2,3,3,True,1,False,0
8217,36,Female,2,119.79,246.83,One year,Credit card,Fiber optic,Yes,No,No,No,9,114.2,1,1,False,12,False,1
8218,68,Female,25,44.39,1155.89,One year,Bank transfer,No,No,Yes,No,No,10,56.7,3,4,False,12,True,1
8219,28,Female,22,62.73,1429.57,Month-to-month,Credit card,DSL,Yes,No,No,No,8,21.6,2,3,False,1,False,0
8220,18,Male,15,93.06,1407.17,One year,Credit card,DSL,Yes,No,Yes,Yes,8,93.0,0,4,False,12,False,0
8221,61,Male,7,73.84,516.85,Month-to-month,Bank transfer,DSL,Yes,No,No,No,13,89.1,4,0,False,1,False,1
8222,18,Female,12,105.19,1300.23,One year,Electronic check,Fiber optic,No,No,No,No,5,14.5,2,1,False,12,False,1
8223,41,Female,39,53.93,2201.18,One year,Credit card,DSL,No,No,No,No,3,30.4,2,1,True,12,False,0
8224,80,Female,34,52.68,1707.03,Month-to-month,Bank transfer,No,No,No,Yes,Yes,9,25.9,0,2,True,1,True,1
8225,44,Male,32,90.13,2843.88,One year,Credit card,DSL,Yes,No,No,No,9,21.7,2,0,True,12,False,0
8226,28,Male,33,28.86,968.38,Month-to-month,Mailed check,No,No,No,No,No,4,8.3,2,3,True,1,False,0
8227,44,Male,3,73.59,217.62,Month-to-month,Bank transfer,DSL,No,Yes,No,No,4,45.3,1,1,True,1,False,1
8228,44,Female,2,137.74,282.72,Month-to-month,Mailed check,Fiber optic,Yes,Yes,Yes,Yes,5,74.1,2,1,False,1,False,1
8229,47,Male,47,89.81,4344.24,Month-to-month,Electronic check,DSL,Yes,Yes,Yes,Yes,10,15.0,0,2,False,1,False,1
8230,54,Male,43,118.67,5196.12,One year,Credit card,Fiber optic,No,No,Yes,Yes,11,78.2,5,1,False,12,False,1
8231,29,Female,27,78.28,2041.36,Month-to-month,Credit card,DSL,No,Yes,No,No,9,92.0,0,2,False,1,False,1
8232,70,Male,22,42.49,975.21,One year,Bank transfer,No,No,Yes,Yes,Yes,8,16.9,0,3,True,12,True,0
8233,48,Female,10,57.28,562.96,Two year,Bank transfer,DSL,No,Yes,No,No,5,103.7,1,3,False,24,False,1
8234,55,Male,6,124.97,785.63,Month-to-month,Credit card,Fiber optic,No,No,Yes,No,8,64.6,5,5,False,1,False,1
8235,35,Female,26,88.41,2264.64,Month-to-month,Credit card,DSL,No,No,Yes,No,13,32.5,0,5,True,1,False,0
8236,64,Male,58,82.84,4641.73,Month-to-month,Mailed check,DSL,No,Yes,No,No,8,59.3,1,1,False,1,False,0
8237,41,Female,13,79.78,1015.19,Month-to-month,Credit card,DSL,No,Yes,Yes,Yes,13,27.8,0,5,False,1,False,0
8238,49,Male,8,57.52,474.63,Month-to-month,Electronic check,No,No,No,Yes,Yes,6,14.1,3,2,False,1,False,1
8239,31,Female,7,74.74,513.14,One year,Credit card,DSL,No,Yes,Yes,No,7,115.0,1,3,False,12,False,1
8240,30,Female,1,86.61,87.46,Month-to-month,Electronic check,DSL,Yes,Yes,Yes,Yes,5,84.1,5,1,False,1,False,1
8241,55,Male,17,98.21,1702.27,One year,Credit card,DSL,No,Yes,Yes,Yes,4,128.4,0,2,False,12,False,0
8242,38,Male,71,116.11,6305.555,Month-to-month,Bank transfer,Fiber optic,Yes,No,Yes,Yes,7,77.9,4,1,False,1,False,0
8243,32,Female,40,61.04,2481.59,Month-to-month,Bank transfer,DSL,Yes,Yes,No,No,12,46.8,3,1,True,1,False,1
8244,35,Male,54,117.18,6109.08,Month-to-month,Credit card,Fiber optic,Yes,No,No,No,9,127.6,2,1,False,1,False,0
8245,55,Female,23,96.54,2249.35,Month-to-month,Bank transfer,Fiber optic,No,No,No,No,5,85.0,2,2,False,1,False,0
8246,35,Female,15,95.68,1457.42,Month-to-month,Electronic check,Fiber optic,No,Yes,Yes,Yes,5,52.2,4,1,False,1,False,1
8247,43,Male,71,69.93,4799.68,One year,Credit card,DSL,Yes,No,No,No,7,11.9,1,3,False,12,False,0
8248,45,Male,14,115.64,1585.63,One year,Credit card,Fiber optic,Yes,Yes,Yes,No,4,11.2,0,5,False,12,False,0
8249,18,Male,59,83.87,4703.92,Month-to-month,Credit card,DSL,Yes,No,Yes,Yes,12,57.5,3,1,False,1,False,1
8250,22,Female,34,98.9,3460.94,One year,Bank transfer,DSL,No,No,Yes,No,14,125.3,3,2,False,12,False,0
8251,50,Female,9,87.35,781.95,Month-to-month,Bank transfer,DSL,No,No,Yes,Yes,11,109.9,0,2,False,1,False,1
8252,33,Male,16,148.0,2350.67,Month-to-month,Electronic check,Fiber optic,No,Yes,Yes,No,5,12.7,0,3,False,1,False,0
8253,60,Female,11,79.02,865.47,Two year,Credit card,DSL,Yes,No,No,No,10,80.1,5,0,True,24,False,0
8254,59,Female,3,84.21,250.21,Two year,Bank transfer,DSL,No,No,No,No,3,122.7,3,0,True,24,False,1
8255,55,Male,10,105.53,1019.91,Two year,Bank transfer,Fiber optic,Yes,Yes,No,No,9,107.0,0,3,False,24,False,0
8256,72,Female,52,77.45,4092.63,Month-to-month,Credit card,DSL,No,No,Yes,Yes,6,59.8,3,2,False,1,True,1
8257,43,Female,33,118.61,4077.48,Two year,Electronic check,Fiber optic,Yes,No,No,No,13,91.0,1,2,False,24,False,1
8258,54,Female,7,132.9,975.58,One year,Bank transfer,Fiber optic,Yes,No,Yes,No,11,31.6,2,1,False,12,False,0
8259,36,Male,11,56.28,637.46,Month-to-month,Credit card,DSL,No,No,No,No,8,25.2,3,2,False,1,False,1
8260,80,Male,22,86.54,1882.69,Two year,Electronic check,DSL,No,No,No,No,8,84.7,3,5,True,24,True,0
8261,74,Female,12,71.5,863.38,Two year,Credit card,DSL,Yes,No,Yes,No,11,36.3,4,1,True,24,True,1
8262,45,Male,16,131.17,1996.45,One year,Electronic check,Fiber optic,Yes,No,Yes,Yes,4,17.6,2,3,False,12,False,0
8263,50,Female,28,43.16,1191.08,Two year,Credit card,No,No,Yes,Yes,Yes,4,115.8,6,1,False,24,False,0
8264,65,Male,15,63.14,963.33,Month-to-month,Credit card,DSL,No,Yes,No,No,9,11.3,3,2,False,1,True,1
8265,42,Female,5,119.93,623.31,One year,Credit card,Fiber optic,No,No,Yes,No,6,32.0,2,0,False,12,False,1
8266,35,Female,17,100.13,1635.91,Month-to-month,Bank transfer,Fiber optic,No,Yes,No,No,13,33.8,1,2,False,1,False,0
8267,58,Female,10,86.57,830.35,Two year,Bank transfer,Fiber optic,No,No,No,No,7,96.1,1,1,False,24,False,1
8268,46,Female,8,130.49,1007.83,One year,Electronic check,Fiber optic,No,Yes,Yes,Yes,7,54.4,3,1,True,12,False,1
8269,47,Male,9,84.19,730.78,Two year,Credit card,DSL,No,No,Yes,Yes,9,67.1,0,1,True,24,False,0
8270,32,Female,13,80.96,1082.42,Month-to-month,Bank transfer,DSL,No,No,No,No,6,105.3,3,3,False,1,False,1
8271,19,Female,52,55.9,2968.32,One year,Credit card,No,No,Yes,Yes,Yes,6,43.6,3,1,True,12,False,1
8272,48,Male,31,108.7,3506.0,Month-to-month,Credit card,Fiber optic,Yes,Yes,No,No,7,65.0,4,0,False,1,False,0
8273,58,Male,26,81.54,2076.36,One year,Electronic check,DSL,No,Yes,Yes,Yes,8,75.9,3,2,False,12,False,0
8274,41,Female,15,85.53,1305.99,One year,Credit card,DSL,No,No,Yes,No,6,31.4,1,1,False,12,False,0
8275,66,Female,1,96.33,95.03,Month-to-month,Electronic check,DSL,No,Yes,No,No,6,25.0,4,4,False,1,True,1
8276,34,Male,9,38.74,336.02,Month-to-month,Credit card,No,No,No,No,No,6,114.1,2,2,False,1,False,1
8277,29,Female,40,114.03,4691.67,Month-to-month,Bank transfer,Fiber optic,No,Yes,No,No,6,86.8,1,2,False,1,False,1
8278,43,Female,11,129.19,1438.87,Month-to-month,Electronic check,Fiber optic,No,No,Yes,Yes,6,93.8,2,0,False,1,False,1
8279,43,Female,19,94.81,1838.0,Month-to-month,Credit card,DSL,Yes,No,Yes,Yes,8,24.4,3,3,False,1,False,1
8280,56,Female,5,76.84,371.25,Month-to-month,Bank transfer,DSL,Yes,No,Yes,Yes,11,63.0,3,1,False,1,False,1
8281,33,Female,59,79.3,4746.58,Month-to-month,Mailed check,DSL,No,No,Yes,Yes,7,23.7,1,0,False,1,False,0
8282,65,Female,61,100.73,6027.36,Two year,Electronic check,Fiber optic,Yes,Yes,No,No,4,50.6,2,0,False,24,True,0
8283,74,Female,3,89.31,261.27,Two year,Mailed check,DSL,Yes,No,Yes,Yes,7,120.4,2,1,True,24,True,1
8284,44,Female,30,72.13,2196.29,One year,Bank transfer,DSL,No,Yes,No,No,12,18.7,4,2,False,12,False,0
8285,63,Female,1,68.55,65.29,Month-to-month,Credit card,DSL,Yes,Yes,No,No,6,118.8,4,3,False,1,False,1
8286,29,Male,21,109.24,2386.78,One year,Credit card,Fiber optic,No,No,No,No,13,23.3,1,1,False,12,False,1
8287,61,Male,4,72.26,279.29,Month-to-month,Bank transfer,DSL,No,No,No,No,7,77.3,0,1,False,1,False,1
8288,60,Male,3,115.01,342.24,One year,Credit card,Fiber optic,Yes,No,No,No,12,80.9,1,2,False,12,False,0
8289,57,Female,1,113.96,114.46,Month-to-month,Bank transfer,Fiber optic,Yes,Yes,Yes,Yes,8,52.7,2,1,True,1,False,1
8290,44,Female,67,74.72,5173.89,Month-to-month,Bank transfer,DSL,Yes,Yes,No,No,4,91.5,1,1,True,1,False,0
8291,18,Female,42,96.44,3938.36,One year,Electronic check,DSL,No,Yes,Yes,Yes,8,48.9,3,1,False,12,False,1
8292,35,Male,1,38.33,39.95,Month-to-month,Credit card,No,No,Yes,No,No,10,14.0,0,5,False,1,False,0
8293,35,Male,21,111.08,2285.21,Two year,Bank transfer,Fiber optic,Yes,Yes,No,No,5,83.4,1,3,True,24,False,0
8294,30,Female,6,145.98,879.2,One year,Bank transfer,Fiber optic,No,Yes,Yes,Yes,10,83.6,2,0,False,12,False,0
8295,46,Male,7,70.12,474.6,Month-to-month,Mailed check,DSL,Yes,No,No,No,8,102.9,4,1,False,1,False,1
8296,38,Male,49,47.11,2336.64,One year,Electronic check,No,No,No,Yes,Yes,14,76.3,2,0,False,12,False,1
8297,32,Female,2,52.7,101.78,Month-to-month,Mailed check,DSL,Yes,Yes,No,No,7,35.7,4,3,False,1,False,1
8298,29,Female,22,36.73,774.46,Month-to-month,Credit card,No,No,No,No,No,6,28.0,0,2,False,1,False,1
8299,34,Male,12,59.6,714.6,Month-to-month,Electronic check,No,No,Yes,Yes,No,6,104.0,3,2,False,1,False,1
8300,61,Female,5,115.8,590.44,Month-to-month,Credit card,Fiber optic,No,No,Yes,No,6,45.0,4,1,False,1,False,1
8301,35,Male,14,102.21,1386.1,Month-to-month,Credit card,Fiber optic,Yes,Yes,No,No,10,63.3,2,3,True,1,False,1
8302,37,Male,67,98.07,6278.12,Month-to-month,Bank transfer,Fiber optic,Yes,No,No,No,4,76.2,1,3,True,1,False,0
8303,38,Male,36,75.82,2604.64,Month-to-month,Electronic check,DSL,Yes,No,No,No,7,113.6,2,2,False,1,False,1
8304,50,Female,3,111.05,316.54,Month-to-month,Credit card,Fiber optic,Yes,No,Yes,No,5,108.6,0,3,False,1,False,1
8305,51,Male,45,57.43,2515.54,One year,Bank transfer,No,No,No,Yes,Yes,9,46.7,2,1,False,12,False,1
8306,18,Male,66,99.97,6305.555,Month-to-month,Credit card,DSL,No,Yes,Yes,Yes,9,13.8,2,1,True,1,False,0
8307,60,Female,7,52.15,363.3,Month-to-month,Credit card,No,No,Yes,Yes,No,6,19.1,1,0,False,1,False,0
8308,66,Female,9,117.49,1102.16,Month-to-month,Bank transfer,Fiber optic,Yes,Yes,Yes,Yes,2,119.0,3,1,True,1,True,1
8309,29,Male,3,117.35,343.23,Month-to-month,Electronic check,Fiber optic,No,No,Yes,No,13,119.2,1,4,False,1,False,1
8310,30,Female,10,75.91,795.79,Two year,Bank transfer,DSL,Yes,No,No,No,3,42.5,2,2,True,24,False,0
8311,38,Female,26,87.39,2345.95,One year,Credit card,DSL,Yes,Yes,No,No,5,63.1,4,2,False,12,False,1
8312,33,Male,7,69.22,498.29,Two year,Credit card,No,No,No,Yes,No,9,111.6,2,4,True,24,False,0
8313,48,Female,1,93.45,94.34,Month-to-month,Bank transfer,DSL,Yes,No,Yes,No,10,5.7,1,1,False,1,False,1
8314,18,Male,9,107.7,939.82,One year,Bank transfer,Fiber optic,Yes,Yes,Yes,No,9,44.7,4,3,False,12,False,0
8315,28,Female,14,91.4,1337.4,Two year,Electronic check,Fiber optic,No,No,No,No,5,26.5,3,0,False,24,False,1
8316,68,Female,20,59.52,1227.35,Month-to-month,Bank transfer,DSL,Yes,No,No,No,12,115.0,1,2,False,1,True,0
8317,31,Male,27,123.54,3446.45,Month-to-month,Credit card,Fiber optic,Yes,No,Yes,Yes,8,80.9,3,0,False,1,False,1
8318,63,Male,1,83.48,86.7,Month-to-month,Bank transfer,DSL,Yes,Yes,Yes,No,5,51.4,1,1,False,1,False,1
8319,50,Female,15,98.43,1440.7,Two year,Mailed check,Fiber optic,Yes,No,Yes,No,9,10.0,5,4,False,24,False,1
8320,18,Female,7,95.05,689.94,Month-to-month,Bank transfer,DSL,No,Yes,Yes,No,7,107.9,4,1,True,1,False,1
8321,54,Female,70,119.4,6305.555,One year,Credit card,Fiber optic,No,Yes,Yes,Yes,9,98.6,5,1,False,12,False,1
8322,43,Male,10,36.09,366.43,Month-to-month,Credit card,No,No,No,No,No,6,6.1,0,3,False,1,False,1
8323,38,Female,2,104.51,218.65,Two year,Credit card,DSL,No,No,Yes,Yes,8,45.7,2,3,False,24,False,1
8324,48,Male,1,111.23,115.66,One year,Bank transfer,Fiber optic,Yes,Yes,Yes,Yes,8,37.8,1,2,False,12,False,1
8325,52,Female,7,132.49,904.22,Two year,Credit card,Fiber optic,Yes,No,Yes,Yes,11,68.5,2,2,True,24,False,0
8326,55,Female,4,109.18,446.93,Two year,Mailed check,DSL,Yes,Yes,Yes,Yes,6,73.6,2,3,False,24,False,1
8327,62,Female,25,139.36,3598.76,One year,Bank transfer,Fiber optic,Yes,No,Yes,No,13,63.1,3,2,False,12,False,1
8328,51,Female,45,56.7,2536.54,One year,Bank transfer,No,No,No,Yes,Yes,6,120.8,4,2,False,12,False,1
8329,24,Female,8,53.88,414.1,One year,Mailed check,No,No,No,Yes,No,7,89.4,2,1,False,12,False,0
8330,37,Male,20,86.99,1707.47,Month-to-month,Credit card,DSL,No,Yes,Yes,No,9,85.0,0,2,False,1,False,0
8331,80,Male,31,106.99,3394.36,Month-to-month,Bank transfer,Fiber optic,No,No,No,No,9,66.8,3,0,False,1,True,1
8332,55,Male,12,104.14,1260.58,Month-to-month,Bank transfer,Fiber optic,No,Yes,No,No,6,12.2,2,5,False,1,False,1
8333,80,Female,1,34.56,35.5,Month-to-month,Electronic check,No,No,Yes,Yes,Yes,8,98.1,0,2,False,1,True,1
8334,65,Male,6,73.15,456.3,Two year,Credit card,DSL,Yes,No,Yes,Yes,13,57.8,3,1,False,24,True,1
8335,48,Male,51,98.88,4955.13,Month-to-month,Bank transfer,Fiber optic,No,Yes,Yes,No,6,112.0,1,3,True,1,False,1
8336,49,Female,41,40.58,1695.05,One year,Bank transfer,No,No,No,No,No,5,11.6,2,1,False,12,False,0
8337,44,Female,2,31.23,59.94,Month-to-month,Electronic check,No,No,No,No,No,8,14.4,6,6,False,1,False,1
8338,18,Male,6,132.1,805.64,Month-to-month,Electronic check,Fiber optic,Yes,Yes,Yes,Yes,4,112.0,2,4,False,1,False,1
8339,45,Male,35,93.79,3130.25,Month-to-month,Electronic check,DSL,Yes,No,Yes,No,7,97.5,0,1,False,1,False,0
8340,63,Male,15,98.22,1436.76,Month-to-month,Credit card,Fiber optic,Yes,No,Yes,Yes,3,112.3,0,3,False,1,False,1
8341,36,Male,34,79.95,2704.21,Month-to-month,Bank transfer,DSL,No,No,No,No,9,86.3,0,3,True,1,False,0
8342,51,Male,5,98.14,507.64,One year,Credit card,Fiber optic,No,No,No,No,10,102.6,0,3,False,12,False,1
8343,57,Male,71,114.82,6305.555,One year,Credit card,Fiber optic,No,Yes,No,No,14,37.4,0,1,True,12,False,0
8344,31,Male,36,93.2,3449.11,One year,Electronic check,DSL,No,Yes,Yes,Yes,12,37.9,1,2,True,12,False,1
8345,38,Female,5,74.41,374.45,One year,Credit card,DSL,No,Yes,Yes,Yes,10,53.3,3,0,False,12,False,1
8346,29,Male,19,86.1,1628.88,Two year,Electronic check,DSL,Yes,No,Yes,Yes,9,120.9,2,1,False,24,False,1
8347,32,Female,2,77.77,157.75,One year,Credit card,DSL,Yes,Yes,Yes,No,7,56.3,4,1,False,12,False,0
8348,25,Female,10,101.07,994.99,Month-to-month,Bank transfer,Fiber optic,No,No,Yes,No,7,118.3,3,1,True,1,False,1
8349,31,Female,25,68.07,1785.92,Month-to-month,Bank transfer,DSL,No,Yes,No,No,8,11.9,1,1,False,1,False,1
8350,66,Male,9,100.98,873.42,Month-to-month,Credit card,Fiber optic,Yes,No,No,No,6,73.8,0,2,True,1,True,1
8351,31,Male,25,142.3,3428.92,Month-to-month,Credit card,Fiber optic,Yes,No,Yes,Yes,11,96.0,3,0,False,1,False,1
8352,46,Female,6,125.66,782.91,Month-to-month,Credit card,Fiber optic,No,Yes,Yes,No,6,70.2,2,0,True,1,False,1
8353,37,Male,30,52.34,1526.1,Two year,Credit card,DSL,Yes,No,No,No,4,42.7,3,4,False,24,False,1
8354,62,Male,10,101.87,973.99,Month-to-month,Electronic check,Fiber optic,No,No,Yes,Yes,4,105.9,0,2,False,1,False,1
8355,64,Female,37,37.38,1437.14,One year,Bank transfer,No,No,Yes,No,No,5,100.2,3,2,False,12,False,0
8356,57,Male,3,77.98,223.7,Month-to-month,Credit card,DSL,No,No,Yes,Yes,8,93.4,1,1,False,1,False,1
8357,49,Female,10,91.75,950.51,Month-to-month,Bank transfer,DSL,No,No,Yes,Yes,9,65.4,1,0,True,1,False,1
8358,41,Female,14,113.74,1597.23,Two year,Credit card,Fiber optic,No,Yes,No,No,4,35.3,4,0,False,24,False,1
8359,27,Female,13,122.64,1599.79,Month-to-month,Credit card,Fiber optic,No,Yes,Yes,Yes,11,114.3,0,1,False,1,False,0
8360,74,Female,13,54.89,687.23,Two year,Electronic check,DSL,No,No,No,No,5,128.5,3,2,True,24,True,1
8361,33,Male,14,69.53,986.11,Month-to-month,Electronic check,No,No,No,Yes,No,10,117.0,1,1,True,1,False,1
8362,54,Female,71,137.94,6305.555,Two year,Bank transfer,Fiber optic,Yes,Yes,Yes,Yes,3,63.2,3,4,True,24,False,0
8363,60,Male,5,138.76,684.27,One year,Electronic check,Fiber optic,No,No,Yes,Yes,11,45.0,1,3,True,12,False,1
8364,36,Male,35,93.88,3350.55,One year,Bank transfer,DSL,No,No,Yes,Yes,9,37.9,3,2,True,12,False,0
8365,60,Male,19,76.59,1508.73,Two year,Credit card,DSL,Yes,No,Yes,Yes,6,76.3,1,1,False,24,False,0
8366,56,Male,12,89.78,1102.29,Month-to-month,Bank transfer,DSL,Yes,No,Yes,Yes,6,109.7,1,0,False,1,False,1
8367,70,Female,24,100.46,2454.9,Month-to-month,Electronic check,DSL,No,No,Yes,Yes,6,98.6,2,1,False,1,True,1
8368,37,Female,46,61.08,2918.17,Month-to-month,Bank transfer,No,No,No,Yes,Yes,7,28.7,4,1,True,1,False,1
8369,25,Female,15,98.74,1540.38,Month-to-month,Electronic check,Fiber optic,Yes,Yes,No,No,9,72.1,4,1,True,1,False,1
8370,37,Female,48,132.04,6305.555,Month-to-month,Electronic check,Fiber optic,No,Yes,Yes,No,9,40.8,1,1,False,1,False,0
8371,48,Female,2,42.82,88.38,Two year,Credit card,No,No,No,Yes,Yes,8,87.7,2,4,False,24,False,1
8372,45,Male,25,78.46,1910.76,Month-to-month,Mailed check,DSL,No,No,No,No,7,110.4,2,0,True,1,False,1
8373,39,Female,9,73.88,676.97,Two year,Credit card,DSL,Yes,No,Yes,Yes,7,7.0,1,2,False,24,False,1
8374,18,Male,11,38.81,426.45,Two year,Mailed check,No,No,No,No,No,10,42.3,2,3,True,24,False,0
8375,52,Male,20,86.48,1789.98,One year,Bank transfer,Fiber optic,Yes,Yes,No,No,5,95.3,1,1,True,12,False,0
8376,74,Female,15,102.28,1604.92,Two year,Credit card,Fiber optic,No,Yes,Yes,No,9,21.7,1,0,False,24,True,0
8377,51,Male,11,110.48,1187.0,One year,Bank transfer,Fiber optic,No,Yes,No,No,6,63.2,2,4,False,12,False,1
8378,54,Male,8,117.66,957.41,Month-to-month,Bank transfer,Fiber optic,No,Yes,No,No,13,46.6,0,3,False,1,False,1
8379,53,Female,23,110.26,2625.97,One year,Credit card,Fiber optic,Yes,No,Yes,No,16,22.7,5,1,False,12,False,1
8380,50,Female,16,136.14,2217.8,One year,Electronic check,Fiber optic,Yes,No,Yes,Yes,10,24.8,5,2,True,12,False,1
8381,58,Female,9,50.86,466.35,Month-to-month,Bank transfer,No,No,No,Yes,Yes,9,92.7,1,0,False,1,False,1
8382,50,Male,5,130.76,674.56,Month-to-month,Bank transfer,Fiber optic,No,Yes,Yes,Yes,10,95.6,1,3,True,1,False,1
8383,40,Female,35,96.33,3439.85,Month-to-month,Electronic check,Fiber optic,Yes,No,No,No,6,82.8,1,1,False,1,False,1
8384,33,Female,38,72.0,2825.48,Month-to-month,Bank transfer,DSL,Yes,No,No,No,13,86.3,2,1,False,1,False,1
8385,41,Male,5,57.02,299.1,Two year,Electronic check,DSL,No,Yes,No,No,6,66.3,2,2,True,24,False,1
8386,49,Female,7,101.41,713.0,Month-to-month,Bank transfer,Fiber optic,No,Yes,Yes,Yes,6,28.4,4,2,False,1,False,1
8387,40,Male,6,58.48,356.7,Month-to-month,Bank transfer,DSL,No,Yes,No,No,11,33.4,2,4,False,1,False,1
8388,49,Male,51,44.92,2317.32,Month-to-month,Mailed check,No,No,No,No,No,6,48.5,2,3,True,1,False,1
8389,51,Female,35,126.75,4339.51,Month-to-month,Bank transfer,Fiber optic,No,Yes,Yes,Yes,6,102.5,0,2,True,1,False,0
8390,57,Male,1,38.42,39.7,Month-to-month,Bank transfer,No,No,Yes,No,No,12,127.3,4,0,False,1,False,1
8391,64,Male,42,85.38,3545.19,Month-to-month,Bank transfer,DSL,No,No,Yes,Yes,5,81.3,3,4,True,1,False,1
8392,46,Female,1,47.11,49.25,Two year,Credit card,No,No,Yes,Yes,Yes,7,66.8,2,1,False,24,False,0
8393,25,Female,7,119.14,861.25,Month-to-month,Electronic check,Fiber optic,Yes,No,Yes,Yes,6,18.8,2,1,True,1,False,0
